-- Table: accounts_audit_log
CREATE TABLE `accounts_audit_log` (
  `id` bigint NOT NULL AUTO_INCREMENT,
  `action` varchar(10) NOT NULL,
  `view_name` varchar(255) NOT NULL,
  `path` varchar(255) NOT NULL,
  `method` varchar(10) NOT NULL,
  `model_name` varchar(255) NOT NULL,
  `object_id` varchar(255) DEFAULT NULL,
  `timestamp` datetime(6) NOT NULL,
  `details` longtext NOT NULL,
  `changes` json DEFAULT NULL,
  `ip_address` char(39) DEFAULT NULL,
  `browser` varchar(255) NOT NULL,
  `status_code` int DEFAULT NULL,
  `related_object` varchar(255) DEFAULT NULL,
  `user_id` bigint DEFAULT NULL,
  PRIMARY KEY (`id`)
) ENGINE=InnoDB AUTO_INCREMENT=101 DEFAULT CHARSET=utf8mb4 COLLATE=utf8mb4_0900_ai_ci;

INSERT INTO accounts_audit_log (id, action, view_name, path, method, model_name, object_id, timestamp, details, changes, ip_address, browser, status_code, related_object, user_id) VALUES (1, 'read', '', '', '', 'HTTP Request', NULL, 2025-09-20 17:12:17.948748, 'GET /usb-key-validator/dashboard/', NULL, '127.0.0.1', 'Mozilla/5.0 (Windows NT 10.0; Win64; x64) AppleWebKit/537.36 (KHTML, like Gecko) Chrome/140.0.0.0 Safari/537.36 Edg/140.0.0.0', 200, NULL, 2);
INSERT INTO accounts_audit_log (id, action, view_name, path, method, model_name, object_id, timestamp, details, changes, ip_address, browser, status_code, related_object, user_id) VALUES (2, 'read', '', '', '', 'HTTP Request', NULL, 2025-09-20 17:12:19.942937, 'GET /usb-key-validator/dashboard/', NULL, '127.0.0.1', 'Mozilla/5.0 (Windows NT 10.0; Win64; x64) AppleWebKit/537.36 (KHTML, like Gecko) Chrome/140.0.0.0 Safari/537.36 Edg/140.0.0.0', 200, NULL, 2);
INSERT INTO accounts_audit_log (id, action, view_name, path, method, model_name, object_id, timestamp, details, changes, ip_address, browser, status_code, related_object, user_id) VALUES (3, 'read', '', '', '', 'HTTP Request', NULL, 2025-09-20 17:12:23.266003, 'GET /usb-key-validator/enhanced/', NULL, '127.0.0.1', 'Mozilla/5.0 (Windows NT 10.0; Win64; x64) AppleWebKit/537.36 (KHTML, like Gecko) Chrome/140.0.0.0 Safari/537.36 Edg/140.0.0.0', 200, NULL, 2);
INSERT INTO accounts_audit_log (id, action, view_name, path, method, model_name, object_id, timestamp, details, changes, ip_address, browser, status_code, related_object, user_id) VALUES (4, 'create', '', '', '', 'HTTP Request', NULL, 2025-09-20 17:12:28.149094, 'POST /usb-key-validator/enhanced/', NULL, '127.0.0.1', 'Mozilla/5.0 (Windows NT 10.0; Win64; x64) AppleWebKit/537.36 (KHTML, like Gecko) Chrome/140.0.0.0 Safari/537.36 Edg/140.0.0.0', 200, NULL, 2);
INSERT INTO accounts_audit_log (id, action, view_name, path, method, model_name, object_id, timestamp, details, changes, ip_address, browser, status_code, related_object, user_id) VALUES (5, 'create', '', '', '', 'HTTP Request', NULL, 2025-09-20 17:12:33.221482, 'POST /usb-key-validator/enhanced/', NULL, '127.0.0.1', 'Mozilla/5.0 (Windows NT 10.0; Win64; x64) AppleWebKit/537.36 (KHTML, like Gecko) Chrome/140.0.0.0 Safari/537.36 Edg/140.0.0.0', 200, NULL, 2);
INSERT INTO accounts_audit_log (id, action, view_name, path, method, model_name, object_id, timestamp, details, changes, ip_address, browser, status_code, related_object, user_id) VALUES (6, 'create', '', '', '', 'HTTP Request', NULL, 2025-09-20 17:12:41.262267, 'POST /usb-key-validator/enhanced/', NULL, '127.0.0.1', 'Mozilla/5.0 (Windows NT 10.0; Win64; x64) AppleWebKit/537.36 (KHTML, like Gecko) Chrome/140.0.0.0 Safari/537.36 Edg/140.0.0.0', 200, NULL, 2);
INSERT INTO accounts_audit_log (id, action, view_name, path, method, model_name, object_id, timestamp, details, changes, ip_address, browser, status_code, related_object, user_id) VALUES (7, 'create', '', '', '', 'HTTP Request', NULL, 2025-09-20 17:12:45.669770, 'POST /usb-key-validator/enhanced/', NULL, '127.0.0.1', 'Mozilla/5.0 (Windows NT 10.0; Win64; x64) AppleWebKit/537.36 (KHTML, like Gecko) Chrome/140.0.0.0 Safari/537.36 Edg/140.0.0.0', 200, NULL, 2);
INSERT INTO accounts_audit_log (id, action, view_name, path, method, model_name, object_id, timestamp, details, changes, ip_address, browser, status_code, related_object, user_id) VALUES (8, 'create', '', '', '', 'HTTP Request', NULL, 2025-09-20 17:12:49.725446, 'POST /usb-key-validator/enhanced/', NULL, '127.0.0.1', 'Mozilla/5.0 (Windows NT 10.0; Win64; x64) AppleWebKit/537.36 (KHTML, like Gecko) Chrome/140.0.0.0 Safari/537.36 Edg/140.0.0.0', 200, NULL, 2);
INSERT INTO accounts_audit_log (id, action, view_name, path, method, model_name, object_id, timestamp, details, changes, ip_address, browser, status_code, related_object, user_id) VALUES (9, 'read', '', '', '', 'HTTP Request', NULL, 2025-09-20 17:12:55.921871, 'GET /usb-key-validator/', NULL, '127.0.0.1', 'Mozilla/5.0 (Windows NT 10.0; Win64; x64) AppleWebKit/537.36 (KHTML, like Gecko) Chrome/140.0.0.0 Safari/537.36 Edg/140.0.0.0', 200, NULL, 2);
INSERT INTO accounts_audit_log (id, action, view_name, path, method, model_name, object_id, timestamp, details, changes, ip_address, browser, status_code, related_object, user_id) VALUES (10, 'read', '', '', '', 'HTTP Request', NULL, 2025-09-20 17:12:59.027977, 'GET /usb-key-validator/dashboard/', NULL, '127.0.0.1', 'Mozilla/5.0 (Windows NT 10.0; Win64; x64) AppleWebKit/537.36 (KHTML, like Gecko) Chrome/140.0.0.0 Safari/537.36 Edg/140.0.0.0', 200, NULL, 2);
INSERT INTO accounts_audit_log (id, action, view_name, path, method, model_name, object_id, timestamp, details, changes, ip_address, browser, status_code, related_object, user_id) VALUES (11, 'read', '', '', '', 'HTTP Request', NULL, 2025-09-20 17:13:07.259236, 'GET /usb-key-validator/enhanced/', NULL, '127.0.0.1', 'Mozilla/5.0 (Windows NT 10.0; Win64; x64) AppleWebKit/537.36 (KHTML, like Gecko) Chrome/140.0.0.0 Safari/537.36 Edg/140.0.0.0', 200, NULL, 2);
INSERT INTO accounts_audit_log (id, action, view_name, path, method, model_name, object_id, timestamp, details, changes, ip_address, browser, status_code, related_object, user_id) VALUES (12, 'read', '', '', '', 'HTTP Request', NULL, 2025-09-20 17:14:12.981614, 'GET /usb-key-validator/enhanced/', NULL, '127.0.0.1', 'Mozilla/5.0 (Windows NT 10.0; Win64; x64) AppleWebKit/537.36 (KHTML, like Gecko) Chrome/140.0.0.0 Safari/537.36 Edg/140.0.0.0', 200, NULL, 2);
INSERT INTO accounts_audit_log (id, action, view_name, path, method, model_name, object_id, timestamp, details, changes, ip_address, browser, status_code, related_object, user_id) VALUES (13, 'create', '', '', '', 'HTTP Request', NULL, 2025-09-20 17:14:14.841333, 'POST /usb-key-validator/enhanced/', NULL, '127.0.0.1', 'Mozilla/5.0 (Windows NT 10.0; Win64; x64) AppleWebKit/537.36 (KHTML, like Gecko) Chrome/140.0.0.0 Safari/537.36 Edg/140.0.0.0', 200, NULL, 2);
INSERT INTO accounts_audit_log (id, action, view_name, path, method, model_name, object_id, timestamp, details, changes, ip_address, browser, status_code, related_object, user_id) VALUES (14, 'read', '', '', '', 'HTTP Request', NULL, 2025-09-20 17:15:05.168914, 'GET /usb-key-validator/enhanced/', NULL, '127.0.0.1', 'Mozilla/5.0 (Windows NT 10.0; Win64; x64) AppleWebKit/537.36 (KHTML, like Gecko) Chrome/140.0.0.0 Safari/537.36 Edg/140.0.0.0', 200, NULL, 2);
INSERT INTO accounts_audit_log (id, action, view_name, path, method, model_name, object_id, timestamp, details, changes, ip_address, browser, status_code, related_object, user_id) VALUES (15, 'create', '', '', '', 'HTTP Request', NULL, 2025-09-20 17:15:06.979198, 'POST /usb-key-validator/ajax/action/', NULL, '127.0.0.1', 'Mozilla/5.0 (Windows NT 10.0; Win64; x64) AppleWebKit/537.36 (KHTML, like Gecko) Chrome/140.0.0.0 Safari/537.36 Edg/140.0.0.0', 200, NULL, 2);
INSERT INTO accounts_audit_log (id, action, view_name, path, method, model_name, object_id, timestamp, details, changes, ip_address, browser, status_code, related_object, user_id) VALUES (16, 'create', '', '', '', 'HTTP Request', NULL, 2025-09-20 17:16:52.263867, 'POST /usb-key-validator/ajax/action/', NULL, '127.0.0.1', 'Mozilla/5.0 (Windows NT 10.0; Win64; x64) AppleWebKit/537.36 (KHTML, like Gecko) Chrome/140.0.0.0 Safari/537.36 Edg/140.0.0.0', 400, NULL, 2);
INSERT INTO accounts_audit_log (id, action, view_name, path, method, model_name, object_id, timestamp, details, changes, ip_address, browser, status_code, related_object, user_id) VALUES (17, 'read', '', '', '', 'HTTP Request', NULL, 2025-09-20 17:16:59.089698, 'GET /usb-key-validator/dashboard/', NULL, '127.0.0.1', 'Mozilla/5.0 (Windows NT 10.0; Win64; x64) AppleWebKit/537.36 (KHTML, like Gecko) Chrome/140.0.0.0 Safari/537.36 Edg/140.0.0.0', 200, NULL, 2);
INSERT INTO accounts_audit_log (id, action, view_name, path, method, model_name, object_id, timestamp, details, changes, ip_address, browser, status_code, related_object, user_id) VALUES (18, 'read', '', '', '', 'HTTP Request', NULL, 2025-09-20 17:17:05.125656, 'GET /usb-key-validator/enhanced/', NULL, '127.0.0.1', 'Mozilla/5.0 (Windows NT 10.0; Win64; x64) AppleWebKit/537.36 (KHTML, like Gecko) Chrome/140.0.0.0 Safari/537.36 Edg/140.0.0.0', 200, NULL, 2);
INSERT INTO accounts_audit_log (id, action, view_name, path, method, model_name, object_id, timestamp, details, changes, ip_address, browser, status_code, related_object, user_id) VALUES (19, 'read', '', '', '', 'HTTP Request', NULL, 2025-09-20 17:17:14.209061, 'GET /usb-key-validator/dashboard/', NULL, '127.0.0.1', 'Mozilla/5.0 (Windows NT 10.0; Win64; x64) AppleWebKit/537.36 (KHTML, like Gecko) Chrome/140.0.0.0 Safari/537.36 Edg/140.0.0.0', 200, NULL, 2);
INSERT INTO accounts_audit_log (id, action, view_name, path, method, model_name, object_id, timestamp, details, changes, ip_address, browser, status_code, related_object, user_id) VALUES (20, 'read', '', '', '', 'HTTP Request', NULL, 2025-09-20 17:17:21.161214, 'GET /usb-key-validator/enhanced/', NULL, '127.0.0.1', 'Mozilla/5.0 (Windows NT 10.0; Win64; x64) AppleWebKit/537.36 (KHTML, like Gecko) Chrome/140.0.0.0 Safari/537.36 Edg/140.0.0.0', 200, NULL, 2);
INSERT INTO accounts_audit_log (id, action, view_name, path, method, model_name, object_id, timestamp, details, changes, ip_address, browser, status_code, related_object, user_id) VALUES (21, 'read', '', '', '', 'HTTP Request', NULL, 2025-09-20 17:21:44.475258, 'GET /usb-key-validator/enhanced/', NULL, '127.0.0.1', 'python-requests/2.32.3', 302, NULL, NULL);
INSERT INTO accounts_audit_log (id, action, view_name, path, method, model_name, object_id, timestamp, details, changes, ip_address, browser, status_code, related_object, user_id) VALUES (22, 'read', '', '', '', 'HTTP Request', NULL, 2025-09-20 17:21:44.526473, 'GET /accounts/login/', NULL, '127.0.0.1', 'python-requests/2.32.3', 200, NULL, NULL);
INSERT INTO accounts_audit_log (id, action, view_name, path, method, model_name, object_id, timestamp, details, changes, ip_address, browser, status_code, related_object, user_id) VALUES (23, 'read', '', '', '', 'HTTP Request', NULL, 2025-09-20 17:21:44.589883, 'GET /usb-key-validator/enhanced/', NULL, '127.0.0.1', 'python-requests/2.32.3', 302, NULL, NULL);
INSERT INTO accounts_audit_log (id, action, view_name, path, method, model_name, object_id, timestamp, details, changes, ip_address, browser, status_code, related_object, user_id) VALUES (24, 'read', '', '', '', 'HTTP Request', NULL, 2025-09-20 17:21:44.654046, 'GET /accounts/login/', NULL, '127.0.0.1', 'python-requests/2.32.3', 200, NULL, NULL);
INSERT INTO accounts_audit_log (id, action, view_name, path, method, model_name, object_id, timestamp, details, changes, ip_address, browser, status_code, related_object, user_id) VALUES (25, 'read', '', '', '', 'HTTP Request', NULL, 2025-09-20 17:21:44.711683, 'GET /usb-key-validator/dashboard/', NULL, '127.0.0.1', 'python-requests/2.32.3', 302, NULL, NULL);
INSERT INTO accounts_audit_log (id, action, view_name, path, method, model_name, object_id, timestamp, details, changes, ip_address, browser, status_code, related_object, user_id) VALUES (26, 'read', '', '', '', 'HTTP Request', NULL, 2025-09-20 17:21:44.773694, 'GET /accounts/login/', NULL, '127.0.0.1', 'python-requests/2.32.3', 200, NULL, NULL);
INSERT INTO accounts_audit_log (id, action, view_name, path, method, model_name, object_id, timestamp, details, changes, ip_address, browser, status_code, related_object, user_id) VALUES (27, 'read', '', '', '', 'HTTP Request', NULL, 2025-09-20 17:21:44.834730, 'GET /accounts/set_time_lock/', NULL, '127.0.0.1', 'python-requests/2.32.3', 302, NULL, NULL);
INSERT INTO accounts_audit_log (id, action, view_name, path, method, model_name, object_id, timestamp, details, changes, ip_address, browser, status_code, related_object, user_id) VALUES (28, 'read', '', '', '', 'HTTP Request', NULL, 2025-09-20 17:21:44.906680, 'GET /accounts/login/', NULL, '127.0.0.1', 'python-requests/2.32.3', 200, NULL, NULL);
INSERT INTO accounts_audit_log (id, action, view_name, path, method, model_name, object_id, timestamp, details, changes, ip_address, browser, status_code, related_object, user_id) VALUES (29, 'read', '', '', '', 'HTTP Request', NULL, 2025-09-20 17:22:16.400227, 'GET /usb-key-validator/enhanced/', NULL, '127.0.0.1', 'Mozilla/5.0 (Windows NT 10.0; Win64; x64) AppleWebKit/537.36 (KHTML, like Gecko) Chrome/140.0.0.0 Safari/537.36 Edg/140.0.0.0', 200, NULL, 2);
INSERT INTO accounts_audit_log (id, action, view_name, path, method, model_name, object_id, timestamp, details, changes, ip_address, browser, status_code, related_object, user_id) VALUES (30, 'create', '', '', '', 'HTTP Request', NULL, 2025-09-20 17:22:19.500927, 'POST /usb-key-validator/enhanced/', NULL, '127.0.0.1', 'Mozilla/5.0 (Windows NT 10.0; Win64; x64) AppleWebKit/537.36 (KHTML, like Gecko) Chrome/140.0.0.0 Safari/537.36 Edg/140.0.0.0', 200, NULL, 2);
INSERT INTO accounts_audit_log (id, action, view_name, path, method, model_name, object_id, timestamp, details, changes, ip_address, browser, status_code, related_object, user_id) VALUES (31, 'create', '', '', '', 'HTTP Request', NULL, 2025-09-20 17:22:21.459850, 'POST /usb-key-validator/enhanced/', NULL, '127.0.0.1', 'Mozilla/5.0 (Windows NT 10.0; Win64; x64) AppleWebKit/537.36 (KHTML, like Gecko) Chrome/140.0.0.0 Safari/537.36 Edg/140.0.0.0', 200, NULL, 2);
INSERT INTO accounts_audit_log (id, action, view_name, path, method, model_name, object_id, timestamp, details, changes, ip_address, browser, status_code, related_object, user_id) VALUES (32, 'create', '', '', '', 'HTTP Request', NULL, 2025-09-20 17:22:22.836768, 'POST /usb-key-validator/enhanced/', NULL, '127.0.0.1', 'Mozilla/5.0 (Windows NT 10.0; Win64; x64) AppleWebKit/537.36 (KHTML, like Gecko) Chrome/140.0.0.0 Safari/537.36 Edg/140.0.0.0', 200, NULL, 2);
INSERT INTO accounts_audit_log (id, action, view_name, path, method, model_name, object_id, timestamp, details, changes, ip_address, browser, status_code, related_object, user_id) VALUES (33, 'read', '', '', '', 'HTTP Request', NULL, 2025-09-20 17:22:42.824698, 'GET /usb-key-validator/dashboard/', NULL, '127.0.0.1', 'Mozilla/5.0 (Windows NT 10.0; Win64; x64) AppleWebKit/537.36 (KHTML, like Gecko) Chrome/140.0.0.0 Safari/537.36 Edg/140.0.0.0', 200, NULL, 2);
INSERT INTO accounts_audit_log (id, action, view_name, path, method, model_name, object_id, timestamp, details, changes, ip_address, browser, status_code, related_object, user_id) VALUES (34, 'create', '', '', '', 'HTTP Request', NULL, 2025-09-20 17:22:46.788486, 'POST /usb-key-validator/ajax/action/', NULL, '127.0.0.1', 'Mozilla/5.0 (Windows NT 10.0; Win64; x64) AppleWebKit/537.36 (KHTML, like Gecko) Chrome/140.0.0.0 Safari/537.36 Edg/140.0.0.0', 200, NULL, 2);
INSERT INTO accounts_audit_log (id, action, view_name, path, method, model_name, object_id, timestamp, details, changes, ip_address, browser, status_code, related_object, user_id) VALUES (35, 'read', '', '', '', 'HTTP Request', NULL, 2025-09-20 17:22:52.139508, 'GET /usb-key-validator/enhanced/', NULL, '127.0.0.1', 'Mozilla/5.0 (Windows NT 10.0; Win64; x64) AppleWebKit/537.36 (KHTML, like Gecko) Chrome/140.0.0.0 Safari/537.36 Edg/140.0.0.0', 200, NULL, 2);
INSERT INTO accounts_audit_log (id, action, view_name, path, method, model_name, object_id, timestamp, details, changes, ip_address, browser, status_code, related_object, user_id) VALUES (36, 'create', '', '', '', 'HTTP Request', NULL, 2025-09-20 17:22:57.719840, 'POST /usb-key-validator/enhanced/', NULL, '127.0.0.1', 'Mozilla/5.0 (Windows NT 10.0; Win64; x64) AppleWebKit/537.36 (KHTML, like Gecko) Chrome/140.0.0.0 Safari/537.36 Edg/140.0.0.0', 200, NULL, 2);
INSERT INTO accounts_audit_log (id, action, view_name, path, method, model_name, object_id, timestamp, details, changes, ip_address, browser, status_code, related_object, user_id) VALUES (37, 'read', '', '', '', 'HTTP Request', NULL, 2025-09-20 17:24:15.972515, 'GET /', NULL, '152.32.205.193', 'curl/7.29.0', 302, NULL, NULL);
INSERT INTO accounts_audit_log (id, action, view_name, path, method, model_name, object_id, timestamp, details, changes, ip_address, browser, status_code, related_object, user_id) VALUES (38, 'read', '', '', '', 'HTTP Request', NULL, 2025-09-20 17:24:15.975966, 'GET /', NULL, '152.32.205.193', 'curl/7.29.0', 302, NULL, NULL);
INSERT INTO accounts_audit_log (id, action, view_name, path, method, model_name, object_id, timestamp, details, changes, ip_address, browser, status_code, related_object, user_id) VALUES (39, 'read', '', '', '', 'HTTP Request', NULL, 2025-09-20 17:24:15.987312, 'GET /', NULL, '152.32.205.193', 'curl/7.29.0', 302, NULL, NULL);
INSERT INTO accounts_audit_log (id, action, view_name, path, method, model_name, object_id, timestamp, details, changes, ip_address, browser, status_code, related_object, user_id) VALUES (40, 'read', '', '', '', 'HTTP Request', NULL, 2025-09-20 17:24:15.988828, 'GET /', NULL, '152.32.205.193', 'curl/7.29.0', 302, NULL, NULL);
INSERT INTO accounts_audit_log (id, action, view_name, path, method, model_name, object_id, timestamp, details, changes, ip_address, browser, status_code, related_object, user_id) VALUES (41, 'read', '', '', '', 'HTTP Request', NULL, 2025-09-20 17:24:16.007805, 'GET /', NULL, '152.32.128.85', 'curl/7.29.0', 302, NULL, NULL);
INSERT INTO accounts_audit_log (id, action, view_name, path, method, model_name, object_id, timestamp, details, changes, ip_address, browser, status_code, related_object, user_id) VALUES (42, 'read', '', '', '', 'HTTP Request', NULL, 2025-09-20 17:24:16.044462, 'GET /', NULL, '152.32.128.85', 'curl/7.29.0', 302, NULL, NULL);
INSERT INTO accounts_audit_log (id, action, view_name, path, method, model_name, object_id, timestamp, details, changes, ip_address, browser, status_code, related_object, user_id) VALUES (43, 'read', '', '', '', 'HTTP Request', NULL, 2025-09-20 17:24:16.061217, 'GET /', NULL, '152.32.128.85', 'curl/7.29.0', 302, NULL, NULL);
INSERT INTO accounts_audit_log (id, action, view_name, path, method, model_name, object_id, timestamp, details, changes, ip_address, browser, status_code, related_object, user_id) VALUES (44, 'read', '', '', '', 'HTTP Request', NULL, 2025-09-20 17:24:16.071329, 'GET /', NULL, '152.32.128.85', 'curl/7.29.0', 302, NULL, NULL);
INSERT INTO accounts_audit_log (id, action, view_name, path, method, model_name, object_id, timestamp, details, changes, ip_address, browser, status_code, related_object, user_id) VALUES (45, 'read', '', '', '', 'HTTP Request', NULL, 2025-09-20 17:24:24.783706, 'GET /', NULL, '152.32.128.85', 'curl/7.29.0', 302, NULL, NULL);
INSERT INTO accounts_audit_log (id, action, view_name, path, method, model_name, object_id, timestamp, details, changes, ip_address, browser, status_code, related_object, user_id) VALUES (46, 'read', '', '', '', 'HTTP Request', NULL, 2025-09-20 17:24:24.842395, 'GET /', NULL, '152.32.128.85', 'curl/7.29.0', 302, NULL, NULL);
INSERT INTO accounts_audit_log (id, action, view_name, path, method, model_name, object_id, timestamp, details, changes, ip_address, browser, status_code, related_object, user_id) VALUES (47, 'read', '', '', '', 'HTTP Request', NULL, 2025-09-20 17:24:24.861335, 'GET /', NULL, '152.32.128.85', 'curl/7.29.0', 302, NULL, NULL);
INSERT INTO accounts_audit_log (id, action, view_name, path, method, model_name, object_id, timestamp, details, changes, ip_address, browser, status_code, related_object, user_id) VALUES (48, 'read', '', '', '', 'HTTP Request', NULL, 2025-09-20 17:24:24.901415, 'GET /', NULL, '152.32.205.193', 'curl/7.29.0', 302, NULL, NULL);
INSERT INTO accounts_audit_log (id, action, view_name, path, method, model_name, object_id, timestamp, details, changes, ip_address, browser, status_code, related_object, user_id) VALUES (49, 'read', '', '', '', 'HTTP Request', NULL, 2025-09-20 17:24:24.907562, 'GET /', NULL, '152.32.128.85', 'curl/7.29.0', 302, NULL, NULL);
INSERT INTO accounts_audit_log (id, action, view_name, path, method, model_name, object_id, timestamp, details, changes, ip_address, browser, status_code, related_object, user_id) VALUES (50, 'read', '', '', '', 'HTTP Request', NULL, 2025-09-20 17:24:25.033631, 'GET /', NULL, '152.32.205.193', 'curl/7.29.0', 302, NULL, NULL);
INSERT INTO accounts_audit_log (id, action, view_name, path, method, model_name, object_id, timestamp, details, changes, ip_address, browser, status_code, related_object, user_id) VALUES (51, 'read', '', '', '', 'HTTP Request', NULL, 2025-09-20 17:24:25.057740, 'GET /', NULL, '152.32.205.193', 'curl/7.29.0', 302, NULL, NULL);
INSERT INTO accounts_audit_log (id, action, view_name, path, method, model_name, object_id, timestamp, details, changes, ip_address, browser, status_code, related_object, user_id) VALUES (52, 'read', '', '', '', 'HTTP Request', NULL, 2025-09-20 17:24:25.062281, 'GET /', NULL, '152.32.205.193', 'curl/7.29.0', 302, NULL, NULL);
INSERT INTO accounts_audit_log (id, action, view_name, path, method, model_name, object_id, timestamp, details, changes, ip_address, browser, status_code, related_object, user_id) VALUES (53, 'read', '', '', '', 'HTTP Request', NULL, 2025-09-20 17:26:26.151331, 'GET /', NULL, '152.32.213.86', 'curl/7.29.0', 302, NULL, NULL);
INSERT INTO accounts_audit_log (id, action, view_name, path, method, model_name, object_id, timestamp, details, changes, ip_address, browser, status_code, related_object, user_id) VALUES (54, 'read', '', '', '', 'HTTP Request', NULL, 2025-09-20 17:26:26.169339, 'GET /', NULL, '152.32.213.86', 'curl/7.29.0', 302, NULL, NULL);
INSERT INTO accounts_audit_log (id, action, view_name, path, method, model_name, object_id, timestamp, details, changes, ip_address, browser, status_code, related_object, user_id) VALUES (55, 'read', '', '', '', 'HTTP Request', NULL, 2025-09-20 17:26:26.314116, 'GET /', NULL, '152.32.213.86', 'curl/7.29.0', 302, NULL, NULL);
INSERT INTO accounts_audit_log (id, action, view_name, path, method, model_name, object_id, timestamp, details, changes, ip_address, browser, status_code, related_object, user_id) VALUES (56, 'read', '', '', '', 'HTTP Request', NULL, 2025-09-20 17:26:26.318010, 'GET /', NULL, '152.32.213.86', 'curl/7.29.0', 302, NULL, NULL);
INSERT INTO accounts_audit_log (id, action, view_name, path, method, model_name, object_id, timestamp, details, changes, ip_address, browser, status_code, related_object, user_id) VALUES (57, 'read', '', '', '', 'HTTP Request', NULL, 2025-09-20 17:26:34.970027, 'GET /', NULL, '152.32.213.86', 'curl/7.29.0', 302, NULL, NULL);
INSERT INTO accounts_audit_log (id, action, view_name, path, method, model_name, object_id, timestamp, details, changes, ip_address, browser, status_code, related_object, user_id) VALUES (58, 'read', '', '', '', 'HTTP Request', NULL, 2025-09-20 17:26:34.971718, 'GET /', NULL, '152.32.213.86', 'curl/7.29.0', 302, NULL, NULL);
INSERT INTO accounts_audit_log (id, action, view_name, path, method, model_name, object_id, timestamp, details, changes, ip_address, browser, status_code, related_object, user_id) VALUES (59, 'read', '', '', '', 'HTTP Request', NULL, 2025-09-20 17:26:34.990819, 'GET /', NULL, '152.32.213.86', 'curl/7.29.0', 302, NULL, NULL);
INSERT INTO accounts_audit_log (id, action, view_name, path, method, model_name, object_id, timestamp, details, changes, ip_address, browser, status_code, related_object, user_id) VALUES (60, 'read', '', '', '', 'HTTP Request', NULL, 2025-09-20 17:26:35.027220, 'GET /', NULL, '152.32.213.86', 'curl/7.29.0', 302, NULL, NULL);
INSERT INTO accounts_audit_log (id, action, view_name, path, method, model_name, object_id, timestamp, details, changes, ip_address, browser, status_code, related_object, user_id) VALUES (61, 'read', '', '', '', 'HTTP Request', NULL, 2025-09-20 17:46:01.277876, 'GET /accounts/admin_dashboard/', NULL, '127.0.0.1', 'Mozilla/5.0 (Windows NT 10.0; Win64; x64) AppleWebKit/537.36 (KHTML, like Gecko) Chrome/140.0.0.0 Safari/537.36 Edg/140.0.0.0', 200, NULL, 2);
INSERT INTO accounts_audit_log (id, action, view_name, path, method, model_name, object_id, timestamp, details, changes, ip_address, browser, status_code, related_object, user_id) VALUES (62, 'read', '', '', '', 'HTTP Request', NULL, 2025-09-20 17:46:05.645650, 'GET /accounts/audit-logs/', NULL, '127.0.0.1', 'Mozilla/5.0 (Windows NT 10.0; Win64; x64) AppleWebKit/537.36 (KHTML, like Gecko) Chrome/140.0.0.0 Safari/537.36 Edg/140.0.0.0', 200, NULL, 2);
INSERT INTO accounts_audit_log (id, action, view_name, path, method, model_name, object_id, timestamp, details, changes, ip_address, browser, status_code, related_object, user_id) VALUES (63, 'read', '', '', '', 'HTTP Request', NULL, 2025-09-20 17:46:09.040691, 'GET /accounts/audit-logs/', NULL, '127.0.0.1', 'Mozilla/5.0 (Windows NT 10.0; Win64; x64) AppleWebKit/537.36 (KHTML, like Gecko) Chrome/140.0.0.0 Safari/537.36 Edg/140.0.0.0', 200, NULL, 2);
INSERT INTO accounts_audit_log (id, action, view_name, path, method, model_name, object_id, timestamp, details, changes, ip_address, browser, status_code, related_object, user_id) VALUES (64, 'read', '', '', '', 'HTTP Request', NULL, 2025-09-20 17:46:15.753578, 'GET /accounts/audit-logs/', NULL, '127.0.0.1', 'Mozilla/5.0 (Windows NT 10.0; Win64; x64) AppleWebKit/537.36 (KHTML, like Gecko) Chrome/140.0.0.0 Safari/537.36 Edg/140.0.0.0', 200, NULL, 2);
INSERT INTO accounts_audit_log (id, action, view_name, path, method, model_name, object_id, timestamp, details, changes, ip_address, browser, status_code, related_object, user_id) VALUES (65, 'read', '', '', '', 'HTTP Request', NULL, 2025-09-20 17:46:22.072192, 'GET /accounts/audit-logs/', NULL, '127.0.0.1', 'Mozilla/5.0 (Windows NT 10.0; Win64; x64) AppleWebKit/537.36 (KHTML, like Gecko) Chrome/140.0.0.0 Safari/537.36 Edg/140.0.0.0', 200, NULL, 2);
INSERT INTO accounts_audit_log (id, action, view_name, path, method, model_name, object_id, timestamp, details, changes, ip_address, browser, status_code, related_object, user_id) VALUES (66, 'read', '', '', '', 'HTTP Request', NULL, 2025-09-20 17:46:29.845660, 'GET /accounts/audit-logs/', NULL, '127.0.0.1', 'Mozilla/5.0 (Windows NT 10.0; Win64; x64) AppleWebKit/537.36 (KHTML, like Gecko) Chrome/140.0.0.0 Safari/537.36 Edg/140.0.0.0', 200, NULL, 2);
INSERT INTO accounts_audit_log (id, action, view_name, path, method, model_name, object_id, timestamp, details, changes, ip_address, browser, status_code, related_object, user_id) VALUES (67, 'read', '', '', '', 'HTTP Request', NULL, 2025-09-20 17:47:34.582072, 'GET /notifications/inbox/', NULL, '127.0.0.1', 'Mozilla/5.0 (Windows NT 10.0; Win64; x64) AppleWebKit/537.36 (KHTML, like Gecko) Chrome/140.0.0.0 Safari/537.36 Edg/140.0.0.0', 404, NULL, 2);
INSERT INTO accounts_audit_log (id, action, view_name, path, method, model_name, object_id, timestamp, details, changes, ip_address, browser, status_code, related_object, user_id) VALUES (68, 'read', '', '', '', 'HTTP Request', NULL, 2025-09-20 17:47:34.835657, 'GET /favicon.ico', NULL, '127.0.0.1', 'Mozilla/5.0 (Windows NT 10.0; Win64; x64) AppleWebKit/537.36 (KHTML, like Gecko) Chrome/140.0.0.0 Safari/537.36 Edg/140.0.0.0', 302, NULL, 2);
INSERT INTO accounts_audit_log (id, action, view_name, path, method, model_name, object_id, timestamp, details, changes, ip_address, browser, status_code, related_object, user_id) VALUES (69, 'read', '', '', '', 'HTTP Request', NULL, 2025-09-20 17:49:53.676343, 'GET /backup-admin/', NULL, '127.0.0.1', 'Mozilla/5.0 (Windows NT 10.0; Win64; x64) AppleWebKit/537.36 (KHTML, like Gecko) Chrome/140.0.0.0 Safari/537.36 Edg/140.0.0.0', 200, NULL, 2);
INSERT INTO accounts_audit_log (id, action, view_name, path, method, model_name, object_id, timestamp, details, changes, ip_address, browser, status_code, related_object, user_id) VALUES (70, 'read', '', '', '', 'HTTP Request', NULL, 2025-09-20 17:50:01.646957, 'GET /admin/notificationApp/backupschedule/', NULL, '127.0.0.1', 'Mozilla/5.0 (Windows NT 10.0; Win64; x64) AppleWebKit/537.36 (KHTML, like Gecko) Chrome/140.0.0.0 Safari/537.36 Edg/140.0.0.0', 200, NULL, 2);
INSERT INTO accounts_audit_log (id, action, view_name, path, method, model_name, object_id, timestamp, details, changes, ip_address, browser, status_code, related_object, user_id) VALUES (71, 'read', '', '', '', 'HTTP Request', NULL, 2025-09-20 17:50:01.836518, 'GET /admin/jsi18n/', NULL, '127.0.0.1', 'Mozilla/5.0 (Windows NT 10.0; Win64; x64) AppleWebKit/537.36 (KHTML, like Gecko) Chrome/140.0.0.0 Safari/537.36 Edg/140.0.0.0', 200, NULL, 2);
INSERT INTO accounts_audit_log (id, action, view_name, path, method, model_name, object_id, timestamp, details, changes, ip_address, browser, status_code, related_object, user_id) VALUES (72, 'read', '', '', '', 'HTTP Request', NULL, 2025-09-20 17:50:05.415312, 'GET /admin/notificationApp/backupschedule/2/change/', NULL, '127.0.0.1', 'Mozilla/5.0 (Windows NT 10.0; Win64; x64) AppleWebKit/537.36 (KHTML, like Gecko) Chrome/140.0.0.0 Safari/537.36 Edg/140.0.0.0', 200, NULL, 2);
INSERT INTO accounts_audit_log (id, action, view_name, path, method, model_name, object_id, timestamp, details, changes, ip_address, browser, status_code, related_object, user_id) VALUES (73, 'read', '', '', '', 'HTTP Request', NULL, 2025-09-20 17:50:05.557723, 'GET /admin/jsi18n/', NULL, '127.0.0.1', 'Mozilla/5.0 (Windows NT 10.0; Win64; x64) AppleWebKit/537.36 (KHTML, like Gecko) Chrome/140.0.0.0 Safari/537.36 Edg/140.0.0.0', 200, NULL, 2);
INSERT INTO accounts_audit_log (id, action, view_name, path, method, model_name, object_id, timestamp, details, changes, ip_address, browser, status_code, related_object, user_id) VALUES (74, 'read', '', '', '', 'HTTP Request', NULL, 2025-09-20 17:50:14.005415, 'GET /admin/notificationApp/backupschedule/', NULL, '127.0.0.1', 'Mozilla/5.0 (Windows NT 10.0; Win64; x64) AppleWebKit/537.36 (KHTML, like Gecko) Chrome/140.0.0.0 Safari/537.36 Edg/140.0.0.0', 200, NULL, 2);
INSERT INTO accounts_audit_log (id, action, view_name, path, method, model_name, object_id, timestamp, details, changes, ip_address, browser, status_code, related_object, user_id) VALUES (75, 'read', '', '', '', 'HTTP Request', NULL, 2025-09-20 17:51:33.742422, 'GET /', NULL, '127.0.0.1', 'Mozilla/5.0 (Windows NT 10.0; Win64; x64) AppleWebKit/537.36 (KHTML, like Gecko) Chrome/140.0.0.0 Safari/537.36 Edg/140.0.0.0', 200, NULL, 2);
INSERT INTO accounts_audit_log (id, action, view_name, path, method, model_name, object_id, timestamp, details, changes, ip_address, browser, status_code, related_object, user_id) VALUES (76, 'read', '', '', '', 'HTTP Request', NULL, 2025-09-20 17:51:35.389633, 'GET /', NULL, '127.0.0.1', 'Mozilla/5.0 (Windows NT 10.0; Win64; x64) AppleWebKit/537.36 (KHTML, like Gecko) Chrome/140.0.0.0 Safari/537.36 Edg/140.0.0.0', 200, NULL, 2);
INSERT INTO accounts_audit_log (id, action, view_name, path, method, model_name, object_id, timestamp, details, changes, ip_address, browser, status_code, related_object, user_id) VALUES (77, 'read', '', '', '', 'HTTP Request', NULL, 2025-09-20 17:51:44.234011, 'GET /', NULL, '165.154.172.200', 'curl/7.29.0', 302, NULL, NULL);
INSERT INTO accounts_audit_log (id, action, view_name, path, method, model_name, object_id, timestamp, details, changes, ip_address, browser, status_code, related_object, user_id) VALUES (78, 'read', '', '', '', 'HTTP Request', NULL, 2025-09-20 17:51:44.238870, 'GET /', NULL, '165.154.172.200', 'curl/7.29.0', 302, NULL, NULL);
INSERT INTO accounts_audit_log (id, action, view_name, path, method, model_name, object_id, timestamp, details, changes, ip_address, browser, status_code, related_object, user_id) VALUES (79, 'read', '', '', '', 'HTTP Request', NULL, 2025-09-20 17:51:44.241303, 'GET /', NULL, '165.154.172.200', 'curl/7.29.0', 302, NULL, NULL);
INSERT INTO accounts_audit_log (id, action, view_name, path, method, model_name, object_id, timestamp, details, changes, ip_address, browser, status_code, related_object, user_id) VALUES (80, 'read', '', '', '', 'HTTP Request', NULL, 2025-09-20 17:51:44.245984, 'GET /', NULL, '165.154.172.200', 'curl/7.29.0', 302, NULL, NULL);
INSERT INTO accounts_audit_log (id, action, view_name, path, method, model_name, object_id, timestamp, details, changes, ip_address, browser, status_code, related_object, user_id) VALUES (81, 'read', '', '', '', 'HTTP Request', NULL, 2025-09-20 17:51:46.900141, 'GET /', NULL, '152.32.128.214', 'curl/7.29.0', 302, NULL, NULL);
INSERT INTO accounts_audit_log (id, action, view_name, path, method, model_name, object_id, timestamp, details, changes, ip_address, browser, status_code, related_object, user_id) VALUES (82, 'read', '', '', '', 'HTTP Request', NULL, 2025-09-20 17:51:47.213524, 'GET /', NULL, '152.32.128.214', 'curl/7.29.0', 302, NULL, NULL);
INSERT INTO accounts_audit_log (id, action, view_name, path, method, model_name, object_id, timestamp, details, changes, ip_address, browser, status_code, related_object, user_id) VALUES (83, 'read', '', '', '', 'HTTP Request', NULL, 2025-09-20 17:51:47.229654, 'GET /', NULL, '152.32.128.214', 'curl/7.29.0', 302, NULL, NULL);
INSERT INTO accounts_audit_log (id, action, view_name, path, method, model_name, object_id, timestamp, details, changes, ip_address, browser, status_code, related_object, user_id) VALUES (84, 'read', '', '', '', 'HTTP Request', NULL, 2025-09-20 17:51:47.260703, 'GET /', NULL, '152.32.128.214', 'curl/7.29.0', 302, NULL, NULL);
INSERT INTO accounts_audit_log (id, action, view_name, path, method, model_name, object_id, timestamp, details, changes, ip_address, browser, status_code, related_object, user_id) VALUES (85, 'read', '', '', '', 'HTTP Request', NULL, 2025-09-20 17:51:52.641458, 'GET /', NULL, '165.154.172.200', 'curl/7.29.0', 302, NULL, NULL);
INSERT INTO accounts_audit_log (id, action, view_name, path, method, model_name, object_id, timestamp, details, changes, ip_address, browser, status_code, related_object, user_id) VALUES (86, 'read', '', '', '', 'HTTP Request', NULL, 2025-09-20 17:51:52.957775, 'GET /', NULL, '165.154.172.200', 'curl/7.29.0', 302, NULL, NULL);
INSERT INTO accounts_audit_log (id, action, view_name, path, method, model_name, object_id, timestamp, details, changes, ip_address, browser, status_code, related_object, user_id) VALUES (87, 'read', '', '', '', 'HTTP Request', NULL, 2025-09-20 17:51:53.012582, 'GET /', NULL, '165.154.172.200', 'curl/7.29.0', 302, NULL, NULL);
INSERT INTO accounts_audit_log (id, action, view_name, path, method, model_name, object_id, timestamp, details, changes, ip_address, browser, status_code, related_object, user_id) VALUES (88, 'read', '', '', '', 'HTTP Request', NULL, 2025-09-20 17:51:53.017212, 'GET /', NULL, '165.154.172.200', 'curl/7.29.0', 302, NULL, NULL);
INSERT INTO accounts_audit_log (id, action, view_name, path, method, model_name, object_id, timestamp, details, changes, ip_address, browser, status_code, related_object, user_id) VALUES (89, 'read', '', '', '', 'HTTP Request', NULL, 2025-09-20 17:51:53.161512, 'GET /', NULL, '127.0.0.1', 'Mozilla/5.0 (Windows NT 10.0; Win64; x64) AppleWebKit/537.36 (KHTML, like Gecko) Chrome/140.0.0.0 Safari/537.36 Edg/140.0.0.0', 200, NULL, 2);
INSERT INTO accounts_audit_log (id, action, view_name, path, method, model_name, object_id, timestamp, details, changes, ip_address, browser, status_code, related_object, user_id) VALUES (90, 'read', '', '', '', 'HTTP Request', NULL, 2025-09-20 17:51:55.846730, 'GET /', NULL, '152.32.128.214', 'curl/7.29.0', 302, NULL, NULL);
INSERT INTO accounts_audit_log (id, action, view_name, path, method, model_name, object_id, timestamp, details, changes, ip_address, browser, status_code, related_object, user_id) VALUES (91, 'read', '', '', '', 'HTTP Request', NULL, 2025-09-20 17:51:55.944736, 'GET /', NULL, '152.32.128.214', 'curl/7.29.0', 302, NULL, NULL);
INSERT INTO accounts_audit_log (id, action, view_name, path, method, model_name, object_id, timestamp, details, changes, ip_address, browser, status_code, related_object, user_id) VALUES (92, 'read', '', '', '', 'HTTP Request', NULL, 2025-09-20 17:51:56.186746, 'GET /', NULL, '152.32.128.214', 'curl/7.29.0', 302, NULL, NULL);
INSERT INTO accounts_audit_log (id, action, view_name, path, method, model_name, object_id, timestamp, details, changes, ip_address, browser, status_code, related_object, user_id) VALUES (93, 'read', '', '', '', 'HTTP Request', NULL, 2025-09-20 17:51:56.192041, 'GET /', NULL, '152.32.128.214', 'curl/7.29.0', 302, NULL, NULL);
INSERT INTO accounts_audit_log (id, action, view_name, path, method, model_name, object_id, timestamp, details, changes, ip_address, browser, status_code, related_object, user_id) VALUES (94, 'read', '', '', '', 'HTTP Request', NULL, 2025-09-20 17:52:20.358299, 'GET /', NULL, '127.0.0.1', 'Mozilla/5.0 (Windows NT 10.0; Win64; x64) AppleWebKit/537.36 (KHTML, like Gecko) Chrome/140.0.0.0 Safari/537.36 Edg/140.0.0.0', 200, NULL, 2);
INSERT INTO accounts_audit_log (id, action, view_name, path, method, model_name, object_id, timestamp, details, changes, ip_address, browser, status_code, related_object, user_id) VALUES (95, 'read', '', '', '', 'HTTP Request', NULL, 2025-09-20 17:52:29.814025, 'GET /guide/', NULL, '127.0.0.1', 'Mozilla/5.0 (Windows NT 10.0; Win64; x64) AppleWebKit/537.36 (KHTML, like Gecko) Chrome/140.0.0.0 Safari/537.36 Edg/140.0.0.0', 500, NULL, 2);
INSERT INTO accounts_audit_log (id, action, view_name, path, method, model_name, object_id, timestamp, details, changes, ip_address, browser, status_code, related_object, user_id) VALUES (96, 'read', '', '', '', 'HTTP Request', NULL, 2025-09-20 17:52:30.056064, 'GET /favicon.ico', NULL, '127.0.0.1', 'Mozilla/5.0 (Windows NT 10.0; Win64; x64) AppleWebKit/537.36 (KHTML, like Gecko) Chrome/140.0.0.0 Safari/537.36 Edg/140.0.0.0', 302, NULL, 2);
INSERT INTO accounts_audit_log (id, action, view_name, path, method, model_name, object_id, timestamp, details, changes, ip_address, browser, status_code, related_object, user_id) VALUES (97, 'read', '', '', '', 'HTTP Request', NULL, 2025-09-20 17:54:48.830824, 'GET /', NULL, '127.0.0.1', 'Mozilla/5.0 (Windows NT 10.0; Win64; x64) AppleWebKit/537.36 (KHTML, like Gecko) Chrome/140.0.0.0 Safari/537.36 Edg/140.0.0.0', 200, NULL, 2);
INSERT INTO accounts_audit_log (id, action, view_name, path, method, model_name, object_id, timestamp, details, changes, ip_address, browser, status_code, related_object, user_id) VALUES (98, 'read', '', '', '', 'HTTP Request', NULL, 2025-09-20 17:55:51.930622, 'GET /', NULL, '127.0.0.1', 'Mozilla/5.0 (Windows NT 10.0; Win64; x64) AppleWebKit/537.36 (KHTML, like Gecko) Chrome/140.0.0.0 Safari/537.36 Edg/140.0.0.0', 200, NULL, 2);
INSERT INTO accounts_audit_log (id, action, view_name, path, method, model_name, object_id, timestamp, details, changes, ip_address, browser, status_code, related_object, user_id) VALUES (99, 'read', '', '', '', 'HTTP Request', NULL, 2025-09-20 17:55:56.854132, 'GET /', NULL, '127.0.0.1', 'Mozilla/5.0 (Windows NT 10.0; Win64; x64) AppleWebKit/537.36 (KHTML, like Gecko) Chrome/140.0.0.0 Safari/537.36 Edg/140.0.0.0', 200, NULL, 2);
INSERT INTO accounts_audit_log (id, action, view_name, path, method, model_name, object_id, timestamp, details, changes, ip_address, browser, status_code, related_object, user_id) VALUES (100, 'read', '', '', '', 'HTTP Request', NULL, 2025-09-20 17:55:59.943737, 'GET /', NULL, '127.0.0.1', 'Mozilla/5.0 (Windows NT 10.0; Win64; x64) AppleWebKit/537.36 (KHTML, like Gecko) Chrome/140.0.0.0 Safari/537.36 Edg/140.0.0.0', 200, NULL, 2);

-- Table: django_migrations
CREATE TABLE `django_migrations` (
  `id` int NOT NULL AUTO_INCREMENT,
  `app` varchar(255) NOT NULL,
  `name` varchar(255) NOT NULL,
  `applied` datetime(6) NOT NULL,
  PRIMARY KEY (`id`)
) ENGINE=InnoDB AUTO_INCREMENT=20 DEFAULT CHARSET=utf8mb4 COLLATE=utf8mb4_0900_ai_ci;

INSERT INTO django_migrations (id, app, name, applied) VALUES (1, 'contenttypes', '0001_initial', 2025-09-20 06:51:32.005885);
INSERT INTO django_migrations (id, app, name, applied) VALUES (2, 'contenttypes', '0002_remove_content_type_name', 2025-09-20 06:51:32.031613);
INSERT INTO django_migrations (id, app, name, applied) VALUES (3, 'auth', '0001_initial', 2025-09-20 06:51:32.039004);
INSERT INTO django_migrations (id, app, name, applied) VALUES (4, 'auth', '0002_alter_permission_name_max_length', 2025-09-20 06:51:32.047185);
INSERT INTO django_migrations (id, app, name, applied) VALUES (5, 'auth', '0003_alter_user_email_max_length', 2025-09-20 06:51:32.051808);
INSERT INTO django_migrations (id, app, name, applied) VALUES (6, 'auth', '0004_alter_user_username_opts', 2025-09-20 06:51:32.061735);
INSERT INTO django_migrations (id, app, name, applied) VALUES (7, 'auth', '0005_alter_user_last_login_null', 2025-09-20 06:51:32.067034);
INSERT INTO django_migrations (id, app, name, applied) VALUES (8, 'auth', '0006_require_contenttypes_0002', 2025-09-20 06:51:32.069697);
INSERT INTO django_migrations (id, app, name, applied) VALUES (9, 'auth', '0007_alter_validators_add_error_messages', 2025-09-20 06:51:32.079417);
INSERT INTO django_migrations (id, app, name, applied) VALUES (10, 'auth', '0008_alter_user_username_max_length', 2025-09-20 06:51:32.085118);
INSERT INTO django_migrations (id, app, name, applied) VALUES (11, 'auth', '0009_alter_user_last_name_max_length', 2025-09-20 06:51:32.093290);
INSERT INTO django_migrations (id, app, name, applied) VALUES (12, 'auth', '0010_alter_group_name_max_length', 2025-09-20 06:51:32.098326);
INSERT INTO django_migrations (id, app, name, applied) VALUES (13, 'auth', '0011_update_proxy_permissions', 2025-09-20 06:51:32.101773);
INSERT INTO django_migrations (id, app, name, applied) VALUES (14, 'auth', '0012_alter_user_first_name_max_length', 2025-09-20 06:51:32.110120);
INSERT INTO django_migrations (id, app, name, applied) VALUES (15, 'accounts', '0001_initial', 2025-09-20 06:52:13.328340);
INSERT INTO django_migrations (id, app, name, applied) VALUES (16, 'version_tracker', '0001_initial', 2025-09-20 06:52:13.331732);
INSERT INTO django_migrations (id, app, name, applied) VALUES (17, 'version_tracker', '0002_remove_codechangelog_new_code_and_more', 2025-09-20 06:52:13.335229);
INSERT INTO django_migrations (id, app, name, applied) VALUES (18, 'version_tracker', '0001_initial', 2025-09-20 10:39:27);
INSERT INTO django_migrations (id, app, name, applied) VALUES (19, 'version_tracker', '0002_remove_codechangelog_new_code_and_more', 2025-09-20 10:39:27);

-- Table: version_tracker_appversion
CREATE TABLE `version_tracker_appversion` (
  `id` bigint NOT NULL AUTO_INCREMENT,
  `app_name` varchar(100) COLLATE utf8mb4_unicode_ci NOT NULL,
  `version_number` varchar(20) COLLATE utf8mb4_unicode_ci NOT NULL,
  `version_type` varchar(10) COLLATE utf8mb4_unicode_ci NOT NULL,
  `release_date` datetime(6) NOT NULL,
  `code_hash` varchar(64) COLLATE utf8mb4_unicode_ci NOT NULL,
  `changed_files` json NOT NULL,
  `system_info` json NOT NULL,
  `author_id` bigint NOT NULL,
  `major` int unsigned NOT NULL DEFAULT '0',
  `minor` int unsigned NOT NULL DEFAULT '0',
  `patch` int unsigned NOT NULL DEFAULT '0',
  `build` int unsigned NOT NULL DEFAULT '0',
  `previous_version_id` bigint DEFAULT NULL,
  `is_final` tinyint(1) NOT NULL DEFAULT '0',
  `is_active` tinyint(1) NOT NULL DEFAULT '1',
  PRIMARY KEY (`id`),
  UNIQUE KEY `unique_version` (`app_name`,`major`,`minor`,`patch`,`build`),
  KEY `idx_app_name` (`app_name`),
  KEY `idx_version_number` (`version_number`),
  KEY `idx_release_date` (`release_date`)
) ENGINE=InnoDB AUTO_INCREMENT=4 DEFAULT CHARSET=utf8mb4 COLLATE=utf8mb4_unicode_ci;

INSERT INTO version_tracker_appversion (id, app_name, version_number, version_type, release_date, code_hash, changed_files, system_info, author_id, major, minor, patch, build, previous_version_id, is_final, is_active) VALUES (1, 'core', '1.0.0.0', 'major', 2025-09-20 07:09:58.075476, '355545b029f03a0b2875c6deead9d56c8b288612a1a4b6f6d04b33883c1079c9', '["Added: admin.py", "Added: apps.py", "Added: constants.py", "Added: context_processors.py", "Added: forms.py", "Added: models.py", "Added: PermissionBase.py", "Added: PermissionBase_Optimized.py", "Added: signal.py", "Added: tests.py", "Added: urls.py", "Added: urls_executive_dashboard.py", "Added: urls_workflow_management.py", "Added: version.py", "Added: views.py", "Added: views_executive_dashboard.py", "Added: views_export.py", "Added: views_reportlab.py", "Added: views_workflow_management.py", "Added: workflow_config.py", "Added: workflow_management.py", "Added: __init__.py", "Added: AccessRule\\forms_accessrule.py", "Added: AccessRule\\views_accessrule.py", "Added: AccessRule\\__init__.py", "Added: Branch\\forms_branch.py", "Added: Branch\\views_branch.py", "Added: Core_Doc\\core_doc.html", "Added: management\\commands\\setup_workflow_rules.py", "Added: RCMS_Lock\\help.html", "Added: RCMS_Lock\\security.py", "Added: RCMS_Lock\\views.py", "Added: RCMS_Lock\\__init__.py", "Added: templatetags\\file_tags.py", "Added: templatetags\\rcms_custom_filters.py", "Added: views_API\\views_api.py", "Added: views_API\\__init__.py", "Added: workflow\\forms_workflow.py", "Added: workflow\\views_Action.py", "Added: workflow\\views_Transition.py", "Added: workflow\\views_workflow.py"]', '{"machine": "AMD64", "os_name": "Windows", "hostname": "Never", "username": "BlackMan", "processor": "Intel64 Family 6 Model 186 Stepping 3, GenuineIntel", "os_version": "10.0.26100"}', 1, 1, 0, 0, 0, NULL, 0, 1);
INSERT INTO version_tracker_appversion (id, app_name, version_number, version_type, release_date, code_hash, changed_files, system_info, author_id, major, minor, patch, build, previous_version_id, is_final, is_active) VALUES (2, 'version_tracker', '1.0.0.0', 'major', 2025-09-20 07:09:58.127361, '2f50cad7ebbe8963d6bcc8c2731b55eab8d83d4db043e8bb39e8347ecfe44662', '["Added: admin.py", "Added: apps.py", "Added: forms.py", "Added: middleware.py", "Added: models.py", "Added: signals.py", "Added: tests.py", "Added: test_version_logic.py", "Added: urls.py", "Added: version.py", "Added: version_watcher.py", "Added: views.py", "Added: __init__.py", "Added: management\\commands\\check_versions.py", "Added: management\\commands\\cleanup_old_data.py", "Added: management\\commands\\create_logs_tables.py", "Added: management\\commands\\create_tables_direct.py", "Added: management\\commands\\migrate_to_logs_db.py", "Added: management\\commands\\optimize_database.py", "Added: management\\commands\\setup_logs_database.py", "Added: management\\commands\\update_versions.py", "Added: templatetags\\version_tags.py", "Added: templatetags\\__init__.py"]', '{"machine": "AMD64", "os_name": "Windows", "hostname": "Never", "username": "BlackMan", "processor": "Intel64 Family 6 Model 186 Stepping 3, GenuineIntel", "os_version": "10.0.26100"}', 1, 1, 0, 0, 0, NULL, 0, 1);
INSERT INTO version_tracker_appversion (id, app_name, version_number, version_type, release_date, code_hash, changed_files, system_info, author_id, major, minor, patch, build, previous_version_id, is_final, is_active) VALUES (3, 'accounts', '1.0.0.0', 'major', 2025-09-20 07:09:58.167719, 'a747e1da9eaf1afcd528825afd6d2c5a19e818132368e73dcac7293cc8a6a9a1', '["Added: admin.py", "Added: apps.py", "Added: DashboardReset.py", "Added: forms.py", "Added: has_role_permission.py", "Added: Heartbeat.py", "Added: middleware.py", "Added: mixins.py", "Added: models.py", "Added: routers.py", "Added: signals.py", "Added: tests.py", "Added: urls.py", "Added: utils.py", "Added: version.py", "Added: views.py", "Added: __init__.py", "Added: AccessRule\\check_user_access.py", "Added: AccessRule\\__init__.py", "Added: RCMS_Lock\\help.html", "Added: RCMS_Lock\\security.py", "Added: RCMS_Lock\\views.py", "Added: RCMS_Lock\\__init__.py", "Added: templatetags\\access_filter.py", "Added: templatetags\\active_users_tags.py", "Added: templatetags\\custome_filter_permissions.py"]', '{"machine": "AMD64", "os_name": "Windows", "hostname": "Never", "username": "BlackMan", "processor": "Intel64 Family 6 Model 186 Stepping 3, GenuineIntel", "os_version": "10.0.26100"}', 1, 1, 0, 0, 0, NULL, 0, 1);

-- Table: version_tracker_codechangelog
CREATE TABLE `version_tracker_codechangelog` (
  `id` bigint NOT NULL AUTO_INCREMENT,
  `version_id` bigint NOT NULL,
  `file_name` varchar(255) COLLATE utf8mb4_unicode_ci NOT NULL,
  `change_type` varchar(20) COLLATE utf8mb4_unicode_ci NOT NULL,
  `change_date` datetime(6) NOT NULL,
  PRIMARY KEY (`id`),
  UNIQUE KEY `unique_version_file` (`version_id`,`file_name`),
  KEY `idx_version` (`version_id`),
  KEY `idx_change_date` (`change_date`)
) ENGINE=InnoDB AUTO_INCREMENT=91 DEFAULT CHARSET=utf8mb4 COLLATE=utf8mb4_unicode_ci;

INSERT INTO version_tracker_codechangelog (id, version_id, file_name, change_type, change_date) VALUES (1, 1, 'admin.py', 'ADDED', 2025-09-20 07:09:58.104440);
INSERT INTO version_tracker_codechangelog (id, version_id, file_name, change_type, change_date) VALUES (2, 1, 'apps.py', 'ADDED', 2025-09-20 07:09:58.104501);
INSERT INTO version_tracker_codechangelog (id, version_id, file_name, change_type, change_date) VALUES (3, 1, 'constants.py', 'ADDED', 2025-09-20 07:09:58.104522);
INSERT INTO version_tracker_codechangelog (id, version_id, file_name, change_type, change_date) VALUES (4, 1, 'context_processors.py', 'ADDED', 2025-09-20 07:09:58.104542);
INSERT INTO version_tracker_codechangelog (id, version_id, file_name, change_type, change_date) VALUES (5, 1, 'forms.py', 'ADDED', 2025-09-20 07:09:58.104561);
INSERT INTO version_tracker_codechangelog (id, version_id, file_name, change_type, change_date) VALUES (6, 1, 'models.py', 'ADDED', 2025-09-20 07:09:58.104579);
INSERT INTO version_tracker_codechangelog (id, version_id, file_name, change_type, change_date) VALUES (7, 1, 'PermissionBase.py', 'ADDED', 2025-09-20 07:09:58.104597);
INSERT INTO version_tracker_codechangelog (id, version_id, file_name, change_type, change_date) VALUES (8, 1, 'PermissionBase_Optimized.py', 'ADDED', 2025-09-20 07:09:58.104617);
INSERT INTO version_tracker_codechangelog (id, version_id, file_name, change_type, change_date) VALUES (9, 1, 'signal.py', 'ADDED', 2025-09-20 07:09:58.104635);
INSERT INTO version_tracker_codechangelog (id, version_id, file_name, change_type, change_date) VALUES (10, 1, 'tests.py', 'ADDED', 2025-09-20 07:09:58.104653);
INSERT INTO version_tracker_codechangelog (id, version_id, file_name, change_type, change_date) VALUES (11, 1, 'urls.py', 'ADDED', 2025-09-20 07:09:58.104669);
INSERT INTO version_tracker_codechangelog (id, version_id, file_name, change_type, change_date) VALUES (12, 1, 'urls_executive_dashboard.py', 'ADDED', 2025-09-20 07:09:58.104686);
INSERT INTO version_tracker_codechangelog (id, version_id, file_name, change_type, change_date) VALUES (13, 1, 'urls_workflow_management.py', 'ADDED', 2025-09-20 07:09:58.104704);
INSERT INTO version_tracker_codechangelog (id, version_id, file_name, change_type, change_date) VALUES (14, 1, 'version.py', 'ADDED', 2025-09-20 07:09:58.104721);
INSERT INTO version_tracker_codechangelog (id, version_id, file_name, change_type, change_date) VALUES (15, 1, 'views.py', 'ADDED', 2025-09-20 07:09:58.104737);
INSERT INTO version_tracker_codechangelog (id, version_id, file_name, change_type, change_date) VALUES (16, 1, 'views_executive_dashboard.py', 'ADDED', 2025-09-20 07:09:58.104756);
INSERT INTO version_tracker_codechangelog (id, version_id, file_name, change_type, change_date) VALUES (17, 1, 'views_export.py', 'ADDED', 2025-09-20 07:09:58.104773);
INSERT INTO version_tracker_codechangelog (id, version_id, file_name, change_type, change_date) VALUES (18, 1, 'views_reportlab.py', 'ADDED', 2025-09-20 07:09:58.104789);
INSERT INTO version_tracker_codechangelog (id, version_id, file_name, change_type, change_date) VALUES (19, 1, 'views_workflow_management.py', 'ADDED', 2025-09-20 07:09:58.104805);
INSERT INTO version_tracker_codechangelog (id, version_id, file_name, change_type, change_date) VALUES (20, 1, 'workflow_config.py', 'ADDED', 2025-09-20 07:09:58.104823);
INSERT INTO version_tracker_codechangelog (id, version_id, file_name, change_type, change_date) VALUES (21, 1, 'workflow_management.py', 'ADDED', 2025-09-20 07:09:58.104839);
INSERT INTO version_tracker_codechangelog (id, version_id, file_name, change_type, change_date) VALUES (22, 1, '__init__.py', 'ADDED', 2025-09-20 07:09:58.104855);
INSERT INTO version_tracker_codechangelog (id, version_id, file_name, change_type, change_date) VALUES (23, 1, 'AccessRule\forms_accessrule.py', 'ADDED', 2025-09-20 07:09:58.104870);
INSERT INTO version_tracker_codechangelog (id, version_id, file_name, change_type, change_date) VALUES (24, 1, 'AccessRule\views_accessrule.py', 'ADDED', 2025-09-20 07:09:58.104886);
INSERT INTO version_tracker_codechangelog (id, version_id, file_name, change_type, change_date) VALUES (25, 1, 'AccessRule\__init__.py', 'ADDED', 2025-09-20 07:09:58.104902);
INSERT INTO version_tracker_codechangelog (id, version_id, file_name, change_type, change_date) VALUES (26, 1, 'Branch\forms_branch.py', 'ADDED', 2025-09-20 07:09:58.104918);
INSERT INTO version_tracker_codechangelog (id, version_id, file_name, change_type, change_date) VALUES (27, 1, 'Branch\views_branch.py', 'ADDED', 2025-09-20 07:09:58.104935);
INSERT INTO version_tracker_codechangelog (id, version_id, file_name, change_type, change_date) VALUES (28, 1, 'Core_Doc\core_doc.html', 'ADDED', 2025-09-20 07:09:58.104953);
INSERT INTO version_tracker_codechangelog (id, version_id, file_name, change_type, change_date) VALUES (29, 1, 'management\commands\setup_workflow_rules.py', 'ADDED', 2025-09-20 07:09:58.104970);
INSERT INTO version_tracker_codechangelog (id, version_id, file_name, change_type, change_date) VALUES (30, 1, 'RCMS_Lock\help.html', 'ADDED', 2025-09-20 07:09:58.104986);
INSERT INTO version_tracker_codechangelog (id, version_id, file_name, change_type, change_date) VALUES (31, 1, 'RCMS_Lock\security.py', 'ADDED', 2025-09-20 07:09:58.105002);
INSERT INTO version_tracker_codechangelog (id, version_id, file_name, change_type, change_date) VALUES (32, 1, 'RCMS_Lock\views.py', 'ADDED', 2025-09-20 07:09:58.105017);
INSERT INTO version_tracker_codechangelog (id, version_id, file_name, change_type, change_date) VALUES (33, 1, 'RCMS_Lock\__init__.py', 'ADDED', 2025-09-20 07:09:58.105033);
INSERT INTO version_tracker_codechangelog (id, version_id, file_name, change_type, change_date) VALUES (34, 1, 'templatetags\file_tags.py', 'ADDED', 2025-09-20 07:09:58.105049);
INSERT INTO version_tracker_codechangelog (id, version_id, file_name, change_type, change_date) VALUES (35, 1, 'templatetags\rcms_custom_filters.py', 'ADDED', 2025-09-20 07:09:58.105065);
INSERT INTO version_tracker_codechangelog (id, version_id, file_name, change_type, change_date) VALUES (36, 1, 'views_API\views_api.py', 'ADDED', 2025-09-20 07:09:58.105081);
INSERT INTO version_tracker_codechangelog (id, version_id, file_name, change_type, change_date) VALUES (37, 1, 'views_API\__init__.py', 'ADDED', 2025-09-20 07:09:58.105097);
INSERT INTO version_tracker_codechangelog (id, version_id, file_name, change_type, change_date) VALUES (38, 1, 'workflow\forms_workflow.py', 'ADDED', 2025-09-20 07:09:58.105113);
INSERT INTO version_tracker_codechangelog (id, version_id, file_name, change_type, change_date) VALUES (39, 1, 'workflow\views_Action.py', 'ADDED', 2025-09-20 07:09:58.105129);
INSERT INTO version_tracker_codechangelog (id, version_id, file_name, change_type, change_date) VALUES (40, 1, 'workflow\views_Transition.py', 'ADDED', 2025-09-20 07:09:58.105145);
INSERT INTO version_tracker_codechangelog (id, version_id, file_name, change_type, change_date) VALUES (41, 1, 'workflow\views_workflow.py', 'ADDED', 2025-09-20 07:09:58.105161);
INSERT INTO version_tracker_codechangelog (id, version_id, file_name, change_type, change_date) VALUES (42, 2, 'admin.py', 'ADDED', 2025-09-20 07:09:58.142781);
INSERT INTO version_tracker_codechangelog (id, version_id, file_name, change_type, change_date) VALUES (43, 2, 'apps.py', 'ADDED', 2025-09-20 07:09:58.142814);
INSERT INTO version_tracker_codechangelog (id, version_id, file_name, change_type, change_date) VALUES (44, 2, 'forms.py', 'ADDED', 2025-09-20 07:09:58.142825);
INSERT INTO version_tracker_codechangelog (id, version_id, file_name, change_type, change_date) VALUES (45, 2, 'middleware.py', 'ADDED', 2025-09-20 07:09:58.142836);
INSERT INTO version_tracker_codechangelog (id, version_id, file_name, change_type, change_date) VALUES (46, 2, 'models.py', 'ADDED', 2025-09-20 07:09:58.142846);
INSERT INTO version_tracker_codechangelog (id, version_id, file_name, change_type, change_date) VALUES (47, 2, 'signals.py', 'ADDED', 2025-09-20 07:09:58.142856);
INSERT INTO version_tracker_codechangelog (id, version_id, file_name, change_type, change_date) VALUES (48, 2, 'tests.py', 'ADDED', 2025-09-20 07:09:58.142867);
INSERT INTO version_tracker_codechangelog (id, version_id, file_name, change_type, change_date) VALUES (49, 2, 'test_version_logic.py', 'ADDED', 2025-09-20 07:09:58.142877);
INSERT INTO version_tracker_codechangelog (id, version_id, file_name, change_type, change_date) VALUES (50, 2, 'urls.py', 'ADDED', 2025-09-20 07:09:58.142887);
INSERT INTO version_tracker_codechangelog (id, version_id, file_name, change_type, change_date) VALUES (51, 2, 'version.py', 'ADDED', 2025-09-20 07:09:58.142898);
INSERT INTO version_tracker_codechangelog (id, version_id, file_name, change_type, change_date) VALUES (52, 2, 'version_watcher.py', 'ADDED', 2025-09-20 07:09:58.142908);
INSERT INTO version_tracker_codechangelog (id, version_id, file_name, change_type, change_date) VALUES (53, 2, 'views.py', 'ADDED', 2025-09-20 07:09:58.142916);
INSERT INTO version_tracker_codechangelog (id, version_id, file_name, change_type, change_date) VALUES (54, 2, '__init__.py', 'ADDED', 2025-09-20 07:09:58.142925);
INSERT INTO version_tracker_codechangelog (id, version_id, file_name, change_type, change_date) VALUES (55, 2, 'management\commands\check_versions.py', 'ADDED', 2025-09-20 07:09:58.142939);
INSERT INTO version_tracker_codechangelog (id, version_id, file_name, change_type, change_date) VALUES (56, 2, 'management\commands\cleanup_old_data.py', 'ADDED', 2025-09-20 07:09:58.142950);
INSERT INTO version_tracker_codechangelog (id, version_id, file_name, change_type, change_date) VALUES (57, 2, 'management\commands\create_logs_tables.py', 'ADDED', 2025-09-20 07:09:58.142958);
INSERT INTO version_tracker_codechangelog (id, version_id, file_name, change_type, change_date) VALUES (58, 2, 'management\commands\create_tables_direct.py', 'ADDED', 2025-09-20 07:09:58.142966);
INSERT INTO version_tracker_codechangelog (id, version_id, file_name, change_type, change_date) VALUES (59, 2, 'management\commands\migrate_to_logs_db.py', 'ADDED', 2025-09-20 07:09:58.142975);
INSERT INTO version_tracker_codechangelog (id, version_id, file_name, change_type, change_date) VALUES (60, 2, 'management\commands\optimize_database.py', 'ADDED', 2025-09-20 07:09:58.142984);
INSERT INTO version_tracker_codechangelog (id, version_id, file_name, change_type, change_date) VALUES (61, 2, 'management\commands\setup_logs_database.py', 'ADDED', 2025-09-20 07:09:58.142992);
INSERT INTO version_tracker_codechangelog (id, version_id, file_name, change_type, change_date) VALUES (62, 2, 'management\commands\update_versions.py', 'ADDED', 2025-09-20 07:09:58.143000);
INSERT INTO version_tracker_codechangelog (id, version_id, file_name, change_type, change_date) VALUES (63, 2, 'templatetags\version_tags.py', 'ADDED', 2025-09-20 07:09:58.143009);
INSERT INTO version_tracker_codechangelog (id, version_id, file_name, change_type, change_date) VALUES (64, 2, 'templatetags\__init__.py', 'ADDED', 2025-09-20 07:09:58.143017);
INSERT INTO version_tracker_codechangelog (id, version_id, file_name, change_type, change_date) VALUES (65, 3, 'admin.py', 'ADDED', 2025-09-20 07:09:58.189273);
INSERT INTO version_tracker_codechangelog (id, version_id, file_name, change_type, change_date) VALUES (66, 3, 'apps.py', 'ADDED', 2025-09-20 07:09:58.189303);
INSERT INTO version_tracker_codechangelog (id, version_id, file_name, change_type, change_date) VALUES (67, 3, 'DashboardReset.py', 'ADDED', 2025-09-20 07:09:58.189309);
INSERT INTO version_tracker_codechangelog (id, version_id, file_name, change_type, change_date) VALUES (68, 3, 'forms.py', 'ADDED', 2025-09-20 07:09:58.189314);
INSERT INTO version_tracker_codechangelog (id, version_id, file_name, change_type, change_date) VALUES (69, 3, 'has_role_permission.py', 'ADDED', 2025-09-20 07:09:58.189319);
INSERT INTO version_tracker_codechangelog (id, version_id, file_name, change_type, change_date) VALUES (70, 3, 'Heartbeat.py', 'ADDED', 2025-09-20 07:09:58.189323);
INSERT INTO version_tracker_codechangelog (id, version_id, file_name, change_type, change_date) VALUES (71, 3, 'middleware.py', 'ADDED', 2025-09-20 07:09:58.189329);
INSERT INTO version_tracker_codechangelog (id, version_id, file_name, change_type, change_date) VALUES (72, 3, 'mixins.py', 'ADDED', 2025-09-20 07:09:58.189334);
INSERT INTO version_tracker_codechangelog (id, version_id, file_name, change_type, change_date) VALUES (73, 3, 'models.py', 'ADDED', 2025-09-20 07:09:58.189338);
INSERT INTO version_tracker_codechangelog (id, version_id, file_name, change_type, change_date) VALUES (74, 3, 'routers.py', 'ADDED', 2025-09-20 07:09:58.189343);
INSERT INTO version_tracker_codechangelog (id, version_id, file_name, change_type, change_date) VALUES (75, 3, 'signals.py', 'ADDED', 2025-09-20 07:09:58.189347);
INSERT INTO version_tracker_codechangelog (id, version_id, file_name, change_type, change_date) VALUES (76, 3, 'tests.py', 'ADDED', 2025-09-20 07:09:58.189352);
INSERT INTO version_tracker_codechangelog (id, version_id, file_name, change_type, change_date) VALUES (77, 3, 'urls.py', 'ADDED', 2025-09-20 07:09:58.189356);
INSERT INTO version_tracker_codechangelog (id, version_id, file_name, change_type, change_date) VALUES (78, 3, 'utils.py', 'ADDED', 2025-09-20 07:09:58.189361);
INSERT INTO version_tracker_codechangelog (id, version_id, file_name, change_type, change_date) VALUES (79, 3, 'version.py', 'ADDED', 2025-09-20 07:09:58.189366);
INSERT INTO version_tracker_codechangelog (id, version_id, file_name, change_type, change_date) VALUES (80, 3, 'views.py', 'ADDED', 2025-09-20 07:09:58.189370);
INSERT INTO version_tracker_codechangelog (id, version_id, file_name, change_type, change_date) VALUES (81, 3, '__init__.py', 'ADDED', 2025-09-20 07:09:58.189374);
INSERT INTO version_tracker_codechangelog (id, version_id, file_name, change_type, change_date) VALUES (82, 3, 'AccessRule\check_user_access.py', 'ADDED', 2025-09-20 07:09:58.189380);
INSERT INTO version_tracker_codechangelog (id, version_id, file_name, change_type, change_date) VALUES (83, 3, 'AccessRule\__init__.py', 'ADDED', 2025-09-20 07:09:58.189384);
INSERT INTO version_tracker_codechangelog (id, version_id, file_name, change_type, change_date) VALUES (84, 3, 'RCMS_Lock\help.html', 'ADDED', 2025-09-20 07:09:58.189389);
INSERT INTO version_tracker_codechangelog (id, version_id, file_name, change_type, change_date) VALUES (85, 3, 'RCMS_Lock\security.py', 'ADDED', 2025-09-20 07:09:58.189393);
INSERT INTO version_tracker_codechangelog (id, version_id, file_name, change_type, change_date) VALUES (86, 3, 'RCMS_Lock\views.py', 'ADDED', 2025-09-20 07:09:58.189398);
INSERT INTO version_tracker_codechangelog (id, version_id, file_name, change_type, change_date) VALUES (87, 3, 'RCMS_Lock\__init__.py', 'ADDED', 2025-09-20 07:09:58.189403);
INSERT INTO version_tracker_codechangelog (id, version_id, file_name, change_type, change_date) VALUES (88, 3, 'templatetags\access_filter.py', 'ADDED', 2025-09-20 07:09:58.189408);
INSERT INTO version_tracker_codechangelog (id, version_id, file_name, change_type, change_date) VALUES (89, 3, 'templatetags\active_users_tags.py', 'ADDED', 2025-09-20 07:09:58.189412);
INSERT INTO version_tracker_codechangelog (id, version_id, file_name, change_type, change_date) VALUES (90, 3, 'templatetags\custome_filter_permissions.py', 'ADDED', 2025-09-20 07:09:58.189417);

-- Table: version_tracker_filehash
CREATE TABLE `version_tracker_filehash` (
  `id` bigint NOT NULL AUTO_INCREMENT,
  `app_version_id` bigint NOT NULL,
  `file_path` varchar(255) COLLATE utf8mb4_unicode_ci NOT NULL,
  `hash_value` varchar(64) COLLATE utf8mb4_unicode_ci NOT NULL,
  `timestamp` datetime(6) NOT NULL,
  PRIMARY KEY (`id`),
  UNIQUE KEY `unique_file_version` (`app_version_id`,`file_path`),
  KEY `idx_app_version` (`app_version_id`),
  KEY `idx_timestamp` (`timestamp`)
) ENGINE=InnoDB AUTO_INCREMENT=91 DEFAULT CHARSET=utf8mb4 COLLATE=utf8mb4_unicode_ci;

INSERT INTO version_tracker_filehash (id, app_version_id, file_path, hash_value, timestamp) VALUES (1, 1, 'D:\Design & Source Code\Source Coding\BudgetsSystem\core\admin.py', '155cfdf347af80c199f411ce3112724a6eed80f96a4c40df2d07a9676965761c', 2025-09-20 07:09:58.092165);
INSERT INTO version_tracker_filehash (id, app_version_id, file_path, hash_value, timestamp) VALUES (2, 1, 'D:\Design & Source Code\Source Coding\BudgetsSystem\core\apps.py', '852e22207972af46f0921d97e0abe4a4599e701665de23e3d2b94084cc23eee3', 2025-09-20 07:09:58.092188);
INSERT INTO version_tracker_filehash (id, app_version_id, file_path, hash_value, timestamp) VALUES (3, 1, 'D:\Design & Source Code\Source Coding\BudgetsSystem\core\constants.py', '3ac7217287c0ebbb44fc514e0f8f1aaa264a8d9918966c01831bdf7b862c7f02', 2025-09-20 07:09:58.092195);
INSERT INTO version_tracker_filehash (id, app_version_id, file_path, hash_value, timestamp) VALUES (4, 1, 'D:\Design & Source Code\Source Coding\BudgetsSystem\core\context_processors.py', '0f630d6e75fa946a921c11e479aa51d90b94ce7594a2041ce9795713745f070d', 2025-09-20 07:09:58.092201);
INSERT INTO version_tracker_filehash (id, app_version_id, file_path, hash_value, timestamp) VALUES (5, 1, 'D:\Design & Source Code\Source Coding\BudgetsSystem\core\forms.py', '4c590b57c9cceb580006c0786035ebd82b4fe7064a9ed83d170564fa4ba8d08a', 2025-09-20 07:09:58.092206);
INSERT INTO version_tracker_filehash (id, app_version_id, file_path, hash_value, timestamp) VALUES (6, 1, 'D:\Design & Source Code\Source Coding\BudgetsSystem\core\models.py', 'ca33f80375c97b81f7b37336fb3b6753245620d0fd5041e3f0106bfe3e717353', 2025-09-20 07:09:58.092212);
INSERT INTO version_tracker_filehash (id, app_version_id, file_path, hash_value, timestamp) VALUES (7, 1, 'D:\Design & Source Code\Source Coding\BudgetsSystem\core\PermissionBase.py', '8ae37e9087c6419ac8cf6475f7e1f1ea4575414802947af82229ba7ac37e6ca1', 2025-09-20 07:09:58.092217);
INSERT INTO version_tracker_filehash (id, app_version_id, file_path, hash_value, timestamp) VALUES (8, 1, 'D:\Design & Source Code\Source Coding\BudgetsSystem\core\PermissionBase_Optimized.py', '73990f6c8b934620ac07dc6b3363eaf048acd622a012d28a74e8776eca1a5358', 2025-09-20 07:09:58.092222);
INSERT INTO version_tracker_filehash (id, app_version_id, file_path, hash_value, timestamp) VALUES (9, 1, 'D:\Design & Source Code\Source Coding\BudgetsSystem\core\signal.py', 'df8ed6ba255e8b516d8853693ccc396a7a54de428ec407d70ab397158d48a583', 2025-09-20 07:09:58.092227);
INSERT INTO version_tracker_filehash (id, app_version_id, file_path, hash_value, timestamp) VALUES (10, 1, 'D:\Design & Source Code\Source Coding\BudgetsSystem\core\tests.py', '6f7c560f5070adb663470fb1f471d7c2e2495c1652f351ac7738b4ed04880352', 2025-09-20 07:09:58.092236);
INSERT INTO version_tracker_filehash (id, app_version_id, file_path, hash_value, timestamp) VALUES (11, 1, 'D:\Design & Source Code\Source Coding\BudgetsSystem\core\urls.py', '0dd88aab334802bbbb46abd0283cffdeecbb7c312bdd3268528ec37ff86c1249', 2025-09-20 07:09:58.092241);
INSERT INTO version_tracker_filehash (id, app_version_id, file_path, hash_value, timestamp) VALUES (12, 1, 'D:\Design & Source Code\Source Coding\BudgetsSystem\core\urls_executive_dashboard.py', '25e34a387e2dbb262edd3aee9b120ad172c77329383049986b5a23ea460981e4', 2025-09-20 07:09:58.092246);
INSERT INTO version_tracker_filehash (id, app_version_id, file_path, hash_value, timestamp) VALUES (13, 1, 'D:\Design & Source Code\Source Coding\BudgetsSystem\core\urls_workflow_management.py', '2dee949db2039e96cfd77e53af0ed38acf87638c2eebe640805eea41722c0974', 2025-09-20 07:09:58.092251);
INSERT INTO version_tracker_filehash (id, app_version_id, file_path, hash_value, timestamp) VALUES (14, 1, 'D:\Design & Source Code\Source Coding\BudgetsSystem\core\version.py', '55af22a45ebe1563697acc92d106c53c0cd5bfad3729e5041a3caef9671c55d7', 2025-09-20 07:09:58.092256);
INSERT INTO version_tracker_filehash (id, app_version_id, file_path, hash_value, timestamp) VALUES (15, 1, 'D:\Design & Source Code\Source Coding\BudgetsSystem\core\views.py', 'eb2c1611a37b76f7a2fef4e2e3ecda14760463c85c29310ab59a9f3c31bc47e4', 2025-09-20 07:09:58.092261);
INSERT INTO version_tracker_filehash (id, app_version_id, file_path, hash_value, timestamp) VALUES (16, 1, 'D:\Design & Source Code\Source Coding\BudgetsSystem\core\views_executive_dashboard.py', 'd8c801b8f381fab9e26d76cf1b307b5d50e1491db0b4ec84345e412071993743', 2025-09-20 07:09:58.092266);
INSERT INTO version_tracker_filehash (id, app_version_id, file_path, hash_value, timestamp) VALUES (17, 1, 'D:\Design & Source Code\Source Coding\BudgetsSystem\core\views_export.py', 'acd7a37b2dd9262a04f700530702e799d8b78879bddd3c08c08032813dbd8f0c', 2025-09-20 07:09:58.092271);
INSERT INTO version_tracker_filehash (id, app_version_id, file_path, hash_value, timestamp) VALUES (18, 1, 'D:\Design & Source Code\Source Coding\BudgetsSystem\core\views_reportlab.py', '6cc3b738e84cae1b82533cc5b2f349f9322f894dcb5c650a89a1e8226f5a7194', 2025-09-20 07:09:58.092277);
INSERT INTO version_tracker_filehash (id, app_version_id, file_path, hash_value, timestamp) VALUES (19, 1, 'D:\Design & Source Code\Source Coding\BudgetsSystem\core\views_workflow_management.py', '0439b1f82bba09877d5ef8a4196229e8d5f51350b87bb69970b0a6cd202eaa75', 2025-09-20 07:09:58.092282);
INSERT INTO version_tracker_filehash (id, app_version_id, file_path, hash_value, timestamp) VALUES (20, 1, 'D:\Design & Source Code\Source Coding\BudgetsSystem\core\workflow_config.py', 'e3b0c44298fc1c149afbf4c8996fb92427ae41e4649b934ca495991b7852b855', 2025-09-20 07:09:58.092287);
INSERT INTO version_tracker_filehash (id, app_version_id, file_path, hash_value, timestamp) VALUES (21, 1, 'D:\Design & Source Code\Source Coding\BudgetsSystem\core\workflow_management.py', 'e0d1841d0dc329fb45af95aba3869888f72176d99be4a98a7eaca79feb8b283e', 2025-09-20 07:09:58.092292);
INSERT INTO version_tracker_filehash (id, app_version_id, file_path, hash_value, timestamp) VALUES (22, 1, 'D:\Design & Source Code\Source Coding\BudgetsSystem\core\__init__.py', 'e3b0c44298fc1c149afbf4c8996fb92427ae41e4649b934ca495991b7852b855', 2025-09-20 07:09:58.092297);
INSERT INTO version_tracker_filehash (id, app_version_id, file_path, hash_value, timestamp) VALUES (23, 1, 'D:\Design & Source Code\Source Coding\BudgetsSystem\core\AccessRule\forms_accessrule.py', 'e7acdedc0339d7aa19e8a888648c0da7b5117ed1d578a00ba242f036eea1fcb5', 2025-09-20 07:09:58.092302);
INSERT INTO version_tracker_filehash (id, app_version_id, file_path, hash_value, timestamp) VALUES (24, 1, 'D:\Design & Source Code\Source Coding\BudgetsSystem\core\AccessRule\views_accessrule.py', 'b7391527a16dec408c9e425b2435f1d11b481e4bd31be15d62421a8acafd0133', 2025-09-20 07:09:58.092307);
INSERT INTO version_tracker_filehash (id, app_version_id, file_path, hash_value, timestamp) VALUES (25, 1, 'D:\Design & Source Code\Source Coding\BudgetsSystem\core\AccessRule\__init__.py', 'e3b0c44298fc1c149afbf4c8996fb92427ae41e4649b934ca495991b7852b855', 2025-09-20 07:09:58.092312);
INSERT INTO version_tracker_filehash (id, app_version_id, file_path, hash_value, timestamp) VALUES (26, 1, 'D:\Design & Source Code\Source Coding\BudgetsSystem\core\Branch\forms_branch.py', 'e948f86b97449c591247bcbc0f468e4a65c9d1e6ef3777eaf1daaedc2ba43560', 2025-09-20 07:09:58.092318);
INSERT INTO version_tracker_filehash (id, app_version_id, file_path, hash_value, timestamp) VALUES (27, 1, 'D:\Design & Source Code\Source Coding\BudgetsSystem\core\Branch\views_branch.py', 'dcc4341443b3173f8194781d81bf829ff7db2e3a7182496e9fed97fc2b782489', 2025-09-20 07:09:58.092323);
INSERT INTO version_tracker_filehash (id, app_version_id, file_path, hash_value, timestamp) VALUES (28, 1, 'D:\Design & Source Code\Source Coding\BudgetsSystem\core\Core_Doc\core_doc.html', '8ec39654d0003fe89eb25f0b0fa1d4acdd1c5e1e33862ccbf05ad192c8b2a834', 2025-09-20 07:09:58.092328);
INSERT INTO version_tracker_filehash (id, app_version_id, file_path, hash_value, timestamp) VALUES (29, 1, 'D:\Design & Source Code\Source Coding\BudgetsSystem\core\management\commands\setup_workflow_rules.py', '992c4cb43a97c016c7917fbc289de04ce8b433c99cb9dfad8539dcf812dbbd7c', 2025-09-20 07:09:58.092332);
INSERT INTO version_tracker_filehash (id, app_version_id, file_path, hash_value, timestamp) VALUES (30, 1, 'D:\Design & Source Code\Source Coding\BudgetsSystem\core\RCMS_Lock\help.html', 'a6c18f313c5d23de1e3ed40564123eab2bd7c8c3f7b5febd46e1ad17ba8d7a16', 2025-09-20 07:09:58.092337);
INSERT INTO version_tracker_filehash (id, app_version_id, file_path, hash_value, timestamp) VALUES (31, 1, 'D:\Design & Source Code\Source Coding\BudgetsSystem\core\RCMS_Lock\security.py', 'b944cd0e0a64360c85a00ce498a1f705bf42c669ab3883437d103d2afdf504d4', 2025-09-20 07:09:58.092342);
INSERT INTO version_tracker_filehash (id, app_version_id, file_path, hash_value, timestamp) VALUES (32, 1, 'D:\Design & Source Code\Source Coding\BudgetsSystem\core\RCMS_Lock\views.py', 'acff2f5aeaeccc7411433046ed1f72f2ca27ebd2a4e6f0b2e26dc1c0450cf955', 2025-09-20 07:09:58.092346);
INSERT INTO version_tracker_filehash (id, app_version_id, file_path, hash_value, timestamp) VALUES (33, 1, 'D:\Design & Source Code\Source Coding\BudgetsSystem\core\RCMS_Lock\__init__.py', 'e3b0c44298fc1c149afbf4c8996fb92427ae41e4649b934ca495991b7852b855', 2025-09-20 07:09:58.092351);
INSERT INTO version_tracker_filehash (id, app_version_id, file_path, hash_value, timestamp) VALUES (34, 1, 'D:\Design & Source Code\Source Coding\BudgetsSystem\core\templatetags\file_tags.py', 'e8dcec3d276f9ac748357d6d4507e82c54aaecc901aa6e4ea49d5caac4943cfb', 2025-09-20 07:09:58.092356);
INSERT INTO version_tracker_filehash (id, app_version_id, file_path, hash_value, timestamp) VALUES (35, 1, 'D:\Design & Source Code\Source Coding\BudgetsSystem\core\templatetags\rcms_custom_filters.py', '9e743ec5bec640604f8f50f5a91657af410fb59e13b358a8ec5c09d0da3fd5bb', 2025-09-20 07:09:58.092360);
INSERT INTO version_tracker_filehash (id, app_version_id, file_path, hash_value, timestamp) VALUES (36, 1, 'D:\Design & Source Code\Source Coding\BudgetsSystem\core\views_API\views_api.py', '6a369a198861065b3ea9230a9e14341bb97a1c41de949def9a8ee3ccfa808baf', 2025-09-20 07:09:58.092365);
INSERT INTO version_tracker_filehash (id, app_version_id, file_path, hash_value, timestamp) VALUES (37, 1, 'D:\Design & Source Code\Source Coding\BudgetsSystem\core\views_API\__init__.py', 'e3b0c44298fc1c149afbf4c8996fb92427ae41e4649b934ca495991b7852b855', 2025-09-20 07:09:58.092370);
INSERT INTO version_tracker_filehash (id, app_version_id, file_path, hash_value, timestamp) VALUES (38, 1, 'D:\Design & Source Code\Source Coding\BudgetsSystem\core\workflow\forms_workflow.py', '78ce3f17d46181d959a5bb4be7b6dfe3641693fa71a7c951dedaa8ddfe5439ca', 2025-09-20 07:09:58.092374);
INSERT INTO version_tracker_filehash (id, app_version_id, file_path, hash_value, timestamp) VALUES (39, 1, 'D:\Design & Source Code\Source Coding\BudgetsSystem\core\workflow\views_Action.py', 'befb56ea46020c22d54ec047f81cff5ef47e0d3d45f58ba14cd7a7741158a0db', 2025-09-20 07:09:58.092379);
INSERT INTO version_tracker_filehash (id, app_version_id, file_path, hash_value, timestamp) VALUES (40, 1, 'D:\Design & Source Code\Source Coding\BudgetsSystem\core\workflow\views_Transition.py', '143dd49b2315c9d7f3a06159ebba3a591601757b37e6dc03f97637e47b46622d', 2025-09-20 07:09:58.092383);
INSERT INTO version_tracker_filehash (id, app_version_id, file_path, hash_value, timestamp) VALUES (41, 1, 'D:\Design & Source Code\Source Coding\BudgetsSystem\core\workflow\views_workflow.py', '67b9c08752e5195e60ee7d3af0ce2a6e52ce80ed22803084cf9128c51786e832', 2025-09-20 07:09:58.092388);
INSERT INTO version_tracker_filehash (id, app_version_id, file_path, hash_value, timestamp) VALUES (42, 2, 'D:\Design & Source Code\Source Coding\BudgetsSystem\version_tracker\admin.py', '8dad811388cca8cfa0b7b574a9ec74864c7393db04bd1a5d564848ffaedf1e86', 2025-09-20 07:09:58.137585);
INSERT INTO version_tracker_filehash (id, app_version_id, file_path, hash_value, timestamp) VALUES (43, 2, 'D:\Design & Source Code\Source Coding\BudgetsSystem\version_tracker\apps.py', '99acfb1cbab625ee342d8179b6893506662305c2c744fefb4269d4300e6510cd', 2025-09-20 07:09:58.137604);
INSERT INTO version_tracker_filehash (id, app_version_id, file_path, hash_value, timestamp) VALUES (44, 2, 'D:\Design & Source Code\Source Coding\BudgetsSystem\version_tracker\forms.py', '63e7e4ae4f5461dfb483c75552fac0e80c9c0db9fcb9e7d5bcc1f829bc158a33', 2025-09-20 07:09:58.137611);
INSERT INTO version_tracker_filehash (id, app_version_id, file_path, hash_value, timestamp) VALUES (45, 2, 'D:\Design & Source Code\Source Coding\BudgetsSystem\version_tracker\middleware.py', 'c3690aa76c9ac62cf4c0a810c957ac5a15971d6a6cd596ff6602e105e9581c9f', 2025-09-20 07:09:58.137616);
INSERT INTO version_tracker_filehash (id, app_version_id, file_path, hash_value, timestamp) VALUES (46, 2, 'D:\Design & Source Code\Source Coding\BudgetsSystem\version_tracker\models.py', '935fd10d719cf9d3f4f2446f6daaee0130ef0689baeb207d82170282e3192b93', 2025-09-20 07:09:58.137621);
INSERT INTO version_tracker_filehash (id, app_version_id, file_path, hash_value, timestamp) VALUES (47, 2, 'D:\Design & Source Code\Source Coding\BudgetsSystem\version_tracker\signals.py', '3de1bd7924dbd8556e26e43aa245a18774d620bd8e8d6e34a029e8cd0b91e180', 2025-09-20 07:09:58.137626);
INSERT INTO version_tracker_filehash (id, app_version_id, file_path, hash_value, timestamp) VALUES (48, 2, 'D:\Design & Source Code\Source Coding\BudgetsSystem\version_tracker\tests.py', 'de0dc5cb8ceb6dc7d67f8c1e0deac28778430c2ec6e2735323683ffee61bc39a', 2025-09-20 07:09:58.137631);
INSERT INTO version_tracker_filehash (id, app_version_id, file_path, hash_value, timestamp) VALUES (49, 2, 'D:\Design & Source Code\Source Coding\BudgetsSystem\version_tracker\test_version_logic.py', '35d109f652a84f04eca587c89d448eb91d41f441304fb2e0c9c3ffd1e5510d8c', 2025-09-20 07:09:58.137636);
INSERT INTO version_tracker_filehash (id, app_version_id, file_path, hash_value, timestamp) VALUES (50, 2, 'D:\Design & Source Code\Source Coding\BudgetsSystem\version_tracker\urls.py', '888931d71517817bd10a55ce6b65fc759304750fba354b33d1624faea95b69c9', 2025-09-20 07:09:58.137641);
INSERT INTO version_tracker_filehash (id, app_version_id, file_path, hash_value, timestamp) VALUES (51, 2, 'D:\Design & Source Code\Source Coding\BudgetsSystem\version_tracker\version.py', '69bf4016415b3612684006c0aea3961bf916e637638f2847db44693c7cadde46', 2025-09-20 07:09:58.137646);
INSERT INTO version_tracker_filehash (id, app_version_id, file_path, hash_value, timestamp) VALUES (52, 2, 'D:\Design & Source Code\Source Coding\BudgetsSystem\version_tracker\version_watcher.py', 'dca5a1ecf928a0c1cdeff33f26337eab815e9c113c35605e998ab157d1714f46', 2025-09-20 07:09:58.137651);
INSERT INTO version_tracker_filehash (id, app_version_id, file_path, hash_value, timestamp) VALUES (53, 2, 'D:\Design & Source Code\Source Coding\BudgetsSystem\version_tracker\views.py', '779e33fdff86161e83dcfbd6b511fe5bf5d164c79dd3182b10946306a4657462', 2025-09-20 07:09:58.137656);
INSERT INTO version_tracker_filehash (id, app_version_id, file_path, hash_value, timestamp) VALUES (54, 2, 'D:\Design & Source Code\Source Coding\BudgetsSystem\version_tracker\__init__.py', '31943948a0948e280c4e6b3be6027124ce1964d3ee5e1d5a6077d79e4195b76b', 2025-09-20 07:09:58.137661);
INSERT INTO version_tracker_filehash (id, app_version_id, file_path, hash_value, timestamp) VALUES (55, 2, 'D:\Design & Source Code\Source Coding\BudgetsSystem\version_tracker\management\commands\check_versions.py', '92b80ed678fc1bf7baa7338489667fd9f39ad2964eca10a4d15994d187f57d8c', 2025-09-20 07:09:58.137666);
INSERT INTO version_tracker_filehash (id, app_version_id, file_path, hash_value, timestamp) VALUES (56, 2, 'D:\Design & Source Code\Source Coding\BudgetsSystem\version_tracker\management\commands\cleanup_old_data.py', '7fa43d523fb21cbfeba0948431121c752f0e613e2fe81e857c52fe6bdb9be0a8', 2025-09-20 07:09:58.137670);
INSERT INTO version_tracker_filehash (id, app_version_id, file_path, hash_value, timestamp) VALUES (57, 2, 'D:\Design & Source Code\Source Coding\BudgetsSystem\version_tracker\management\commands\create_logs_tables.py', '77d6222ad60c6334f8aa0732ecd1fd04022d1fbd43e1af3936e21cb30688bea3', 2025-09-20 07:09:58.137675);
INSERT INTO version_tracker_filehash (id, app_version_id, file_path, hash_value, timestamp) VALUES (58, 2, 'D:\Design & Source Code\Source Coding\BudgetsSystem\version_tracker\management\commands\create_tables_direct.py', '62bfe9e0530e3b51f9f510a84d67b84e68d16ef536b691c0b62fcfdd6c3d7a30', 2025-09-20 07:09:58.137679);
INSERT INTO version_tracker_filehash (id, app_version_id, file_path, hash_value, timestamp) VALUES (59, 2, 'D:\Design & Source Code\Source Coding\BudgetsSystem\version_tracker\management\commands\migrate_to_logs_db.py', '3f6d60b60e1ad8ad8885cc06a370f9b2ed25ed8e7511abe031c8a1a1042ada61', 2025-09-20 07:09:58.137685);
INSERT INTO version_tracker_filehash (id, app_version_id, file_path, hash_value, timestamp) VALUES (60, 2, 'D:\Design & Source Code\Source Coding\BudgetsSystem\version_tracker\management\commands\optimize_database.py', '30f2738764f45744af16d20722e5dcc210619df15c1a7310118a36daa0008b07', 2025-09-20 07:09:58.137689);
INSERT INTO version_tracker_filehash (id, app_version_id, file_path, hash_value, timestamp) VALUES (61, 2, 'D:\Design & Source Code\Source Coding\BudgetsSystem\version_tracker\management\commands\setup_logs_database.py', '30c2c10059e1f81033cdc8ab6bbe9d0b28ee40ec74248d6b50219acf79b0d075', 2025-09-20 07:09:58.137694);
INSERT INTO version_tracker_filehash (id, app_version_id, file_path, hash_value, timestamp) VALUES (62, 2, 'D:\Design & Source Code\Source Coding\BudgetsSystem\version_tracker\management\commands\update_versions.py', '696e13775ac40550f904be7d39e0f38a901dcd6722e247198ce24d38dc4478c1', 2025-09-20 07:09:58.137698);
INSERT INTO version_tracker_filehash (id, app_version_id, file_path, hash_value, timestamp) VALUES (63, 2, 'D:\Design & Source Code\Source Coding\BudgetsSystem\version_tracker\templatetags\version_tags.py', 'e689bb8ff45fa8f5deba051491d28db3bfe4048cf252f7eb165b57290b419841', 2025-09-20 07:09:58.137703);
INSERT INTO version_tracker_filehash (id, app_version_id, file_path, hash_value, timestamp) VALUES (64, 2, 'D:\Design & Source Code\Source Coding\BudgetsSystem\version_tracker\templatetags\__init__.py', 'e3b0c44298fc1c149afbf4c8996fb92427ae41e4649b934ca495991b7852b855', 2025-09-20 07:09:58.137708);
INSERT INTO version_tracker_filehash (id, app_version_id, file_path, hash_value, timestamp) VALUES (65, 3, 'D:\Design & Source Code\Source Coding\BudgetsSystem\accounts\admin.py', 'a1da98353dcb1597300bf1cae7126812c06f0fd06caaf2937b2bc80e3bc0368b', 2025-09-20 07:09:58.181690);
INSERT INTO version_tracker_filehash (id, app_version_id, file_path, hash_value, timestamp) VALUES (66, 3, 'D:\Design & Source Code\Source Coding\BudgetsSystem\accounts\apps.py', '326e0bb8e9cf1c9dcf4c76778fdf349decf8e9683e172601569f1604cc49e75e', 2025-09-20 07:09:58.181717);
INSERT INTO version_tracker_filehash (id, app_version_id, file_path, hash_value, timestamp) VALUES (67, 3, 'D:\Design & Source Code\Source Coding\BudgetsSystem\accounts\DashboardReset.py', 'b92a02021abace989fcf62bea4cb25543a68778958135cd23315bd64f3c19fec', 2025-09-20 07:09:58.181727);
INSERT INTO version_tracker_filehash (id, app_version_id, file_path, hash_value, timestamp) VALUES (68, 3, 'D:\Design & Source Code\Source Coding\BudgetsSystem\accounts\forms.py', 'dcf3d55c6e66e8d20e5090610889109a0273e12912d016cdf3cf336555e4e239', 2025-09-20 07:09:58.181736);
INSERT INTO version_tracker_filehash (id, app_version_id, file_path, hash_value, timestamp) VALUES (69, 3, 'D:\Design & Source Code\Source Coding\BudgetsSystem\accounts\has_role_permission.py', '905ac996f787fa4ddf9ef52aae3d3f0cd5d46ae277490b6d42be0819d3aa993d', 2025-09-20 07:09:58.181746);
INSERT INTO version_tracker_filehash (id, app_version_id, file_path, hash_value, timestamp) VALUES (70, 3, 'D:\Design & Source Code\Source Coding\BudgetsSystem\accounts\Heartbeat.py', 'b1f92280313b1b0a1e9724e32293ebdfb34f79854a662eb9485ef61cc64527ae', 2025-09-20 07:09:58.181754);
INSERT INTO version_tracker_filehash (id, app_version_id, file_path, hash_value, timestamp) VALUES (71, 3, 'D:\Design & Source Code\Source Coding\BudgetsSystem\accounts\middleware.py', '55db72c21a84812a15dde483a611bd0b69789e8e9b4702501f3795b8f9b5066a', 2025-09-20 07:09:58.181763);
INSERT INTO version_tracker_filehash (id, app_version_id, file_path, hash_value, timestamp) VALUES (72, 3, 'D:\Design & Source Code\Source Coding\BudgetsSystem\accounts\mixins.py', 'dab850f3ce8c1974d6753652706073b8b844006821c88751bfc11fa48e269173', 2025-09-20 07:09:58.181771);
INSERT INTO version_tracker_filehash (id, app_version_id, file_path, hash_value, timestamp) VALUES (73, 3, 'D:\Design & Source Code\Source Coding\BudgetsSystem\accounts\models.py', '88f5e12b8eacbf4103bfa9c1044db2d9574eb52a30fd2abd398ef993d4b65ad5', 2025-09-20 07:09:58.181779);
INSERT INTO version_tracker_filehash (id, app_version_id, file_path, hash_value, timestamp) VALUES (74, 3, 'D:\Design & Source Code\Source Coding\BudgetsSystem\accounts\routers.py', 'e35209c2915087eb1dd17ee04ad4e1392aea0b4aa78d99415a9d1e8092ac82a9', 2025-09-20 07:09:58.181787);
INSERT INTO version_tracker_filehash (id, app_version_id, file_path, hash_value, timestamp) VALUES (75, 3, 'D:\Design & Source Code\Source Coding\BudgetsSystem\accounts\signals.py', 'ab58017216f358a0d78c7ca96a7ec815fde97291f6802ab7180330aef286a1a2', 2025-09-20 07:09:58.181795);
INSERT INTO version_tracker_filehash (id, app_version_id, file_path, hash_value, timestamp) VALUES (76, 3, 'D:\Design & Source Code\Source Coding\BudgetsSystem\accounts\tests.py', '831709e6c3e15e3230639fd887158d2e7917f4fffd943db01637b2354c9cc412', 2025-09-20 07:09:58.181802);
INSERT INTO version_tracker_filehash (id, app_version_id, file_path, hash_value, timestamp) VALUES (77, 3, 'D:\Design & Source Code\Source Coding\BudgetsSystem\accounts\urls.py', 'a963280b94fba46d36d20a4d9c4273ce8eb1c47cfd8f88ae692f377b66217422', 2025-09-20 07:09:58.181810);
INSERT INTO version_tracker_filehash (id, app_version_id, file_path, hash_value, timestamp) VALUES (78, 3, 'D:\Design & Source Code\Source Coding\BudgetsSystem\accounts\utils.py', '883aee7a3664b7d62cd8567e76ea55183cff7ba90370e5c0a1d23fd61064742b', 2025-09-20 07:09:58.181817);
INSERT INTO version_tracker_filehash (id, app_version_id, file_path, hash_value, timestamp) VALUES (79, 3, 'D:\Design & Source Code\Source Coding\BudgetsSystem\accounts\version.py', '232243ff5c22160219d58908b3f6bb00fdb0ebc5b942f52b7c4b39e71748f56e', 2025-09-20 07:09:58.181824);
INSERT INTO version_tracker_filehash (id, app_version_id, file_path, hash_value, timestamp) VALUES (80, 3, 'D:\Design & Source Code\Source Coding\BudgetsSystem\accounts\views.py', '519e93f57af2c3d1f57147d319be9c54b33b80253ec87efdd4a4c45dd487f7e7', 2025-09-20 07:09:58.181831);
INSERT INTO version_tracker_filehash (id, app_version_id, file_path, hash_value, timestamp) VALUES (81, 3, 'D:\Design & Source Code\Source Coding\BudgetsSystem\accounts\__init__.py', 'cd3adf9e733633527e5cfe2d7c9b90c8e088987c0fcc827125c2edd904156518', 2025-09-20 07:09:58.181839);
INSERT INTO version_tracker_filehash (id, app_version_id, file_path, hash_value, timestamp) VALUES (82, 3, 'D:\Design & Source Code\Source Coding\BudgetsSystem\accounts\AccessRule\check_user_access.py', 'a90a87aeaf17fad81b979731954011606c5cc26b3faa76b37d815c7cea5fe948', 2025-09-20 07:09:58.181848);
INSERT INTO version_tracker_filehash (id, app_version_id, file_path, hash_value, timestamp) VALUES (83, 3, 'D:\Design & Source Code\Source Coding\BudgetsSystem\accounts\AccessRule\__init__.py', 'e3b0c44298fc1c149afbf4c8996fb92427ae41e4649b934ca495991b7852b855', 2025-09-20 07:09:58.181856);
INSERT INTO version_tracker_filehash (id, app_version_id, file_path, hash_value, timestamp) VALUES (84, 3, 'D:\Design & Source Code\Source Coding\BudgetsSystem\accounts\RCMS_Lock\help.html', 'a6c18f313c5d23de1e3ed40564123eab2bd7c8c3f7b5febd46e1ad17ba8d7a16', 2025-09-20 07:09:58.181863);
INSERT INTO version_tracker_filehash (id, app_version_id, file_path, hash_value, timestamp) VALUES (85, 3, 'D:\Design & Source Code\Source Coding\BudgetsSystem\accounts\RCMS_Lock\security.py', '6be8f62b3bae72b9615a8882eed6c8a3c6db0c0421dc0f35522c88513e967922', 2025-09-20 07:09:58.181871);
INSERT INTO version_tracker_filehash (id, app_version_id, file_path, hash_value, timestamp) VALUES (86, 3, 'D:\Design & Source Code\Source Coding\BudgetsSystem\accounts\RCMS_Lock\views.py', 'fabe59ac6c04de2675ff8a7b002d8cea4b965a7e78f524a6677ef500e54e0165', 2025-09-20 07:09:58.181879);
INSERT INTO version_tracker_filehash (id, app_version_id, file_path, hash_value, timestamp) VALUES (87, 3, 'D:\Design & Source Code\Source Coding\BudgetsSystem\accounts\RCMS_Lock\__init__.py', 'e3b0c44298fc1c149afbf4c8996fb92427ae41e4649b934ca495991b7852b855', 2025-09-20 07:09:58.181886);
INSERT INTO version_tracker_filehash (id, app_version_id, file_path, hash_value, timestamp) VALUES (88, 3, 'D:\Design & Source Code\Source Coding\BudgetsSystem\accounts\templatetags\access_filter.py', '87ac3957fb5128bd78ed29a7cef0adbbbf2df6e706f40c75306642fc1235a218', 2025-09-20 07:09:58.181906);
INSERT INTO version_tracker_filehash (id, app_version_id, file_path, hash_value, timestamp) VALUES (89, 3, 'D:\Design & Source Code\Source Coding\BudgetsSystem\accounts\templatetags\active_users_tags.py', 'b2b8a787ed59d742252f7fedb332b3f36c795eb2bebcd746ec894ec5aad377d1', 2025-09-20 07:09:58.181913);
INSERT INTO version_tracker_filehash (id, app_version_id, file_path, hash_value, timestamp) VALUES (90, 3, 'D:\Design & Source Code\Source Coding\BudgetsSystem\accounts\templatetags\custome_filter_permissions.py', '4194a3d110bcd64b67f7b8c6bd857e6e45132b840e0a716ee990b715364bc3be', 2025-09-20 07:09:58.181921);

-- Table: version_tracker_finalversion
CREATE TABLE `version_tracker_finalversion` (
  `id` bigint NOT NULL AUTO_INCREMENT,
  `version_number` varchar(20) COLLATE utf8mb4_unicode_ci NOT NULL,
  `release_date` datetime(6) NOT NULL,
  `is_active` tinyint(1) NOT NULL DEFAULT '1',
  PRIMARY KEY (`id`),
  KEY `idx_release_date` (`release_date`)
) ENGINE=InnoDB AUTO_INCREMENT=2 DEFAULT CHARSET=utf8mb4 COLLATE=utf8mb4_unicode_ci;

INSERT INTO version_tracker_finalversion (id, version_number, release_date, is_active) VALUES (1, '1.0.0.0', 2025-09-20 18:00:07.537806, 1);

-- Table: version_tracker_finalversion_app_versions
CREATE TABLE `version_tracker_finalversion_app_versions` (
  `id` bigint NOT NULL AUTO_INCREMENT,
  `finalversion_id` bigint NOT NULL,
  `appversion_id` bigint NOT NULL,
  PRIMARY KEY (`id`),
  UNIQUE KEY `unique_final_app` (`finalversion_id`,`appversion_id`)
) ENGINE=InnoDB AUTO_INCREMENT=4 DEFAULT CHARSET=utf8mb4 COLLATE=utf8mb4_unicode_ci;

INSERT INTO version_tracker_finalversion_app_versions (id, finalversion_id, appversion_id) VALUES (1, 1, 1);
INSERT INTO version_tracker_finalversion_app_versions (id, finalversion_id, appversion_id) VALUES (2, 1, 2);
INSERT INTO version_tracker_finalversion_app_versions (id, finalversion_id, appversion_id) VALUES (3, 1, 3);
