-- Table: accounts_activeuser
CREATE TABLE `accounts_activeuser` (
  `id` bigint NOT NULL AUTO_INCREMENT,
  `session_key` varchar(40) CHARACTER SET utf8mb4 COLLATE utf8mb4_0900_ai_ci NOT NULL,
  `login_time` datetime(6) NOT NULL,
  `hashed_count` varchar(64) CHARACTER SET utf8mb4 COLLATE utf8mb4_0900_ai_ci DEFAULT NULL,
  `last_activity` datetime(6) NOT NULL,
  `user_ip` char(39) CHARACTER SET utf8mb4 COLLATE utf8mb4_0900_ai_ci DEFAULT NULL,
  `user_agent` longtext CHARACTER SET utf8mb4 COLLATE utf8mb4_0900_ai_ci,
  `is_active` tinyint(1) NOT NULL,
  `logout_time` datetime(6) DEFAULT NULL,
  `user_id` bigint NOT NULL,
  PRIMARY KEY (`id`) USING BTREE,
  UNIQUE KEY `unique_user_session` (`user_id`) USING BTREE,
  KEY `accounts_activeuser_session_key_48b1d026` (`session_key`) USING BTREE,
  KEY `accounts_activeuser_login_time_3b4e1b1e` (`login_time`) USING BTREE,
  KEY `accounts_activeuser_last_activity_493e764f` (`last_activity`) USING BTREE,
  KEY `idx_user` (`user_id`) USING BTREE,
  KEY `idx_last_activity` (`last_activity`) USING BTREE,
  CONSTRAINT `accounts_activeuser_user_id_43ede48b_fk_accounts_customuser_id` FOREIGN KEY (`user_id`) REFERENCES `accounts_customuser` (`id`) ON DELETE RESTRICT ON UPDATE RESTRICT,
  CONSTRAINT `check_login_before_activity` CHECK ((`login_time` <= `last_activity`))
) ENGINE=InnoDB AUTO_INCREMENT=120 DEFAULT CHARSET=utf8mb4 COLLATE=utf8mb4_0900_ai_ci ROW_FORMAT=DYNAMIC;


-- Table: accounts_audit_log
CREATE TABLE `accounts_audit_log` (
  `id` bigint NOT NULL AUTO_INCREMENT,
  `action` varchar(10) CHARACTER SET utf8mb4 COLLATE utf8mb4_0900_ai_ci NOT NULL,
  `view_name` varchar(255) CHARACTER SET utf8mb4 COLLATE utf8mb4_0900_ai_ci NOT NULL,
  `path` varchar(255) CHARACTER SET utf8mb4 COLLATE utf8mb4_0900_ai_ci NOT NULL,
  `method` varchar(10) CHARACTER SET utf8mb4 COLLATE utf8mb4_0900_ai_ci NOT NULL,
  `model_name` varchar(255) CHARACTER SET utf8mb4 COLLATE utf8mb4_0900_ai_ci NOT NULL,
  `object_id` varchar(255) CHARACTER SET utf8mb4 COLLATE utf8mb4_0900_ai_ci DEFAULT NULL,
  `timestamp` datetime(6) NOT NULL,
  `details` longtext CHARACTER SET utf8mb4 COLLATE utf8mb4_0900_ai_ci NOT NULL,
  `changes` json DEFAULT NULL,
  `ip_address` char(39) CHARACTER SET utf8mb4 COLLATE utf8mb4_0900_ai_ci DEFAULT NULL,
  `browser` varchar(255) CHARACTER SET utf8mb4 COLLATE utf8mb4_0900_ai_ci NOT NULL,
  `status_code` int DEFAULT NULL,
  `related_object` varchar(255) CHARACTER SET utf8mb4 COLLATE utf8mb4_0900_ai_ci DEFAULT NULL,
  `user_id` bigint DEFAULT NULL,
  PRIMARY KEY (`id`) USING BTREE,
  KEY `accounts_audit_log_user_id_92f0051c_fk_accounts_customuser_id` (`user_id`) USING BTREE,
  CONSTRAINT `accounts_audit_log_user_id_92f0051c_fk_accounts_customuser_id` FOREIGN KEY (`user_id`) REFERENCES `accounts_customuser` (`id`) ON DELETE RESTRICT ON UPDATE RESTRICT
) ENGINE=InnoDB AUTO_INCREMENT=21219 DEFAULT CHARSET=utf8mb4 COLLATE=utf8mb4_0900_ai_ci ROW_FORMAT=DYNAMIC;

INSERT INTO accounts_audit_log (id, action, view_name, path, method, model_name, object_id, timestamp, details, changes, ip_address, browser, status_code, related_object, user_id) VALUES (20618, 'read', '', '', '', 'HTTP Request', NULL, 2025-07-21 10:45:55.988485, 'GET /tankhah/factor-item/3/approve/', NULL, '127.0.0.1', 'Mozilla/5.0 (Windows NT 10.0; Win64; x64) AppleWebKit/537.36 (KHTML, like Gecko) Chrome/138.0.0.0 Safari/537.36 Edg/138.0.0.0', 302, NULL, NULL);
INSERT INTO accounts_audit_log (id, action, view_name, path, method, model_name, object_id, timestamp, details, changes, ip_address, browser, status_code, related_object, user_id) VALUES (20619, 'read', '', '', '', 'HTTP Request', NULL, 2025-07-21 10:45:56.033350, 'GET /accounts/login/', NULL, '127.0.0.1', 'Mozilla/5.0 (Windows NT 10.0; Win64; x64) AppleWebKit/537.36 (KHTML, like Gecko) Chrome/138.0.0.0 Safari/537.36 Edg/138.0.0.0', 200, NULL, NULL);
INSERT INTO accounts_audit_log (id, action, view_name, path, method, model_name, object_id, timestamp, details, changes, ip_address, browser, status_code, related_object, user_id) VALUES (20620, 'create', '', '', '', 'HTTP Request', NULL, 2025-07-21 10:46:03.177255, 'POST /tankhah/factor-item/4/approve/', NULL, '127.0.0.1', 'Mozilla/5.0 (Windows NT 10.0; Win64; x64) AppleWebKit/537.36 (KHTML, like Gecko) Chrome/138.0.0.0 Safari/537.36 Edg/138.0.0.0', 403, NULL, 4);
INSERT INTO accounts_audit_log (id, action, view_name, path, method, model_name, object_id, timestamp, details, changes, ip_address, browser, status_code, related_object, user_id) VALUES (20621, 'read', '', '', '', 'HTTP Request', NULL, 2025-07-21 10:46:03.384018, 'GET /favicon.ico', NULL, '127.0.0.1', 'Mozilla/5.0 (Windows NT 10.0; Win64; x64) AppleWebKit/537.36 (KHTML, like Gecko) Chrome/138.0.0.0 Safari/537.36 Edg/138.0.0.0', 302, NULL, 4);
INSERT INTO accounts_audit_log (id, action, view_name, path, method, model_name, object_id, timestamp, details, changes, ip_address, browser, status_code, related_object, user_id) VALUES (20622, 'read', '', '', '', 'HTTP Request', NULL, 2025-07-21 10:46:04.889019, 'GET /tankhah/factor-item/4/approve/', NULL, '127.0.0.1', 'Mozilla/5.0 (Windows NT 10.0; Win64; x64) AppleWebKit/537.36 (KHTML, like Gecko) Chrome/138.0.0.0 Safari/537.36 Edg/138.0.0.0', 200, NULL, 4);
INSERT INTO accounts_audit_log (id, action, view_name, path, method, model_name, object_id, timestamp, details, changes, ip_address, browser, status_code, related_object, user_id) VALUES (20623, 'read', '', '', '', 'HTTP Request', NULL, 2025-07-21 10:46:05.728101, 'GET /tankhah/factor/list/', NULL, '127.0.0.1', 'Mozilla/5.0 (Windows NT 10.0; Win64; x64) AppleWebKit/537.36 (KHTML, like Gecko) Chrome/138.0.0.0 Safari/537.36 Edg/138.0.0.0', 200, NULL, 4);
INSERT INTO accounts_audit_log (id, action, view_name, path, method, model_name, object_id, timestamp, details, changes, ip_address, browser, status_code, related_object, user_id) VALUES (20624, 'read', '', '', '', 'HTTP Request', NULL, 2025-07-21 10:46:32.826344, 'GET /tankhah/factor-item/1/approve/', NULL, '127.0.0.1', 'Mozilla/5.0 (Windows NT 10.0; Win64; x64) AppleWebKit/537.36 (KHTML, like Gecko) Chrome/138.0.0.0 Safari/537.36 Edg/138.0.0.0', 200, NULL, 4);
INSERT INTO accounts_audit_log (id, action, view_name, path, method, model_name, object_id, timestamp, details, changes, ip_address, browser, status_code, related_object, user_id) VALUES (20625, 'create', '', '', '', 'HTTP Request', NULL, 2025-07-21 10:46:44.630939, 'POST /tankhah/factor-item/1/approve/', NULL, '127.0.0.1', 'Mozilla/5.0 (Windows NT 10.0; Win64; x64) AppleWebKit/537.36 (KHTML, like Gecko) Chrome/138.0.0.0 Safari/537.36 Edg/138.0.0.0', 200, NULL, 4);
INSERT INTO accounts_audit_log (id, action, view_name, path, method, model_name, object_id, timestamp, details, changes, ip_address, browser, status_code, related_object, user_id) VALUES (20626, 'create', '', '', '', 'HTTP Request', NULL, 2025-07-21 10:46:56.118572, 'POST /accounts/heartbeat/', NULL, '127.0.0.1', 'Mozilla/5.0 (Windows NT 10.0; Win64; x64) AppleWebKit/537.36 (KHTML, like Gecko) Chrome/138.0.0.0 Safari/537.36 Edg/138.0.0.0', 302, NULL, NULL);
INSERT INTO accounts_audit_log (id, action, view_name, path, method, model_name, object_id, timestamp, details, changes, ip_address, browser, status_code, related_object, user_id) VALUES (20627, 'read', '', '', '', 'HTTP Request', NULL, 2025-07-21 10:46:56.154797, 'GET /accounts/login/', NULL, '127.0.0.1', 'Mozilla/5.0 (Windows NT 10.0; Win64; x64) AppleWebKit/537.36 (KHTML, like Gecko) Chrome/138.0.0.0 Safari/537.36 Edg/138.0.0.0', 200, NULL, NULL);
INSERT INTO accounts_audit_log (id, action, view_name, path, method, model_name, object_id, timestamp, details, changes, ip_address, browser, status_code, related_object, user_id) VALUES (20628, 'create', '', '', '', 'HTTP Request', NULL, 2025-07-21 10:47:00.019032, 'POST /tankhah/factor-item/1/approve/', NULL, '127.0.0.1', 'Mozilla/5.0 (Windows NT 10.0; Win64; x64) AppleWebKit/537.36 (KHTML, like Gecko) Chrome/138.0.0.0 Safari/537.36 Edg/138.0.0.0', 200, NULL, 4);
INSERT INTO accounts_audit_log (id, action, view_name, path, method, model_name, object_id, timestamp, details, changes, ip_address, browser, status_code, related_object, user_id) VALUES (20629, 'read', '', '', '', 'HTTP Request', NULL, 2025-07-21 10:47:19.328779, 'GET /tankhah/factor/list/', NULL, '127.0.0.1', 'Mozilla/5.0 (Windows NT 10.0; Win64; x64) AppleWebKit/537.36 (KHTML, like Gecko) Chrome/138.0.0.0 Safari/537.36 Edg/138.0.0.0', 200, NULL, 4);
INSERT INTO accounts_audit_log (id, action, view_name, path, method, model_name, object_id, timestamp, details, changes, ip_address, browser, status_code, related_object, user_id) VALUES (20630, 'read', '', '', '', 'HTTP Request', NULL, 2025-07-21 10:47:27.467216, 'GET /tankhah/factors/1/edit/', NULL, '127.0.0.1', 'Mozilla/5.0 (Windows NT 10.0; Win64; x64) AppleWebKit/537.36 (KHTML, like Gecko) Chrome/138.0.0.0 Safari/537.36 Edg/138.0.0.0', 200, NULL, 4);
INSERT INTO accounts_audit_log (id, action, view_name, path, method, model_name, object_id, timestamp, details, changes, ip_address, browser, status_code, related_object, user_id) VALUES (20631, 'read', '', '', '', 'HTTP Request', NULL, 2025-07-21 10:47:27.587961, 'GET /tankhah/get-tankhah-budget-info/', NULL, '127.0.0.1', 'Mozilla/5.0 (Windows NT 10.0; Win64; x64) AppleWebKit/537.36 (KHTML, like Gecko) Chrome/138.0.0.0 Safari/537.36 Edg/138.0.0.0', 200, NULL, 4);
INSERT INTO accounts_audit_log (id, action, view_name, path, method, model_name, object_id, timestamp, details, changes, ip_address, browser, status_code, related_object, user_id) VALUES (20632, 'read', '', '', '', 'HTTP Request', NULL, 2025-07-21 10:47:41.764843, 'GET /tankhah/factor/list/', NULL, '127.0.0.1', 'Mozilla/5.0 (Windows NT 10.0; Win64; x64) AppleWebKit/537.36 (KHTML, like Gecko) Chrome/138.0.0.0 Safari/537.36 Edg/138.0.0.0', 200, NULL, 4);
INSERT INTO accounts_audit_log (id, action, view_name, path, method, model_name, object_id, timestamp, details, changes, ip_address, browser, status_code, related_object, user_id) VALUES (20633, 'read', '', '', '', 'HTTP Request', NULL, 2025-07-21 10:47:52.632329, 'GET /tankhah/factor/1/delete/', NULL, '127.0.0.1', 'Mozilla/5.0 (Windows NT 10.0; Win64; x64) AppleWebKit/537.36 (KHTML, like Gecko) Chrome/138.0.0.0 Safari/537.36 Edg/138.0.0.0', 200, NULL, 4);
INSERT INTO accounts_audit_log (id, action, view_name, path, method, model_name, object_id, timestamp, details, changes, ip_address, browser, status_code, related_object, user_id) VALUES (20634, 'create', '', '', '', 'HTTP Request', NULL, 2025-07-21 10:47:53.999360, 'POST /tankhah/factor/1/delete/', NULL, '127.0.0.1', 'Mozilla/5.0 (Windows NT 10.0; Win64; x64) AppleWebKit/537.36 (KHTML, like Gecko) Chrome/138.0.0.0 Safari/537.36 Edg/138.0.0.0', 302, NULL, 4);
INSERT INTO accounts_audit_log (id, action, view_name, path, method, model_name, object_id, timestamp, details, changes, ip_address, browser, status_code, related_object, user_id) VALUES (20635, 'read', '', '', '', 'HTTP Request', NULL, 2025-07-21 10:47:54.184231, 'GET /tankhah/factor/list/', NULL, '127.0.0.1', 'Mozilla/5.0 (Windows NT 10.0; Win64; x64) AppleWebKit/537.36 (KHTML, like Gecko) Chrome/138.0.0.0 Safari/537.36 Edg/138.0.0.0', 200, NULL, 4);
INSERT INTO accounts_audit_log (id, action, view_name, path, method, model_name, object_id, timestamp, details, changes, ip_address, browser, status_code, related_object, user_id) VALUES (20636, 'create', '', '', '', 'HTTP Request', NULL, 2025-07-21 10:47:56.944981, 'POST /accounts/heartbeat/', NULL, '127.0.0.1', 'Mozilla/5.0 (Windows NT 10.0; Win64; x64) AppleWebKit/537.36 (KHTML, like Gecko) Chrome/138.0.0.0 Safari/537.36 Edg/138.0.0.0', 302, NULL, NULL);
INSERT INTO accounts_audit_log (id, action, view_name, path, method, model_name, object_id, timestamp, details, changes, ip_address, browser, status_code, related_object, user_id) VALUES (20637, 'read', '', '', '', 'HTTP Request', NULL, 2025-07-21 10:47:57.028986, 'GET /accounts/login/', NULL, '127.0.0.1', 'Mozilla/5.0 (Windows NT 10.0; Win64; x64) AppleWebKit/537.36 (KHTML, like Gecko) Chrome/138.0.0.0 Safari/537.36 Edg/138.0.0.0', 200, NULL, NULL);
INSERT INTO accounts_audit_log (id, action, view_name, path, method, model_name, object_id, timestamp, details, changes, ip_address, browser, status_code, related_object, user_id) VALUES (20638, 'read', '', '', '', 'HTTP Request', NULL, 2025-07-21 10:47:59.455732, 'GET /tankhah/factor/6/delete/', NULL, '127.0.0.1', 'Mozilla/5.0 (Windows NT 10.0; Win64; x64) AppleWebKit/537.36 (KHTML, like Gecko) Chrome/138.0.0.0 Safari/537.36 Edg/138.0.0.0', 200, NULL, 4);
INSERT INTO accounts_audit_log (id, action, view_name, path, method, model_name, object_id, timestamp, details, changes, ip_address, browser, status_code, related_object, user_id) VALUES (20639, 'create', '', '', '', 'HTTP Request', NULL, 2025-07-21 10:48:00.809200, 'POST /tankhah/factor/6/delete/', NULL, '127.0.0.1', 'Mozilla/5.0 (Windows NT 10.0; Win64; x64) AppleWebKit/537.36 (KHTML, like Gecko) Chrome/138.0.0.0 Safari/537.36 Edg/138.0.0.0', 302, NULL, 4);
INSERT INTO accounts_audit_log (id, action, view_name, path, method, model_name, object_id, timestamp, details, changes, ip_address, browser, status_code, related_object, user_id) VALUES (20640, 'read', '', '', '', 'HTTP Request', NULL, 2025-07-21 10:48:00.973252, 'GET /tankhah/factor/list/', NULL, '127.0.0.1', 'Mozilla/5.0 (Windows NT 10.0; Win64; x64) AppleWebKit/537.36 (KHTML, like Gecko) Chrome/138.0.0.0 Safari/537.36 Edg/138.0.0.0', 200, NULL, 4);
INSERT INTO accounts_audit_log (id, action, view_name, path, method, model_name, object_id, timestamp, details, changes, ip_address, browser, status_code, related_object, user_id) VALUES (20641, 'create', '', '', '', 'HTTP Request', NULL, 2025-07-21 10:48:37.583490, 'POST /accounts/login/', NULL, '127.0.0.1', 'Mozilla/5.0 (Windows NT 10.0; Win64; x64) AppleWebKit/537.36 (KHTML, like Gecko) Chrome/138.0.0.0 Safari/537.36 Edg/138.0.0.0', 302, NULL, NULL);
INSERT INTO accounts_audit_log (id, action, view_name, path, method, model_name, object_id, timestamp, details, changes, ip_address, browser, status_code, related_object, user_id) VALUES (20642, 'read', '', '', '', 'HTTP Request', NULL, 2025-07-21 10:48:37.659773, 'GET /', NULL, '127.0.0.1', 'Mozilla/5.0 (Windows NT 10.0; Win64; x64) AppleWebKit/537.36 (KHTML, like Gecko) Chrome/138.0.0.0 Safari/537.36 Edg/138.0.0.0', 200, NULL, 2);
INSERT INTO accounts_audit_log (id, action, view_name, path, method, model_name, object_id, timestamp, details, changes, ip_address, browser, status_code, related_object, user_id) VALUES (20643, 'read', '', '', '', 'HTTP Request', NULL, 2025-07-21 10:48:40.213810, 'GET /tankhah/tankhah/', NULL, '127.0.0.1', 'Mozilla/5.0 (Windows NT 10.0; Win64; x64) AppleWebKit/537.36 (KHTML, like Gecko) Chrome/138.0.0.0 Safari/537.36 Edg/138.0.0.0', 200, NULL, 2);
INSERT INTO accounts_audit_log (id, action, view_name, path, method, model_name, object_id, timestamp, details, changes, ip_address, browser, status_code, related_object, user_id) VALUES (20644, 'read', '', '', '', 'HTTP Request', NULL, 2025-07-21 10:48:52.956304, 'GET /tankhah/tankhah/3/', NULL, '127.0.0.1', 'Mozilla/5.0 (Windows NT 10.0; Win64; x64) AppleWebKit/537.36 (KHTML, like Gecko) Chrome/138.0.0.0 Safari/537.36 Edg/138.0.0.0', 200, NULL, 2);
INSERT INTO accounts_audit_log (id, action, view_name, path, method, model_name, object_id, timestamp, details, changes, ip_address, browser, status_code, related_object, user_id) VALUES (20645, 'read', '', '', '', 'HTTP Request', NULL, 2025-07-21 10:49:49.627056, 'GET /', NULL, '127.0.0.1', 'Mozilla/5.0 (Windows NT 10.0; Win64; x64) AppleWebKit/537.36 (KHTML, like Gecko) Chrome/138.0.0.0 Safari/537.36 Edg/138.0.0.0', 200, NULL, 2);
INSERT INTO accounts_audit_log (id, action, view_name, path, method, model_name, object_id, timestamp, details, changes, ip_address, browser, status_code, related_object, user_id) VALUES (20646, 'read', '', '', '', 'HTTP Request', NULL, 2025-07-21 10:49:51.649566, 'GET /tankhah/tankhah/', NULL, '127.0.0.1', 'Mozilla/5.0 (Windows NT 10.0; Win64; x64) AppleWebKit/537.36 (KHTML, like Gecko) Chrome/138.0.0.0 Safari/537.36 Edg/138.0.0.0', 200, NULL, 2);
INSERT INTO accounts_audit_log (id, action, view_name, path, method, model_name, object_id, timestamp, details, changes, ip_address, browser, status_code, related_object, user_id) VALUES (20647, 'read', '', '', '', 'HTTP Request', NULL, 2025-07-21 10:50:00.893356, 'GET /tankhah/tankhah/2/timeline/', NULL, '127.0.0.1', 'Mozilla/5.0 (Windows NT 10.0; Win64; x64) AppleWebKit/537.36 (KHTML, like Gecko) Chrome/138.0.0.0 Safari/537.36 Edg/138.0.0.0', 200, NULL, 2);
INSERT INTO accounts_audit_log (id, action, view_name, path, method, model_name, object_id, timestamp, details, changes, ip_address, browser, status_code, related_object, user_id) VALUES (20648, 'read', '', '', '', 'HTTP Request', NULL, 2025-07-21 10:50:07.341587, 'GET /', NULL, '127.0.0.1', 'Mozilla/5.0 (Windows NT 10.0; Win64; x64) AppleWebKit/537.36 (KHTML, like Gecko) Chrome/138.0.0.0 Safari/537.36 Edg/138.0.0.0', 200, NULL, 2);
INSERT INTO accounts_audit_log (id, action, view_name, path, method, model_name, object_id, timestamp, details, changes, ip_address, browser, status_code, related_object, user_id) VALUES (20649, 'read', '', '', '', 'HTTP Request', NULL, 2025-07-21 10:50:11.238120, 'GET /tankhah/factor/list/', NULL, '127.0.0.1', 'Mozilla/5.0 (Windows NT 10.0; Win64; x64) AppleWebKit/537.36 (KHTML, like Gecko) Chrome/138.0.0.0 Safari/537.36 Edg/138.0.0.0', 200, NULL, 2);
INSERT INTO accounts_audit_log (id, action, view_name, path, method, model_name, object_id, timestamp, details, changes, ip_address, browser, status_code, related_object, user_id) VALUES (20650, 'read', '', '', '', 'HTTP Request', NULL, 2025-07-21 10:52:57.348036, 'GET /tankhah/factor/list/', NULL, '127.0.0.1', 'Mozilla/5.0 (Windows NT 10.0; Win64; x64) AppleWebKit/537.36 (KHTML, like Gecko) Chrome/138.0.0.0 Safari/537.36 Edg/138.0.0.0', 200, NULL, 2);
INSERT INTO accounts_audit_log (id, action, view_name, path, method, model_name, object_id, timestamp, details, changes, ip_address, browser, status_code, related_object, user_id) VALUES (20651, 'read', '', '', '', 'HTTP Request', NULL, 2025-07-21 10:52:58.823115, 'GET /tankhah/factor/create/new/', NULL, '127.0.0.1', 'Mozilla/5.0 (Windows NT 10.0; Win64; x64) AppleWebKit/537.36 (KHTML, like Gecko) Chrome/138.0.0.0 Safari/537.36 Edg/138.0.0.0', 200, NULL, 2);
INSERT INTO accounts_audit_log (id, action, view_name, path, method, model_name, object_id, timestamp, details, changes, ip_address, browser, status_code, related_object, user_id) VALUES (20652, 'read', '', '', '', 'HTTP Request', NULL, 2025-07-21 10:53:03.727361, 'GET /tankhah/factor/list/', NULL, '127.0.0.1', 'Mozilla/5.0 (Windows NT 10.0; Win64; x64) AppleWebKit/537.36 (KHTML, like Gecko) Chrome/138.0.0.0 Safari/537.36 Edg/138.0.0.0', 200, NULL, 4);
INSERT INTO accounts_audit_log (id, action, view_name, path, method, model_name, object_id, timestamp, details, changes, ip_address, browser, status_code, related_object, user_id) VALUES (20653, 'create', '', '', '', 'HTTP Request', NULL, 2025-07-21 10:53:10.746125, 'POST /accounts/logout/', NULL, '127.0.0.1', 'Mozilla/5.0 (Windows NT 10.0; Win64; x64) AppleWebKit/537.36 (KHTML, like Gecko) Chrome/138.0.0.0 Safari/537.36 Edg/138.0.0.0', 302, NULL, 4);
INSERT INTO accounts_audit_log (id, action, view_name, path, method, model_name, object_id, timestamp, details, changes, ip_address, browser, status_code, related_object, user_id) VALUES (20654, 'read', '', '', '', 'HTTP Request', NULL, 2025-07-21 10:53:10.774362, 'GET /accounts/login/', NULL, '127.0.0.1', 'Mozilla/5.0 (Windows NT 10.0; Win64; x64) AppleWebKit/537.36 (KHTML, like Gecko) Chrome/138.0.0.0 Safari/537.36 Edg/138.0.0.0', 200, NULL, NULL);
INSERT INTO accounts_audit_log (id, action, view_name, path, method, model_name, object_id, timestamp, details, changes, ip_address, browser, status_code, related_object, user_id) VALUES (20655, 'create', '', '', '', 'HTTP Request', NULL, 2025-07-21 10:53:20.071512, 'POST /accounts/login/', NULL, '127.0.0.1', 'Mozilla/5.0 (Windows NT 10.0; Win64; x64) AppleWebKit/537.36 (KHTML, like Gecko) Chrome/138.0.0.0 Safari/537.36 Edg/138.0.0.0', 302, NULL, NULL);
INSERT INTO accounts_audit_log (id, action, view_name, path, method, model_name, object_id, timestamp, details, changes, ip_address, browser, status_code, related_object, user_id) VALUES (20656, 'read', '', '', '', 'HTTP Request', NULL, 2025-07-21 10:53:20.133270, 'GET /', NULL, '127.0.0.1', 'Mozilla/5.0 (Windows NT 10.0; Win64; x64) AppleWebKit/537.36 (KHTML, like Gecko) Chrome/138.0.0.0 Safari/537.36 Edg/138.0.0.0', 200, NULL, 3);
INSERT INTO accounts_audit_log (id, action, view_name, path, method, model_name, object_id, timestamp, details, changes, ip_address, browser, status_code, related_object, user_id) VALUES (20657, 'read', '', '', '', 'HTTP Request', NULL, 2025-07-21 10:53:22.832992, 'GET /tankhah/factor/list/', NULL, '127.0.0.1', 'Mozilla/5.0 (Windows NT 10.0; Win64; x64) AppleWebKit/537.36 (KHTML, like Gecko) Chrome/138.0.0.0 Safari/537.36 Edg/138.0.0.0', 200, NULL, 3);
INSERT INTO accounts_audit_log (id, action, view_name, path, method, model_name, object_id, timestamp, details, changes, ip_address, browser, status_code, related_object, user_id) VALUES (20658, 'read', '', '', '', 'HTTP Request', NULL, 2025-07-21 10:53:23.718792, 'GET /tankhah/factor/create/new/', NULL, '127.0.0.1', 'Mozilla/5.0 (Windows NT 10.0; Win64; x64) AppleWebKit/537.36 (KHTML, like Gecko) Chrome/138.0.0.0 Safari/537.36 Edg/138.0.0.0', 200, NULL, 3);
INSERT INTO accounts_audit_log (id, action, view_name, path, method, model_name, object_id, timestamp, details, changes, ip_address, browser, status_code, related_object, user_id) VALUES (20659, 'read', '', '', '', 'HTTP Request', NULL, 2025-07-21 10:53:26.298121, 'GET /tankhah/get-tankhah-budget-info/', NULL, '127.0.0.1', 'Mozilla/5.0 (Windows NT 10.0; Win64; x64) AppleWebKit/537.36 (KHTML, like Gecko) Chrome/138.0.0.0 Safari/537.36 Edg/138.0.0.0', 200, NULL, 3);
INSERT INTO accounts_audit_log (id, action, view_name, path, method, model_name, object_id, timestamp, details, changes, ip_address, browser, status_code, related_object, user_id) VALUES (20660, 'create', '', '', '', 'HTTP Request', NULL, 2025-07-21 10:53:55.641716, 'POST /tankhah/factor/create/new/', NULL, '127.0.0.1', 'Mozilla/5.0 (Windows NT 10.0; Win64; x64) AppleWebKit/537.36 (KHTML, like Gecko) Chrome/138.0.0.0 Safari/537.36 Edg/138.0.0.0', 200, NULL, 3);
INSERT INTO accounts_audit_log (id, action, view_name, path, method, model_name, object_id, timestamp, details, changes, ip_address, browser, status_code, related_object, user_id) VALUES (20661, 'read', '', '', '', 'HTTP Request', NULL, 2025-07-21 10:53:55.797649, 'GET /tankhah/get-tankhah-budget-info/', NULL, '127.0.0.1', 'Mozilla/5.0 (Windows NT 10.0; Win64; x64) AppleWebKit/537.36 (KHTML, like Gecko) Chrome/138.0.0.0 Safari/537.36 Edg/138.0.0.0', 200, NULL, 3);
INSERT INTO accounts_audit_log (id, action, view_name, path, method, model_name, object_id, timestamp, details, changes, ip_address, browser, status_code, related_object, user_id) VALUES (20662, 'create', '', '', '', 'HTTP Request', NULL, 2025-07-21 10:54:09.306881, 'POST /tankhah/factor/create/new/', NULL, '127.0.0.1', 'Mozilla/5.0 (Windows NT 10.0; Win64; x64) AppleWebKit/537.36 (KHTML, like Gecko) Chrome/138.0.0.0 Safari/537.36 Edg/138.0.0.0', 200, NULL, 3);
INSERT INTO accounts_audit_log (id, action, view_name, path, method, model_name, object_id, timestamp, details, changes, ip_address, browser, status_code, related_object, user_id) VALUES (20663, 'read', '', '', '', 'HTTP Request', NULL, 2025-07-21 10:54:09.408494, 'GET /tankhah/get-tankhah-budget-info/', NULL, '127.0.0.1', 'Mozilla/5.0 (Windows NT 10.0; Win64; x64) AppleWebKit/537.36 (KHTML, like Gecko) Chrome/138.0.0.0 Safari/537.36 Edg/138.0.0.0', 200, NULL, 3);
INSERT INTO accounts_audit_log (id, action, view_name, path, method, model_name, object_id, timestamp, details, changes, ip_address, browser, status_code, related_object, user_id) VALUES (20664, 'read', '', '', '', 'HTTP Request', NULL, 2025-07-21 10:55:00.134909, 'GET /', NULL, '127.0.0.1', 'Mozilla/5.0 (Windows NT 10.0; Win64; x64) AppleWebKit/537.36 (KHTML, like Gecko) Chrome/138.0.0.0 Safari/537.36 Edg/138.0.0.0', 200, NULL, 2);
INSERT INTO accounts_audit_log (id, action, view_name, path, method, model_name, object_id, timestamp, details, changes, ip_address, browser, status_code, related_object, user_id) VALUES (20665, 'read', '', '', '', 'HTTP Request', NULL, 2025-07-21 10:55:04.387201, 'GET /budgets/budgets-dashboard', NULL, '127.0.0.1', 'Mozilla/5.0 (Windows NT 10.0; Win64; x64) AppleWebKit/537.36 (KHTML, like Gecko) Chrome/138.0.0.0 Safari/537.36 Edg/138.0.0.0', 200, NULL, 2);
INSERT INTO accounts_audit_log (id, action, view_name, path, method, model_name, object_id, timestamp, details, changes, ip_address, browser, status_code, related_object, user_id) VALUES (20666, 'read', '', '', '', 'HTTP Request', NULL, 2025-07-21 10:55:06.735302, 'GET /', NULL, '127.0.0.1', 'Mozilla/5.0 (Windows NT 10.0; Win64; x64) AppleWebKit/537.36 (KHTML, like Gecko) Chrome/138.0.0.0 Safari/537.36 Edg/138.0.0.0', 200, NULL, 2);
INSERT INTO accounts_audit_log (id, action, view_name, path, method, model_name, object_id, timestamp, details, changes, ip_address, browser, status_code, related_object, user_id) VALUES (20667, 'read', '', '', '', 'HTTP Request', NULL, 2025-07-21 10:55:09.239788, 'GET /tankhah/tankhah/', NULL, '127.0.0.1', 'Mozilla/5.0 (Windows NT 10.0; Win64; x64) AppleWebKit/537.36 (KHTML, like Gecko) Chrome/138.0.0.0 Safari/537.36 Edg/138.0.0.0', 200, NULL, 2);
INSERT INTO accounts_audit_log (id, action, view_name, path, method, model_name, object_id, timestamp, details, changes, ip_address, browser, status_code, related_object, user_id) VALUES (20668, 'read', '', '', '', 'HTTP Request', NULL, 2025-07-21 10:55:39.740488, 'GET /tankhah/tankhah/2/timeline/', NULL, '127.0.0.1', 'Mozilla/5.0 (Windows NT 10.0; Win64; x64) AppleWebKit/537.36 (KHTML, like Gecko) Chrome/138.0.0.0 Safari/537.36 Edg/138.0.0.0', 200, NULL, 2);
INSERT INTO accounts_audit_log (id, action, view_name, path, method, model_name, object_id, timestamp, details, changes, ip_address, browser, status_code, related_object, user_id) VALUES (20669, 'read', '', '', '', 'HTTP Request', NULL, 2025-07-21 10:55:44.464226, 'GET /tankhah/tankhah/2/', NULL, '127.0.0.1', 'Mozilla/5.0 (Windows NT 10.0; Win64; x64) AppleWebKit/537.36 (KHTML, like Gecko) Chrome/138.0.0.0 Safari/537.36 Edg/138.0.0.0', 200, NULL, 2);
INSERT INTO accounts_audit_log (id, action, view_name, path, method, model_name, object_id, timestamp, details, changes, ip_address, browser, status_code, related_object, user_id) VALUES (20670, 'read', '', '', '', 'HTTP Request', NULL, 2025-07-21 10:55:49.177754, 'GET /tankhah/tankhah/2/update-status/', NULL, '127.0.0.1', 'Mozilla/5.0 (Windows NT 10.0; Win64; x64) AppleWebKit/537.36 (KHTML, like Gecko) Chrome/138.0.0.0 Safari/537.36 Edg/138.0.0.0', 200, NULL, 2);
INSERT INTO accounts_audit_log (id, action, view_name, path, method, model_name, object_id, timestamp, details, changes, ip_address, browser, status_code, related_object, user_id) VALUES (20671, 'read', '', '', '', 'HTTP Request', NULL, 2025-07-21 10:55:51.127569, 'GET /tankhah/tankhah/2/', NULL, '127.0.0.1', 'Mozilla/5.0 (Windows NT 10.0; Win64; x64) AppleWebKit/537.36 (KHTML, like Gecko) Chrome/138.0.0.0 Safari/537.36 Edg/138.0.0.0', 200, NULL, 2);
INSERT INTO accounts_audit_log (id, action, view_name, path, method, model_name, object_id, timestamp, details, changes, ip_address, browser, status_code, related_object, user_id) VALUES (20672, 'read', '', '', '', 'HTTP Request', NULL, 2025-07-21 10:56:08.260577, 'GET /', NULL, '127.0.0.1', 'Mozilla/5.0 (Windows NT 10.0; Win64; x64) AppleWebKit/537.36 (KHTML, like Gecko) Chrome/138.0.0.0 Safari/537.36 Edg/138.0.0.0', 200, NULL, 2);
INSERT INTO accounts_audit_log (id, action, view_name, path, method, model_name, object_id, timestamp, details, changes, ip_address, browser, status_code, related_object, user_id) VALUES (20673, 'read', '', '', '', 'HTTP Request', NULL, 2025-07-21 10:56:10.051684, 'GET /accounts/admin_dashboard/', NULL, '127.0.0.1', 'Mozilla/5.0 (Windows NT 10.0; Win64; x64) AppleWebKit/537.36 (KHTML, like Gecko) Chrome/138.0.0.0 Safari/537.36 Edg/138.0.0.0', 200, NULL, 2);
INSERT INTO accounts_audit_log (id, action, view_name, path, method, model_name, object_id, timestamp, details, changes, ip_address, browser, status_code, related_object, user_id) VALUES (20674, 'read', '', '', '', 'HTTP Request', NULL, 2025-07-21 10:56:15.698408, 'GET /accounts/new_databasebackup/', NULL, '127.0.0.1', 'Mozilla/5.0 (Windows NT 10.0; Win64; x64) AppleWebKit/537.36 (KHTML, like Gecko) Chrome/138.0.0.0 Safari/537.36 Edg/138.0.0.0', 200, NULL, 2);
INSERT INTO accounts_audit_log (id, action, view_name, path, method, model_name, object_id, timestamp, details, changes, ip_address, browser, status_code, related_object, user_id) VALUES (20675, 'create', '', '', '', 'HTTP Request', NULL, 2025-07-21 10:58:37.691917, 'POST /accounts/new_databasebackup/', NULL, '127.0.0.1', 'Mozilla/5.0 (Windows NT 10.0; Win64; x64) AppleWebKit/537.36 (KHTML, like Gecko) Chrome/138.0.0.0 Safari/537.36 Edg/138.0.0.0', 302, NULL, 2);
INSERT INTO accounts_audit_log (id, action, view_name, path, method, model_name, object_id, timestamp, details, changes, ip_address, browser, status_code, related_object, user_id) VALUES (20676, 'read', '', '', '', 'HTTP Request', NULL, 2025-07-21 10:58:39.567956, 'GET /accounts/new_databasebackup/', NULL, '127.0.0.1', 'Mozilla/5.0 (Windows NT 10.0; Win64; x64) AppleWebKit/537.36 (KHTML, like Gecko) Chrome/138.0.0.0 Safari/537.36 Edg/138.0.0.0', 200, NULL, 2);
INSERT INTO accounts_audit_log (id, action, view_name, path, method, model_name, object_id, timestamp, details, changes, ip_address, browser, status_code, related_object, user_id) VALUES (20677, 'read', '', '', '', 'HTTP Request', NULL, 2025-07-21 10:58:59.064018, 'GET /', NULL, '127.0.0.1', 'Mozilla/5.0 (Windows NT 10.0; Win64; x64) AppleWebKit/537.36 (KHTML, like Gecko) Chrome/138.0.0.0 Safari/537.36 Edg/138.0.0.0', 200, NULL, 3);
INSERT INTO accounts_audit_log (id, action, view_name, path, method, model_name, object_id, timestamp, details, changes, ip_address, browser, status_code, related_object, user_id) VALUES (20678, 'read', '', '', '', 'HTTP Request', NULL, 2025-07-21 10:59:01.227694, 'GET /tankhah/tankhah/', NULL, '127.0.0.1', 'Mozilla/5.0 (Windows NT 10.0; Win64; x64) AppleWebKit/537.36 (KHTML, like Gecko) Chrome/138.0.0.0 Safari/537.36 Edg/138.0.0.0', 302, NULL, 3);
INSERT INTO accounts_audit_log (id, action, view_name, path, method, model_name, object_id, timestamp, details, changes, ip_address, browser, status_code, related_object, user_id) VALUES (20679, 'read', '', '', '', 'HTTP Request', NULL, 2025-07-21 10:59:01.536468, 'GET /', NULL, '127.0.0.1', 'Mozilla/5.0 (Windows NT 10.0; Win64; x64) AppleWebKit/537.36 (KHTML, like Gecko) Chrome/138.0.0.0 Safari/537.36 Edg/138.0.0.0', 200, NULL, 3);
INSERT INTO accounts_audit_log (id, action, view_name, path, method, model_name, object_id, timestamp, details, changes, ip_address, browser, status_code, related_object, user_id) VALUES (20680, 'read', '', '', '', 'HTTP Request', NULL, 2025-07-21 10:59:03.535602, 'GET /', NULL, '127.0.0.1', 'Mozilla/5.0 (Windows NT 10.0; Win64; x64) AppleWebKit/537.36 (KHTML, like Gecko) Chrome/138.0.0.0 Safari/537.36 Edg/138.0.0.0', 200, NULL, 3);
INSERT INTO accounts_audit_log (id, action, view_name, path, method, model_name, object_id, timestamp, details, changes, ip_address, browser, status_code, related_object, user_id) VALUES (20681, 'read', '', '', '', 'HTTP Request', NULL, 2025-07-21 10:59:12.576064, 'GET /tankhah/tankhah/', NULL, '127.0.0.1', 'Mozilla/5.0 (Windows NT 10.0; Win64; x64) AppleWebKit/537.36 (KHTML, like Gecko) Chrome/138.0.0.0 Safari/537.36 Edg/138.0.0.0', 200, NULL, 2);
INSERT INTO accounts_audit_log (id, action, view_name, path, method, model_name, object_id, timestamp, details, changes, ip_address, browser, status_code, related_object, user_id) VALUES (20682, 'read', '', '', '', 'HTTP Request', NULL, 2025-07-21 10:59:14.669121, 'GET /', NULL, '127.0.0.1', 'Mozilla/5.0 (Windows NT 10.0; Win64; x64) AppleWebKit/537.36 (KHTML, like Gecko) Chrome/138.0.0.0 Safari/537.36 Edg/138.0.0.0', 200, NULL, 2);
INSERT INTO accounts_audit_log (id, action, view_name, path, method, model_name, object_id, timestamp, details, changes, ip_address, browser, status_code, related_object, user_id) VALUES (20683, 'read', '', '', '', 'HTTP Request', NULL, 2025-07-21 10:59:17.543625, 'GET /reports/reports/comprehensive-budget/', NULL, '127.0.0.1', 'Mozilla/5.0 (Windows NT 10.0; Win64; x64) AppleWebKit/537.36 (KHTML, like Gecko) Chrome/138.0.0.0 Safari/537.36 Edg/138.0.0.0', 200, NULL, 2);
INSERT INTO accounts_audit_log (id, action, view_name, path, method, model_name, object_id, timestamp, details, changes, ip_address, browser, status_code, related_object, user_id) VALUES (20684, 'read', '', '', '', 'HTTP Request', NULL, 2025-07-21 10:59:21.652105, 'GET /', NULL, '127.0.0.1', 'Mozilla/5.0 (Windows NT 10.0; Win64; x64) AppleWebKit/537.36 (KHTML, like Gecko) Chrome/138.0.0.0 Safari/537.36 Edg/138.0.0.0', 200, NULL, 2);
INSERT INTO accounts_audit_log (id, action, view_name, path, method, model_name, object_id, timestamp, details, changes, ip_address, browser, status_code, related_object, user_id) VALUES (20685, 'read', '', '', '', 'HTTP Request', NULL, 2025-07-21 10:59:23.910070, 'GET /budgets/budgets-dashboard', NULL, '127.0.0.1', 'Mozilla/5.0 (Windows NT 10.0; Win64; x64) AppleWebKit/537.36 (KHTML, like Gecko) Chrome/138.0.0.0 Safari/537.36 Edg/138.0.0.0', 200, NULL, 2);
INSERT INTO accounts_audit_log (id, action, view_name, path, method, model_name, object_id, timestamp, details, changes, ip_address, browser, status_code, related_object, user_id) VALUES (20686, 'read', '', '', '', 'HTTP Request', NULL, 2025-07-21 10:59:27.741588, 'GET /budgets/budgetperiod/', NULL, '127.0.0.1', 'Mozilla/5.0 (Windows NT 10.0; Win64; x64) AppleWebKit/537.36 (KHTML, like Gecko) Chrome/138.0.0.0 Safari/537.36 Edg/138.0.0.0', 200, NULL, 2);
INSERT INTO accounts_audit_log (id, action, view_name, path, method, model_name, object_id, timestamp, details, changes, ip_address, browser, status_code, related_object, user_id) VALUES (20687, 'read', '', '', '', 'HTTP Request', NULL, 2025-07-21 11:03:10.915353, 'GET /budgets/budgetperiod/add/', NULL, '127.0.0.1', 'Mozilla/5.0 (Windows NT 10.0; Win64; x64) AppleWebKit/537.36 (KHTML, like Gecko) Chrome/138.0.0.0 Safari/537.36 Edg/138.0.0.0', 200, NULL, 2);
INSERT INTO accounts_audit_log (id, action, view_name, path, method, model_name, object_id, timestamp, details, changes, ip_address, browser, status_code, related_object, user_id) VALUES (20688, 'create', '', '', '', 'HTTP Request', NULL, 2025-07-21 11:03:49.685469, 'POST /budgets/budgetperiod/add/', NULL, '127.0.0.1', 'Mozilla/5.0 (Windows NT 10.0; Win64; x64) AppleWebKit/537.36 (KHTML, like Gecko) Chrome/138.0.0.0 Safari/537.36 Edg/138.0.0.0', 302, NULL, 2);
INSERT INTO accounts_audit_log (id, action, view_name, path, method, model_name, object_id, timestamp, details, changes, ip_address, browser, status_code, related_object, user_id) VALUES (20689, 'read', '', '', '', 'HTTP Request', NULL, 2025-07-21 11:03:49.758880, 'GET /budgets/budgetperiod/', NULL, '127.0.0.1', 'Mozilla/5.0 (Windows NT 10.0; Win64; x64) AppleWebKit/537.36 (KHTML, like Gecko) Chrome/138.0.0.0 Safari/537.36 Edg/138.0.0.0', 200, NULL, 2);
INSERT INTO accounts_audit_log (id, action, view_name, path, method, model_name, object_id, timestamp, details, changes, ip_address, browser, status_code, related_object, user_id) VALUES (20690, 'read', '', '', '', 'HTTP Request', NULL, 2025-07-21 11:03:54.125537, 'GET /budgets/budgetallocations/create/', NULL, '127.0.0.1', 'Mozilla/5.0 (Windows NT 10.0; Win64; x64) AppleWebKit/537.36 (KHTML, like Gecko) Chrome/138.0.0.0 Safari/537.36 Edg/138.0.0.0', 200, NULL, 2);
INSERT INTO accounts_audit_log (id, action, view_name, path, method, model_name, object_id, timestamp, details, changes, ip_address, browser, status_code, related_object, user_id) VALUES (20691, 'read', '', '', '', 'HTTP Request', NULL, 2025-07-21 11:03:59.348628, 'GET /', NULL, '127.0.0.1', 'Mozilla/5.0 (Windows NT 10.0; Win64; x64) AppleWebKit/537.36 (KHTML, like Gecko) Chrome/138.0.0.0 Safari/537.36 Edg/138.0.0.0', 200, NULL, 2);
INSERT INTO accounts_audit_log (id, action, view_name, path, method, model_name, object_id, timestamp, details, changes, ip_address, browser, status_code, related_object, user_id) VALUES (20692, 'read', '', '', '', 'HTTP Request', NULL, 2025-07-21 11:04:01.911331, 'GET /budgets/budgets-dashboard', NULL, '127.0.0.1', 'Mozilla/5.0 (Windows NT 10.0; Win64; x64) AppleWebKit/537.36 (KHTML, like Gecko) Chrome/138.0.0.0 Safari/537.36 Edg/138.0.0.0', 200, NULL, 2);
INSERT INTO accounts_audit_log (id, action, view_name, path, method, model_name, object_id, timestamp, details, changes, ip_address, browser, status_code, related_object, user_id) VALUES (20693, 'read', '', '', '', 'HTTP Request', NULL, 2025-07-21 11:04:03.781889, 'GET /budgets/budgetitems/', NULL, '127.0.0.1', 'Mozilla/5.0 (Windows NT 10.0; Win64; x64) AppleWebKit/537.36 (KHTML, like Gecko) Chrome/138.0.0.0 Safari/537.36 Edg/138.0.0.0', 200, NULL, 2);
INSERT INTO accounts_audit_log (id, action, view_name, path, method, model_name, object_id, timestamp, details, changes, ip_address, browser, status_code, related_object, user_id) VALUES (20694, 'read', '', '', '', 'HTTP Request', NULL, 2025-07-21 11:04:05.267951, 'GET /budgets/budgetitems/create/', NULL, '127.0.0.1', 'Mozilla/5.0 (Windows NT 10.0; Win64; x64) AppleWebKit/537.36 (KHTML, like Gecko) Chrome/138.0.0.0 Safari/537.36 Edg/138.0.0.0', 200, NULL, 2);
INSERT INTO accounts_audit_log (id, action, view_name, path, method, model_name, object_id, timestamp, details, changes, ip_address, browser, status_code, related_object, user_id) VALUES (20695, 'create', '', '', '', 'HTTP Request', NULL, 2025-07-21 11:04:21.343289, 'POST /budgets/budgetitems/create/', NULL, '127.0.0.1', 'Mozilla/5.0 (Windows NT 10.0; Win64; x64) AppleWebKit/537.36 (KHTML, like Gecko) Chrome/138.0.0.0 Safari/537.36 Edg/138.0.0.0', 302, NULL, 2);
INSERT INTO accounts_audit_log (id, action, view_name, path, method, model_name, object_id, timestamp, details, changes, ip_address, browser, status_code, related_object, user_id) VALUES (20696, 'read', '', '', '', 'HTTP Request', NULL, 2025-07-21 11:04:21.427427, 'GET /budgets/budgetitems/', NULL, '127.0.0.1', 'Mozilla/5.0 (Windows NT 10.0; Win64; x64) AppleWebKit/537.36 (KHTML, like Gecko) Chrome/138.0.0.0 Safari/537.36 Edg/138.0.0.0', 200, NULL, 2);
INSERT INTO accounts_audit_log (id, action, view_name, path, method, model_name, object_id, timestamp, details, changes, ip_address, browser, status_code, related_object, user_id) VALUES (20697, 'read', '', '', '', 'HTTP Request', NULL, 2025-07-21 11:04:24.243670, 'GET /budgets/budgetitems/create/', NULL, '127.0.0.1', 'Mozilla/5.0 (Windows NT 10.0; Win64; x64) AppleWebKit/537.36 (KHTML, like Gecko) Chrome/138.0.0.0 Safari/537.36 Edg/138.0.0.0', 200, NULL, 2);
INSERT INTO accounts_audit_log (id, action, view_name, path, method, model_name, object_id, timestamp, details, changes, ip_address, browser, status_code, related_object, user_id) VALUES (20698, 'create', '', '', '', 'HTTP Request', NULL, 2025-07-21 11:04:36.864928, 'POST /budgets/budgetitems/create/', NULL, '127.0.0.1', 'Mozilla/5.0 (Windows NT 10.0; Win64; x64) AppleWebKit/537.36 (KHTML, like Gecko) Chrome/138.0.0.0 Safari/537.36 Edg/138.0.0.0', 200, NULL, 2);
INSERT INTO accounts_audit_log (id, action, view_name, path, method, model_name, object_id, timestamp, details, changes, ip_address, browser, status_code, related_object, user_id) VALUES (20699, 'create', '', '', '', 'HTTP Request', NULL, 2025-07-21 11:04:43.899233, 'POST /budgets/budgetitems/create/', NULL, '127.0.0.1', 'Mozilla/5.0 (Windows NT 10.0; Win64; x64) AppleWebKit/537.36 (KHTML, like Gecko) Chrome/138.0.0.0 Safari/537.36 Edg/138.0.0.0', 200, NULL, 2);
INSERT INTO accounts_audit_log (id, action, view_name, path, method, model_name, object_id, timestamp, details, changes, ip_address, browser, status_code, related_object, user_id) VALUES (20700, 'create', '', '', '', 'HTTP Request', NULL, 2025-07-21 11:04:53.961702, 'POST /budgets/budgetitems/create/', NULL, '127.0.0.1', 'Mozilla/5.0 (Windows NT 10.0; Win64; x64) AppleWebKit/537.36 (KHTML, like Gecko) Chrome/138.0.0.0 Safari/537.36 Edg/138.0.0.0', 302, NULL, 2);
INSERT INTO accounts_audit_log (id, action, view_name, path, method, model_name, object_id, timestamp, details, changes, ip_address, browser, status_code, related_object, user_id) VALUES (20701, 'read', '', '', '', 'HTTP Request', NULL, 2025-07-21 11:04:54.027997, 'GET /budgets/budgetitems/', NULL, '127.0.0.1', 'Mozilla/5.0 (Windows NT 10.0; Win64; x64) AppleWebKit/537.36 (KHTML, like Gecko) Chrome/138.0.0.0 Safari/537.36 Edg/138.0.0.0', 200, NULL, 2);
INSERT INTO accounts_audit_log (id, action, view_name, path, method, model_name, object_id, timestamp, details, changes, ip_address, browser, status_code, related_object, user_id) VALUES (20702, 'read', '', '', '', 'HTTP Request', NULL, 2025-07-21 11:04:58.000887, 'GET /budgets/budgetitems/create/', NULL, '127.0.0.1', 'Mozilla/5.0 (Windows NT 10.0; Win64; x64) AppleWebKit/537.36 (KHTML, like Gecko) Chrome/138.0.0.0 Safari/537.36 Edg/138.0.0.0', 200, NULL, 2);
INSERT INTO accounts_audit_log (id, action, view_name, path, method, model_name, object_id, timestamp, details, changes, ip_address, browser, status_code, related_object, user_id) VALUES (20703, 'create', '', '', '', 'HTTP Request', NULL, 2025-07-21 11:09:49.310243, 'POST /budgets/budgetitems/create/', NULL, '127.0.0.1', 'Mozilla/5.0 (Windows NT 10.0; Win64; x64) AppleWebKit/537.36 (KHTML, like Gecko) Chrome/138.0.0.0 Safari/537.36 Edg/138.0.0.0', 302, NULL, 2);
INSERT INTO accounts_audit_log (id, action, view_name, path, method, model_name, object_id, timestamp, details, changes, ip_address, browser, status_code, related_object, user_id) VALUES (20704, 'read', '', '', '', 'HTTP Request', NULL, 2025-07-21 11:09:49.375952, 'GET /budgets/budgetitems/', NULL, '127.0.0.1', 'Mozilla/5.0 (Windows NT 10.0; Win64; x64) AppleWebKit/537.36 (KHTML, like Gecko) Chrome/138.0.0.0 Safari/537.36 Edg/138.0.0.0', 200, NULL, 2);
INSERT INTO accounts_audit_log (id, action, view_name, path, method, model_name, object_id, timestamp, details, changes, ip_address, browser, status_code, related_object, user_id) VALUES (20705, 'read', '', '', '', 'HTTP Request', NULL, 2025-07-21 11:09:55.086909, 'GET /budgets/budgetallocations/create/', NULL, '127.0.0.1', 'Mozilla/5.0 (Windows NT 10.0; Win64; x64) AppleWebKit/537.36 (KHTML, like Gecko) Chrome/138.0.0.0 Safari/537.36 Edg/138.0.0.0', 200, NULL, 2);
INSERT INTO accounts_audit_log (id, action, view_name, path, method, model_name, object_id, timestamp, details, changes, ip_address, browser, status_code, related_object, user_id) VALUES (20706, 'read', '', '', '', 'HTTP Request', NULL, 2025-07-21 11:10:06.214017, 'GET /budgets/api/projects-by-organization/', NULL, '127.0.0.1', 'Mozilla/5.0 (Windows NT 10.0; Win64; x64) AppleWebKit/537.36 (KHTML, like Gecko) Chrome/138.0.0.0 Safari/537.36 Edg/138.0.0.0', 200, NULL, 2);
INSERT INTO accounts_audit_log (id, action, view_name, path, method, model_name, object_id, timestamp, details, changes, ip_address, browser, status_code, related_object, user_id) VALUES (20707, 'read', '', '', '', 'HTTP Request', NULL, 2025-07-21 11:10:06.239161, 'GET /budgets/api/projects-by-organization/', NULL, '127.0.0.1', 'Mozilla/5.0 (Windows NT 10.0; Win64; x64) AppleWebKit/537.36 (KHTML, like Gecko) Chrome/138.0.0.0 Safari/537.36 Edg/138.0.0.0', 200, NULL, 2);
INSERT INTO accounts_audit_log (id, action, view_name, path, method, model_name, object_id, timestamp, details, changes, ip_address, browser, status_code, related_object, user_id) VALUES (20708, 'create', '', '', '', 'HTTP Request', NULL, 2025-07-21 11:10:16.423226, 'POST /budgets/budgetallocations/create/', NULL, '127.0.0.1', 'Mozilla/5.0 (Windows NT 10.0; Win64; x64) AppleWebKit/537.36 (KHTML, like Gecko) Chrome/138.0.0.0 Safari/537.36 Edg/138.0.0.0', 302, NULL, 2);
INSERT INTO accounts_audit_log (id, action, view_name, path, method, model_name, object_id, timestamp, details, changes, ip_address, browser, status_code, related_object, user_id) VALUES (20709, 'read', '', '', '', 'HTTP Request', NULL, 2025-07-21 11:10:16.568820, 'GET /budgets/budgetallocation/', NULL, '127.0.0.1', 'Mozilla/5.0 (Windows NT 10.0; Win64; x64) AppleWebKit/537.36 (KHTML, like Gecko) Chrome/138.0.0.0 Safari/537.36 Edg/138.0.0.0', 200, NULL, 2);
INSERT INTO accounts_audit_log (id, action, view_name, path, method, model_name, object_id, timestamp, details, changes, ip_address, browser, status_code, related_object, user_id) VALUES (20710, 'read', '', '', '', 'HTTP Request', NULL, 2025-07-21 11:10:21.515132, 'GET /', NULL, '127.0.0.1', 'Mozilla/5.0 (Windows NT 10.0; Win64; x64) AppleWebKit/537.36 (KHTML, like Gecko) Chrome/138.0.0.0 Safari/537.36 Edg/138.0.0.0', 200, NULL, 2);
INSERT INTO accounts_audit_log (id, action, view_name, path, method, model_name, object_id, timestamp, details, changes, ip_address, browser, status_code, related_object, user_id) VALUES (20711, 'read', '', '', '', 'HTTP Request', NULL, 2025-07-21 11:10:23.887009, 'GET /tankhah/tankhah/', NULL, '127.0.0.1', 'Mozilla/5.0 (Windows NT 10.0; Win64; x64) AppleWebKit/537.36 (KHTML, like Gecko) Chrome/138.0.0.0 Safari/537.36 Edg/138.0.0.0', 200, NULL, 2);
INSERT INTO accounts_audit_log (id, action, view_name, path, method, model_name, object_id, timestamp, details, changes, ip_address, browser, status_code, related_object, user_id) VALUES (20712, 'read', '', '', '', 'HTTP Request', NULL, 2025-07-21 11:10:27.261477, 'GET /tankhah/tankhah/create/', NULL, '127.0.0.1', 'Mozilla/5.0 (Windows NT 10.0; Win64; x64) AppleWebKit/537.36 (KHTML, like Gecko) Chrome/138.0.0.0 Safari/537.36 Edg/138.0.0.0', 200, NULL, 2);
INSERT INTO accounts_audit_log (id, action, view_name, path, method, model_name, object_id, timestamp, details, changes, ip_address, browser, status_code, related_object, user_id) VALUES (20713, 'read', '', '', '', 'HTTP Request', NULL, 2025-07-21 11:10:34.706669, 'GET /tankhah/get_projects/', NULL, '127.0.0.1', 'Mozilla/5.0 (Windows NT 10.0; Win64; x64) AppleWebKit/537.36 (KHTML, like Gecko) Chrome/138.0.0.0 Safari/537.36 Edg/138.0.0.0', 200, NULL, 2);
INSERT INTO accounts_audit_log (id, action, view_name, path, method, model_name, object_id, timestamp, details, changes, ip_address, browser, status_code, related_object, user_id) VALUES (20714, 'read', '', '', '', 'HTTP Request', NULL, 2025-07-21 11:10:36.782938, 'GET /tankhah/get_subprojects/', NULL, '127.0.0.1', 'Mozilla/5.0 (Windows NT 10.0; Win64; x64) AppleWebKit/537.36 (KHTML, like Gecko) Chrome/138.0.0.0 Safari/537.36 Edg/138.0.0.0', 200, NULL, 2);
INSERT INTO accounts_audit_log (id, action, view_name, path, method, model_name, object_id, timestamp, details, changes, ip_address, browser, status_code, related_object, user_id) VALUES (20715, 'read', '', '', '', 'HTTP Request', NULL, 2025-07-21 11:10:36.797010, 'GET /budgets/get-budget-info/', NULL, '127.0.0.1', 'Mozilla/5.0 (Windows NT 10.0; Win64; x64) AppleWebKit/537.36 (KHTML, like Gecko) Chrome/138.0.0.0 Safari/537.36 Edg/138.0.0.0', 200, NULL, 2);
INSERT INTO accounts_audit_log (id, action, view_name, path, method, model_name, object_id, timestamp, details, changes, ip_address, browser, status_code, related_object, user_id) VALUES (20716, 'create', '', '', '', 'HTTP Request', NULL, 2025-07-21 11:10:53.419494, 'POST /tankhah/tankhah/create/', NULL, '127.0.0.1', 'Mozilla/5.0 (Windows NT 10.0; Win64; x64) AppleWebKit/537.36 (KHTML, like Gecko) Chrome/138.0.0.0 Safari/537.36 Edg/138.0.0.0', 200, NULL, 2);
INSERT INTO accounts_audit_log (id, action, view_name, path, method, model_name, object_id, timestamp, details, changes, ip_address, browser, status_code, related_object, user_id) VALUES (20717, 'read', '', '', '', 'HTTP Request', NULL, 2025-07-21 11:10:53.501396, 'GET /tankhah/get_subprojects/', NULL, '127.0.0.1', 'Mozilla/5.0 (Windows NT 10.0; Win64; x64) AppleWebKit/537.36 (KHTML, like Gecko) Chrome/138.0.0.0 Safari/537.36 Edg/138.0.0.0', 200, NULL, 2);
INSERT INTO accounts_audit_log (id, action, view_name, path, method, model_name, object_id, timestamp, details, changes, ip_address, browser, status_code, related_object, user_id) VALUES (20718, 'read', '', '', '', 'HTTP Request', NULL, 2025-07-21 10:45:55.988485, 'GET /tankhah/factor-item/3/approve/', NULL, '127.0.0.1', 'Mozilla/5.0 (Windows NT 10.0; Win64; x64) AppleWebKit/537.36 (KHTML, like Gecko) Chrome/138.0.0.0 Safari/537.36 Edg/138.0.0.0', 302, NULL, NULL);
INSERT INTO accounts_audit_log (id, action, view_name, path, method, model_name, object_id, timestamp, details, changes, ip_address, browser, status_code, related_object, user_id) VALUES (20719, 'read', '', '', '', 'HTTP Request', NULL, 2025-07-21 10:45:56.033350, 'GET /accounts/login/', NULL, '127.0.0.1', 'Mozilla/5.0 (Windows NT 10.0; Win64; x64) AppleWebKit/537.36 (KHTML, like Gecko) Chrome/138.0.0.0 Safari/537.36 Edg/138.0.0.0', 200, NULL, NULL);
INSERT INTO accounts_audit_log (id, action, view_name, path, method, model_name, object_id, timestamp, details, changes, ip_address, browser, status_code, related_object, user_id) VALUES (20720, 'create', '', '', '', 'HTTP Request', NULL, 2025-07-21 10:46:03.177255, 'POST /tankhah/factor-item/4/approve/', NULL, '127.0.0.1', 'Mozilla/5.0 (Windows NT 10.0; Win64; x64) AppleWebKit/537.36 (KHTML, like Gecko) Chrome/138.0.0.0 Safari/537.36 Edg/138.0.0.0', 403, NULL, 4);
INSERT INTO accounts_audit_log (id, action, view_name, path, method, model_name, object_id, timestamp, details, changes, ip_address, browser, status_code, related_object, user_id) VALUES (20721, 'read', '', '', '', 'HTTP Request', NULL, 2025-07-21 10:46:03.384018, 'GET /favicon.ico', NULL, '127.0.0.1', 'Mozilla/5.0 (Windows NT 10.0; Win64; x64) AppleWebKit/537.36 (KHTML, like Gecko) Chrome/138.0.0.0 Safari/537.36 Edg/138.0.0.0', 302, NULL, 4);
INSERT INTO accounts_audit_log (id, action, view_name, path, method, model_name, object_id, timestamp, details, changes, ip_address, browser, status_code, related_object, user_id) VALUES (20722, 'read', '', '', '', 'HTTP Request', NULL, 2025-07-21 10:46:04.889019, 'GET /tankhah/factor-item/4/approve/', NULL, '127.0.0.1', 'Mozilla/5.0 (Windows NT 10.0; Win64; x64) AppleWebKit/537.36 (KHTML, like Gecko) Chrome/138.0.0.0 Safari/537.36 Edg/138.0.0.0', 200, NULL, 4);
INSERT INTO accounts_audit_log (id, action, view_name, path, method, model_name, object_id, timestamp, details, changes, ip_address, browser, status_code, related_object, user_id) VALUES (20723, 'read', '', '', '', 'HTTP Request', NULL, 2025-07-21 10:46:05.728101, 'GET /tankhah/factor/list/', NULL, '127.0.0.1', 'Mozilla/5.0 (Windows NT 10.0; Win64; x64) AppleWebKit/537.36 (KHTML, like Gecko) Chrome/138.0.0.0 Safari/537.36 Edg/138.0.0.0', 200, NULL, 4);
INSERT INTO accounts_audit_log (id, action, view_name, path, method, model_name, object_id, timestamp, details, changes, ip_address, browser, status_code, related_object, user_id) VALUES (20724, 'read', '', '', '', 'HTTP Request', NULL, 2025-07-21 10:46:32.826344, 'GET /tankhah/factor-item/1/approve/', NULL, '127.0.0.1', 'Mozilla/5.0 (Windows NT 10.0; Win64; x64) AppleWebKit/537.36 (KHTML, like Gecko) Chrome/138.0.0.0 Safari/537.36 Edg/138.0.0.0', 200, NULL, 4);
INSERT INTO accounts_audit_log (id, action, view_name, path, method, model_name, object_id, timestamp, details, changes, ip_address, browser, status_code, related_object, user_id) VALUES (20725, 'create', '', '', '', 'HTTP Request', NULL, 2025-07-21 10:46:44.630939, 'POST /tankhah/factor-item/1/approve/', NULL, '127.0.0.1', 'Mozilla/5.0 (Windows NT 10.0; Win64; x64) AppleWebKit/537.36 (KHTML, like Gecko) Chrome/138.0.0.0 Safari/537.36 Edg/138.0.0.0', 200, NULL, 4);
INSERT INTO accounts_audit_log (id, action, view_name, path, method, model_name, object_id, timestamp, details, changes, ip_address, browser, status_code, related_object, user_id) VALUES (20726, 'create', '', '', '', 'HTTP Request', NULL, 2025-07-21 10:46:56.118572, 'POST /accounts/heartbeat/', NULL, '127.0.0.1', 'Mozilla/5.0 (Windows NT 10.0; Win64; x64) AppleWebKit/537.36 (KHTML, like Gecko) Chrome/138.0.0.0 Safari/537.36 Edg/138.0.0.0', 302, NULL, NULL);
INSERT INTO accounts_audit_log (id, action, view_name, path, method, model_name, object_id, timestamp, details, changes, ip_address, browser, status_code, related_object, user_id) VALUES (20727, 'read', '', '', '', 'HTTP Request', NULL, 2025-07-21 10:46:56.154797, 'GET /accounts/login/', NULL, '127.0.0.1', 'Mozilla/5.0 (Windows NT 10.0; Win64; x64) AppleWebKit/537.36 (KHTML, like Gecko) Chrome/138.0.0.0 Safari/537.36 Edg/138.0.0.0', 200, NULL, NULL);
INSERT INTO accounts_audit_log (id, action, view_name, path, method, model_name, object_id, timestamp, details, changes, ip_address, browser, status_code, related_object, user_id) VALUES (20728, 'create', '', '', '', 'HTTP Request', NULL, 2025-07-21 10:47:00.019032, 'POST /tankhah/factor-item/1/approve/', NULL, '127.0.0.1', 'Mozilla/5.0 (Windows NT 10.0; Win64; x64) AppleWebKit/537.36 (KHTML, like Gecko) Chrome/138.0.0.0 Safari/537.36 Edg/138.0.0.0', 200, NULL, 4);
INSERT INTO accounts_audit_log (id, action, view_name, path, method, model_name, object_id, timestamp, details, changes, ip_address, browser, status_code, related_object, user_id) VALUES (20729, 'read', '', '', '', 'HTTP Request', NULL, 2025-07-21 10:47:19.328779, 'GET /tankhah/factor/list/', NULL, '127.0.0.1', 'Mozilla/5.0 (Windows NT 10.0; Win64; x64) AppleWebKit/537.36 (KHTML, like Gecko) Chrome/138.0.0.0 Safari/537.36 Edg/138.0.0.0', 200, NULL, 4);
INSERT INTO accounts_audit_log (id, action, view_name, path, method, model_name, object_id, timestamp, details, changes, ip_address, browser, status_code, related_object, user_id) VALUES (20730, 'read', '', '', '', 'HTTP Request', NULL, 2025-07-21 10:47:27.467216, 'GET /tankhah/factors/1/edit/', NULL, '127.0.0.1', 'Mozilla/5.0 (Windows NT 10.0; Win64; x64) AppleWebKit/537.36 (KHTML, like Gecko) Chrome/138.0.0.0 Safari/537.36 Edg/138.0.0.0', 200, NULL, 4);
INSERT INTO accounts_audit_log (id, action, view_name, path, method, model_name, object_id, timestamp, details, changes, ip_address, browser, status_code, related_object, user_id) VALUES (20731, 'read', '', '', '', 'HTTP Request', NULL, 2025-07-21 10:47:27.587961, 'GET /tankhah/get-tankhah-budget-info/', NULL, '127.0.0.1', 'Mozilla/5.0 (Windows NT 10.0; Win64; x64) AppleWebKit/537.36 (KHTML, like Gecko) Chrome/138.0.0.0 Safari/537.36 Edg/138.0.0.0', 200, NULL, 4);
INSERT INTO accounts_audit_log (id, action, view_name, path, method, model_name, object_id, timestamp, details, changes, ip_address, browser, status_code, related_object, user_id) VALUES (20732, 'read', '', '', '', 'HTTP Request', NULL, 2025-07-21 10:47:41.764843, 'GET /tankhah/factor/list/', NULL, '127.0.0.1', 'Mozilla/5.0 (Windows NT 10.0; Win64; x64) AppleWebKit/537.36 (KHTML, like Gecko) Chrome/138.0.0.0 Safari/537.36 Edg/138.0.0.0', 200, NULL, 4);
INSERT INTO accounts_audit_log (id, action, view_name, path, method, model_name, object_id, timestamp, details, changes, ip_address, browser, status_code, related_object, user_id) VALUES (20733, 'read', '', '', '', 'HTTP Request', NULL, 2025-07-21 10:47:52.632329, 'GET /tankhah/factor/1/delete/', NULL, '127.0.0.1', 'Mozilla/5.0 (Windows NT 10.0; Win64; x64) AppleWebKit/537.36 (KHTML, like Gecko) Chrome/138.0.0.0 Safari/537.36 Edg/138.0.0.0', 200, NULL, 4);
INSERT INTO accounts_audit_log (id, action, view_name, path, method, model_name, object_id, timestamp, details, changes, ip_address, browser, status_code, related_object, user_id) VALUES (20734, 'create', '', '', '', 'HTTP Request', NULL, 2025-07-21 10:47:53.999360, 'POST /tankhah/factor/1/delete/', NULL, '127.0.0.1', 'Mozilla/5.0 (Windows NT 10.0; Win64; x64) AppleWebKit/537.36 (KHTML, like Gecko) Chrome/138.0.0.0 Safari/537.36 Edg/138.0.0.0', 302, NULL, 4);
INSERT INTO accounts_audit_log (id, action, view_name, path, method, model_name, object_id, timestamp, details, changes, ip_address, browser, status_code, related_object, user_id) VALUES (20735, 'read', '', '', '', 'HTTP Request', NULL, 2025-07-21 10:47:54.184231, 'GET /tankhah/factor/list/', NULL, '127.0.0.1', 'Mozilla/5.0 (Windows NT 10.0; Win64; x64) AppleWebKit/537.36 (KHTML, like Gecko) Chrome/138.0.0.0 Safari/537.36 Edg/138.0.0.0', 200, NULL, 4);
INSERT INTO accounts_audit_log (id, action, view_name, path, method, model_name, object_id, timestamp, details, changes, ip_address, browser, status_code, related_object, user_id) VALUES (20736, 'create', '', '', '', 'HTTP Request', NULL, 2025-07-21 10:47:56.944981, 'POST /accounts/heartbeat/', NULL, '127.0.0.1', 'Mozilla/5.0 (Windows NT 10.0; Win64; x64) AppleWebKit/537.36 (KHTML, like Gecko) Chrome/138.0.0.0 Safari/537.36 Edg/138.0.0.0', 302, NULL, NULL);
INSERT INTO accounts_audit_log (id, action, view_name, path, method, model_name, object_id, timestamp, details, changes, ip_address, browser, status_code, related_object, user_id) VALUES (20737, 'read', '', '', '', 'HTTP Request', NULL, 2025-07-21 10:47:57.028986, 'GET /accounts/login/', NULL, '127.0.0.1', 'Mozilla/5.0 (Windows NT 10.0; Win64; x64) AppleWebKit/537.36 (KHTML, like Gecko) Chrome/138.0.0.0 Safari/537.36 Edg/138.0.0.0', 200, NULL, NULL);
INSERT INTO accounts_audit_log (id, action, view_name, path, method, model_name, object_id, timestamp, details, changes, ip_address, browser, status_code, related_object, user_id) VALUES (20738, 'read', '', '', '', 'HTTP Request', NULL, 2025-07-21 10:47:59.455732, 'GET /tankhah/factor/6/delete/', NULL, '127.0.0.1', 'Mozilla/5.0 (Windows NT 10.0; Win64; x64) AppleWebKit/537.36 (KHTML, like Gecko) Chrome/138.0.0.0 Safari/537.36 Edg/138.0.0.0', 200, NULL, 4);
INSERT INTO accounts_audit_log (id, action, view_name, path, method, model_name, object_id, timestamp, details, changes, ip_address, browser, status_code, related_object, user_id) VALUES (20739, 'create', '', '', '', 'HTTP Request', NULL, 2025-07-21 10:48:00.809200, 'POST /tankhah/factor/6/delete/', NULL, '127.0.0.1', 'Mozilla/5.0 (Windows NT 10.0; Win64; x64) AppleWebKit/537.36 (KHTML, like Gecko) Chrome/138.0.0.0 Safari/537.36 Edg/138.0.0.0', 302, NULL, 4);
INSERT INTO accounts_audit_log (id, action, view_name, path, method, model_name, object_id, timestamp, details, changes, ip_address, browser, status_code, related_object, user_id) VALUES (20740, 'read', '', '', '', 'HTTP Request', NULL, 2025-07-21 10:48:00.973252, 'GET /tankhah/factor/list/', NULL, '127.0.0.1', 'Mozilla/5.0 (Windows NT 10.0; Win64; x64) AppleWebKit/537.36 (KHTML, like Gecko) Chrome/138.0.0.0 Safari/537.36 Edg/138.0.0.0', 200, NULL, 4);
INSERT INTO accounts_audit_log (id, action, view_name, path, method, model_name, object_id, timestamp, details, changes, ip_address, browser, status_code, related_object, user_id) VALUES (20741, 'create', '', '', '', 'HTTP Request', NULL, 2025-07-21 10:48:37.583490, 'POST /accounts/login/', NULL, '127.0.0.1', 'Mozilla/5.0 (Windows NT 10.0; Win64; x64) AppleWebKit/537.36 (KHTML, like Gecko) Chrome/138.0.0.0 Safari/537.36 Edg/138.0.0.0', 302, NULL, NULL);
INSERT INTO accounts_audit_log (id, action, view_name, path, method, model_name, object_id, timestamp, details, changes, ip_address, browser, status_code, related_object, user_id) VALUES (20742, 'read', '', '', '', 'HTTP Request', NULL, 2025-07-21 10:48:37.659773, 'GET /', NULL, '127.0.0.1', 'Mozilla/5.0 (Windows NT 10.0; Win64; x64) AppleWebKit/537.36 (KHTML, like Gecko) Chrome/138.0.0.0 Safari/537.36 Edg/138.0.0.0', 200, NULL, 2);
INSERT INTO accounts_audit_log (id, action, view_name, path, method, model_name, object_id, timestamp, details, changes, ip_address, browser, status_code, related_object, user_id) VALUES (20743, 'read', '', '', '', 'HTTP Request', NULL, 2025-07-21 10:48:40.213810, 'GET /tankhah/tankhah/', NULL, '127.0.0.1', 'Mozilla/5.0 (Windows NT 10.0; Win64; x64) AppleWebKit/537.36 (KHTML, like Gecko) Chrome/138.0.0.0 Safari/537.36 Edg/138.0.0.0', 200, NULL, 2);
INSERT INTO accounts_audit_log (id, action, view_name, path, method, model_name, object_id, timestamp, details, changes, ip_address, browser, status_code, related_object, user_id) VALUES (20744, 'read', '', '', '', 'HTTP Request', NULL, 2025-07-21 10:48:52.956304, 'GET /tankhah/tankhah/3/', NULL, '127.0.0.1', 'Mozilla/5.0 (Windows NT 10.0; Win64; x64) AppleWebKit/537.36 (KHTML, like Gecko) Chrome/138.0.0.0 Safari/537.36 Edg/138.0.0.0', 200, NULL, 2);
INSERT INTO accounts_audit_log (id, action, view_name, path, method, model_name, object_id, timestamp, details, changes, ip_address, browser, status_code, related_object, user_id) VALUES (20745, 'read', '', '', '', 'HTTP Request', NULL, 2025-07-21 10:49:49.627056, 'GET /', NULL, '127.0.0.1', 'Mozilla/5.0 (Windows NT 10.0; Win64; x64) AppleWebKit/537.36 (KHTML, like Gecko) Chrome/138.0.0.0 Safari/537.36 Edg/138.0.0.0', 200, NULL, 2);
INSERT INTO accounts_audit_log (id, action, view_name, path, method, model_name, object_id, timestamp, details, changes, ip_address, browser, status_code, related_object, user_id) VALUES (20746, 'read', '', '', '', 'HTTP Request', NULL, 2025-07-21 10:49:51.649566, 'GET /tankhah/tankhah/', NULL, '127.0.0.1', 'Mozilla/5.0 (Windows NT 10.0; Win64; x64) AppleWebKit/537.36 (KHTML, like Gecko) Chrome/138.0.0.0 Safari/537.36 Edg/138.0.0.0', 200, NULL, 2);
INSERT INTO accounts_audit_log (id, action, view_name, path, method, model_name, object_id, timestamp, details, changes, ip_address, browser, status_code, related_object, user_id) VALUES (20747, 'read', '', '', '', 'HTTP Request', NULL, 2025-07-21 10:50:00.893356, 'GET /tankhah/tankhah/2/timeline/', NULL, '127.0.0.1', 'Mozilla/5.0 (Windows NT 10.0; Win64; x64) AppleWebKit/537.36 (KHTML, like Gecko) Chrome/138.0.0.0 Safari/537.36 Edg/138.0.0.0', 200, NULL, 2);
INSERT INTO accounts_audit_log (id, action, view_name, path, method, model_name, object_id, timestamp, details, changes, ip_address, browser, status_code, related_object, user_id) VALUES (20748, 'read', '', '', '', 'HTTP Request', NULL, 2025-07-21 10:50:07.341587, 'GET /', NULL, '127.0.0.1', 'Mozilla/5.0 (Windows NT 10.0; Win64; x64) AppleWebKit/537.36 (KHTML, like Gecko) Chrome/138.0.0.0 Safari/537.36 Edg/138.0.0.0', 200, NULL, 2);
INSERT INTO accounts_audit_log (id, action, view_name, path, method, model_name, object_id, timestamp, details, changes, ip_address, browser, status_code, related_object, user_id) VALUES (20749, 'read', '', '', '', 'HTTP Request', NULL, 2025-07-21 10:50:11.238120, 'GET /tankhah/factor/list/', NULL, '127.0.0.1', 'Mozilla/5.0 (Windows NT 10.0; Win64; x64) AppleWebKit/537.36 (KHTML, like Gecko) Chrome/138.0.0.0 Safari/537.36 Edg/138.0.0.0', 200, NULL, 2);
INSERT INTO accounts_audit_log (id, action, view_name, path, method, model_name, object_id, timestamp, details, changes, ip_address, browser, status_code, related_object, user_id) VALUES (20750, 'read', '', '', '', 'HTTP Request', NULL, 2025-07-21 10:52:57.348036, 'GET /tankhah/factor/list/', NULL, '127.0.0.1', 'Mozilla/5.0 (Windows NT 10.0; Win64; x64) AppleWebKit/537.36 (KHTML, like Gecko) Chrome/138.0.0.0 Safari/537.36 Edg/138.0.0.0', 200, NULL, 2);
INSERT INTO accounts_audit_log (id, action, view_name, path, method, model_name, object_id, timestamp, details, changes, ip_address, browser, status_code, related_object, user_id) VALUES (20751, 'read', '', '', '', 'HTTP Request', NULL, 2025-07-21 10:52:58.823115, 'GET /tankhah/factor/create/new/', NULL, '127.0.0.1', 'Mozilla/5.0 (Windows NT 10.0; Win64; x64) AppleWebKit/537.36 (KHTML, like Gecko) Chrome/138.0.0.0 Safari/537.36 Edg/138.0.0.0', 200, NULL, 2);
INSERT INTO accounts_audit_log (id, action, view_name, path, method, model_name, object_id, timestamp, details, changes, ip_address, browser, status_code, related_object, user_id) VALUES (20752, 'read', '', '', '', 'HTTP Request', NULL, 2025-07-21 10:53:03.727361, 'GET /tankhah/factor/list/', NULL, '127.0.0.1', 'Mozilla/5.0 (Windows NT 10.0; Win64; x64) AppleWebKit/537.36 (KHTML, like Gecko) Chrome/138.0.0.0 Safari/537.36 Edg/138.0.0.0', 200, NULL, 4);
INSERT INTO accounts_audit_log (id, action, view_name, path, method, model_name, object_id, timestamp, details, changes, ip_address, browser, status_code, related_object, user_id) VALUES (20753, 'create', '', '', '', 'HTTP Request', NULL, 2025-07-21 10:53:10.746125, 'POST /accounts/logout/', NULL, '127.0.0.1', 'Mozilla/5.0 (Windows NT 10.0; Win64; x64) AppleWebKit/537.36 (KHTML, like Gecko) Chrome/138.0.0.0 Safari/537.36 Edg/138.0.0.0', 302, NULL, 4);
INSERT INTO accounts_audit_log (id, action, view_name, path, method, model_name, object_id, timestamp, details, changes, ip_address, browser, status_code, related_object, user_id) VALUES (20754, 'read', '', '', '', 'HTTP Request', NULL, 2025-07-21 10:53:10.774362, 'GET /accounts/login/', NULL, '127.0.0.1', 'Mozilla/5.0 (Windows NT 10.0; Win64; x64) AppleWebKit/537.36 (KHTML, like Gecko) Chrome/138.0.0.0 Safari/537.36 Edg/138.0.0.0', 200, NULL, NULL);
INSERT INTO accounts_audit_log (id, action, view_name, path, method, model_name, object_id, timestamp, details, changes, ip_address, browser, status_code, related_object, user_id) VALUES (20755, 'create', '', '', '', 'HTTP Request', NULL, 2025-07-21 10:53:20.071512, 'POST /accounts/login/', NULL, '127.0.0.1', 'Mozilla/5.0 (Windows NT 10.0; Win64; x64) AppleWebKit/537.36 (KHTML, like Gecko) Chrome/138.0.0.0 Safari/537.36 Edg/138.0.0.0', 302, NULL, NULL);
INSERT INTO accounts_audit_log (id, action, view_name, path, method, model_name, object_id, timestamp, details, changes, ip_address, browser, status_code, related_object, user_id) VALUES (20756, 'read', '', '', '', 'HTTP Request', NULL, 2025-07-21 10:53:20.133270, 'GET /', NULL, '127.0.0.1', 'Mozilla/5.0 (Windows NT 10.0; Win64; x64) AppleWebKit/537.36 (KHTML, like Gecko) Chrome/138.0.0.0 Safari/537.36 Edg/138.0.0.0', 200, NULL, 3);
INSERT INTO accounts_audit_log (id, action, view_name, path, method, model_name, object_id, timestamp, details, changes, ip_address, browser, status_code, related_object, user_id) VALUES (20757, 'read', '', '', '', 'HTTP Request', NULL, 2025-07-21 10:53:22.832992, 'GET /tankhah/factor/list/', NULL, '127.0.0.1', 'Mozilla/5.0 (Windows NT 10.0; Win64; x64) AppleWebKit/537.36 (KHTML, like Gecko) Chrome/138.0.0.0 Safari/537.36 Edg/138.0.0.0', 200, NULL, 3);
INSERT INTO accounts_audit_log (id, action, view_name, path, method, model_name, object_id, timestamp, details, changes, ip_address, browser, status_code, related_object, user_id) VALUES (20758, 'read', '', '', '', 'HTTP Request', NULL, 2025-07-21 10:53:23.718792, 'GET /tankhah/factor/create/new/', NULL, '127.0.0.1', 'Mozilla/5.0 (Windows NT 10.0; Win64; x64) AppleWebKit/537.36 (KHTML, like Gecko) Chrome/138.0.0.0 Safari/537.36 Edg/138.0.0.0', 200, NULL, 3);
INSERT INTO accounts_audit_log (id, action, view_name, path, method, model_name, object_id, timestamp, details, changes, ip_address, browser, status_code, related_object, user_id) VALUES (20759, 'read', '', '', '', 'HTTP Request', NULL, 2025-07-21 10:53:26.298121, 'GET /tankhah/get-tankhah-budget-info/', NULL, '127.0.0.1', 'Mozilla/5.0 (Windows NT 10.0; Win64; x64) AppleWebKit/537.36 (KHTML, like Gecko) Chrome/138.0.0.0 Safari/537.36 Edg/138.0.0.0', 200, NULL, 3);
INSERT INTO accounts_audit_log (id, action, view_name, path, method, model_name, object_id, timestamp, details, changes, ip_address, browser, status_code, related_object, user_id) VALUES (20760, 'create', '', '', '', 'HTTP Request', NULL, 2025-07-21 10:53:55.641716, 'POST /tankhah/factor/create/new/', NULL, '127.0.0.1', 'Mozilla/5.0 (Windows NT 10.0; Win64; x64) AppleWebKit/537.36 (KHTML, like Gecko) Chrome/138.0.0.0 Safari/537.36 Edg/138.0.0.0', 200, NULL, 3);
INSERT INTO accounts_audit_log (id, action, view_name, path, method, model_name, object_id, timestamp, details, changes, ip_address, browser, status_code, related_object, user_id) VALUES (20761, 'read', '', '', '', 'HTTP Request', NULL, 2025-07-21 10:53:55.797649, 'GET /tankhah/get-tankhah-budget-info/', NULL, '127.0.0.1', 'Mozilla/5.0 (Windows NT 10.0; Win64; x64) AppleWebKit/537.36 (KHTML, like Gecko) Chrome/138.0.0.0 Safari/537.36 Edg/138.0.0.0', 200, NULL, 3);
INSERT INTO accounts_audit_log (id, action, view_name, path, method, model_name, object_id, timestamp, details, changes, ip_address, browser, status_code, related_object, user_id) VALUES (20762, 'create', '', '', '', 'HTTP Request', NULL, 2025-07-21 10:54:09.306881, 'POST /tankhah/factor/create/new/', NULL, '127.0.0.1', 'Mozilla/5.0 (Windows NT 10.0; Win64; x64) AppleWebKit/537.36 (KHTML, like Gecko) Chrome/138.0.0.0 Safari/537.36 Edg/138.0.0.0', 200, NULL, 3);
INSERT INTO accounts_audit_log (id, action, view_name, path, method, model_name, object_id, timestamp, details, changes, ip_address, browser, status_code, related_object, user_id) VALUES (20763, 'read', '', '', '', 'HTTP Request', NULL, 2025-07-21 10:54:09.408494, 'GET /tankhah/get-tankhah-budget-info/', NULL, '127.0.0.1', 'Mozilla/5.0 (Windows NT 10.0; Win64; x64) AppleWebKit/537.36 (KHTML, like Gecko) Chrome/138.0.0.0 Safari/537.36 Edg/138.0.0.0', 200, NULL, 3);
INSERT INTO accounts_audit_log (id, action, view_name, path, method, model_name, object_id, timestamp, details, changes, ip_address, browser, status_code, related_object, user_id) VALUES (20764, 'read', '', '', '', 'HTTP Request', NULL, 2025-07-21 10:55:00.134909, 'GET /', NULL, '127.0.0.1', 'Mozilla/5.0 (Windows NT 10.0; Win64; x64) AppleWebKit/537.36 (KHTML, like Gecko) Chrome/138.0.0.0 Safari/537.36 Edg/138.0.0.0', 200, NULL, 2);
INSERT INTO accounts_audit_log (id, action, view_name, path, method, model_name, object_id, timestamp, details, changes, ip_address, browser, status_code, related_object, user_id) VALUES (20765, 'read', '', '', '', 'HTTP Request', NULL, 2025-07-21 10:55:04.387201, 'GET /budgets/budgets-dashboard', NULL, '127.0.0.1', 'Mozilla/5.0 (Windows NT 10.0; Win64; x64) AppleWebKit/537.36 (KHTML, like Gecko) Chrome/138.0.0.0 Safari/537.36 Edg/138.0.0.0', 200, NULL, 2);
INSERT INTO accounts_audit_log (id, action, view_name, path, method, model_name, object_id, timestamp, details, changes, ip_address, browser, status_code, related_object, user_id) VALUES (20766, 'read', '', '', '', 'HTTP Request', NULL, 2025-07-21 10:55:06.735302, 'GET /', NULL, '127.0.0.1', 'Mozilla/5.0 (Windows NT 10.0; Win64; x64) AppleWebKit/537.36 (KHTML, like Gecko) Chrome/138.0.0.0 Safari/537.36 Edg/138.0.0.0', 200, NULL, 2);
INSERT INTO accounts_audit_log (id, action, view_name, path, method, model_name, object_id, timestamp, details, changes, ip_address, browser, status_code, related_object, user_id) VALUES (20767, 'read', '', '', '', 'HTTP Request', NULL, 2025-07-21 10:55:09.239788, 'GET /tankhah/tankhah/', NULL, '127.0.0.1', 'Mozilla/5.0 (Windows NT 10.0; Win64; x64) AppleWebKit/537.36 (KHTML, like Gecko) Chrome/138.0.0.0 Safari/537.36 Edg/138.0.0.0', 200, NULL, 2);
INSERT INTO accounts_audit_log (id, action, view_name, path, method, model_name, object_id, timestamp, details, changes, ip_address, browser, status_code, related_object, user_id) VALUES (20768, 'read', '', '', '', 'HTTP Request', NULL, 2025-07-21 10:55:39.740488, 'GET /tankhah/tankhah/2/timeline/', NULL, '127.0.0.1', 'Mozilla/5.0 (Windows NT 10.0; Win64; x64) AppleWebKit/537.36 (KHTML, like Gecko) Chrome/138.0.0.0 Safari/537.36 Edg/138.0.0.0', 200, NULL, 2);
INSERT INTO accounts_audit_log (id, action, view_name, path, method, model_name, object_id, timestamp, details, changes, ip_address, browser, status_code, related_object, user_id) VALUES (20769, 'read', '', '', '', 'HTTP Request', NULL, 2025-07-21 10:55:44.464226, 'GET /tankhah/tankhah/2/', NULL, '127.0.0.1', 'Mozilla/5.0 (Windows NT 10.0; Win64; x64) AppleWebKit/537.36 (KHTML, like Gecko) Chrome/138.0.0.0 Safari/537.36 Edg/138.0.0.0', 200, NULL, 2);
INSERT INTO accounts_audit_log (id, action, view_name, path, method, model_name, object_id, timestamp, details, changes, ip_address, browser, status_code, related_object, user_id) VALUES (20770, 'read', '', '', '', 'HTTP Request', NULL, 2025-07-21 10:55:49.177754, 'GET /tankhah/tankhah/2/update-status/', NULL, '127.0.0.1', 'Mozilla/5.0 (Windows NT 10.0; Win64; x64) AppleWebKit/537.36 (KHTML, like Gecko) Chrome/138.0.0.0 Safari/537.36 Edg/138.0.0.0', 200, NULL, 2);
INSERT INTO accounts_audit_log (id, action, view_name, path, method, model_name, object_id, timestamp, details, changes, ip_address, browser, status_code, related_object, user_id) VALUES (20771, 'read', '', '', '', 'HTTP Request', NULL, 2025-07-21 10:55:51.127569, 'GET /tankhah/tankhah/2/', NULL, '127.0.0.1', 'Mozilla/5.0 (Windows NT 10.0; Win64; x64) AppleWebKit/537.36 (KHTML, like Gecko) Chrome/138.0.0.0 Safari/537.36 Edg/138.0.0.0', 200, NULL, 2);
INSERT INTO accounts_audit_log (id, action, view_name, path, method, model_name, object_id, timestamp, details, changes, ip_address, browser, status_code, related_object, user_id) VALUES (20772, 'read', '', '', '', 'HTTP Request', NULL, 2025-07-21 10:56:08.260577, 'GET /', NULL, '127.0.0.1', 'Mozilla/5.0 (Windows NT 10.0; Win64; x64) AppleWebKit/537.36 (KHTML, like Gecko) Chrome/138.0.0.0 Safari/537.36 Edg/138.0.0.0', 200, NULL, 2);
INSERT INTO accounts_audit_log (id, action, view_name, path, method, model_name, object_id, timestamp, details, changes, ip_address, browser, status_code, related_object, user_id) VALUES (20773, 'read', '', '', '', 'HTTP Request', NULL, 2025-07-21 10:56:10.051684, 'GET /accounts/admin_dashboard/', NULL, '127.0.0.1', 'Mozilla/5.0 (Windows NT 10.0; Win64; x64) AppleWebKit/537.36 (KHTML, like Gecko) Chrome/138.0.0.0 Safari/537.36 Edg/138.0.0.0', 200, NULL, 2);
INSERT INTO accounts_audit_log (id, action, view_name, path, method, model_name, object_id, timestamp, details, changes, ip_address, browser, status_code, related_object, user_id) VALUES (20774, 'read', '', '', '', 'HTTP Request', NULL, 2025-07-21 10:56:15.698408, 'GET /accounts/new_databasebackup/', NULL, '127.0.0.1', 'Mozilla/5.0 (Windows NT 10.0; Win64; x64) AppleWebKit/537.36 (KHTML, like Gecko) Chrome/138.0.0.0 Safari/537.36 Edg/138.0.0.0', 200, NULL, 2);
INSERT INTO accounts_audit_log (id, action, view_name, path, method, model_name, object_id, timestamp, details, changes, ip_address, browser, status_code, related_object, user_id) VALUES (20775, 'create', '', '', '', 'HTTP Request', NULL, 2025-07-21 10:58:37.691917, 'POST /accounts/new_databasebackup/', NULL, '127.0.0.1', 'Mozilla/5.0 (Windows NT 10.0; Win64; x64) AppleWebKit/537.36 (KHTML, like Gecko) Chrome/138.0.0.0 Safari/537.36 Edg/138.0.0.0', 302, NULL, 2);
INSERT INTO accounts_audit_log (id, action, view_name, path, method, model_name, object_id, timestamp, details, changes, ip_address, browser, status_code, related_object, user_id) VALUES (20776, 'read', '', '', '', 'HTTP Request', NULL, 2025-07-21 10:58:39.567956, 'GET /accounts/new_databasebackup/', NULL, '127.0.0.1', 'Mozilla/5.0 (Windows NT 10.0; Win64; x64) AppleWebKit/537.36 (KHTML, like Gecko) Chrome/138.0.0.0 Safari/537.36 Edg/138.0.0.0', 200, NULL, 2);
INSERT INTO accounts_audit_log (id, action, view_name, path, method, model_name, object_id, timestamp, details, changes, ip_address, browser, status_code, related_object, user_id) VALUES (20777, 'read', '', '', '', 'HTTP Request', NULL, 2025-07-21 10:58:59.064018, 'GET /', NULL, '127.0.0.1', 'Mozilla/5.0 (Windows NT 10.0; Win64; x64) AppleWebKit/537.36 (KHTML, like Gecko) Chrome/138.0.0.0 Safari/537.36 Edg/138.0.0.0', 200, NULL, 3);
INSERT INTO accounts_audit_log (id, action, view_name, path, method, model_name, object_id, timestamp, details, changes, ip_address, browser, status_code, related_object, user_id) VALUES (20778, 'read', '', '', '', 'HTTP Request', NULL, 2025-07-21 10:59:01.227694, 'GET /tankhah/tankhah/', NULL, '127.0.0.1', 'Mozilla/5.0 (Windows NT 10.0; Win64; x64) AppleWebKit/537.36 (KHTML, like Gecko) Chrome/138.0.0.0 Safari/537.36 Edg/138.0.0.0', 302, NULL, 3);
INSERT INTO accounts_audit_log (id, action, view_name, path, method, model_name, object_id, timestamp, details, changes, ip_address, browser, status_code, related_object, user_id) VALUES (20779, 'read', '', '', '', 'HTTP Request', NULL, 2025-07-21 10:59:01.536468, 'GET /', NULL, '127.0.0.1', 'Mozilla/5.0 (Windows NT 10.0; Win64; x64) AppleWebKit/537.36 (KHTML, like Gecko) Chrome/138.0.0.0 Safari/537.36 Edg/138.0.0.0', 200, NULL, 3);
INSERT INTO accounts_audit_log (id, action, view_name, path, method, model_name, object_id, timestamp, details, changes, ip_address, browser, status_code, related_object, user_id) VALUES (20780, 'read', '', '', '', 'HTTP Request', NULL, 2025-07-21 10:59:03.535602, 'GET /', NULL, '127.0.0.1', 'Mozilla/5.0 (Windows NT 10.0; Win64; x64) AppleWebKit/537.36 (KHTML, like Gecko) Chrome/138.0.0.0 Safari/537.36 Edg/138.0.0.0', 200, NULL, 3);
INSERT INTO accounts_audit_log (id, action, view_name, path, method, model_name, object_id, timestamp, details, changes, ip_address, browser, status_code, related_object, user_id) VALUES (20781, 'read', '', '', '', 'HTTP Request', NULL, 2025-07-21 10:59:12.576064, 'GET /tankhah/tankhah/', NULL, '127.0.0.1', 'Mozilla/5.0 (Windows NT 10.0; Win64; x64) AppleWebKit/537.36 (KHTML, like Gecko) Chrome/138.0.0.0 Safari/537.36 Edg/138.0.0.0', 200, NULL, 2);
INSERT INTO accounts_audit_log (id, action, view_name, path, method, model_name, object_id, timestamp, details, changes, ip_address, browser, status_code, related_object, user_id) VALUES (20782, 'read', '', '', '', 'HTTP Request', NULL, 2025-07-21 10:59:14.669121, 'GET /', NULL, '127.0.0.1', 'Mozilla/5.0 (Windows NT 10.0; Win64; x64) AppleWebKit/537.36 (KHTML, like Gecko) Chrome/138.0.0.0 Safari/537.36 Edg/138.0.0.0', 200, NULL, 2);
INSERT INTO accounts_audit_log (id, action, view_name, path, method, model_name, object_id, timestamp, details, changes, ip_address, browser, status_code, related_object, user_id) VALUES (20783, 'read', '', '', '', 'HTTP Request', NULL, 2025-07-21 10:59:17.543625, 'GET /reports/reports/comprehensive-budget/', NULL, '127.0.0.1', 'Mozilla/5.0 (Windows NT 10.0; Win64; x64) AppleWebKit/537.36 (KHTML, like Gecko) Chrome/138.0.0.0 Safari/537.36 Edg/138.0.0.0', 200, NULL, 2);
INSERT INTO accounts_audit_log (id, action, view_name, path, method, model_name, object_id, timestamp, details, changes, ip_address, browser, status_code, related_object, user_id) VALUES (20784, 'read', '', '', '', 'HTTP Request', NULL, 2025-07-21 10:59:21.652105, 'GET /', NULL, '127.0.0.1', 'Mozilla/5.0 (Windows NT 10.0; Win64; x64) AppleWebKit/537.36 (KHTML, like Gecko) Chrome/138.0.0.0 Safari/537.36 Edg/138.0.0.0', 200, NULL, 2);
INSERT INTO accounts_audit_log (id, action, view_name, path, method, model_name, object_id, timestamp, details, changes, ip_address, browser, status_code, related_object, user_id) VALUES (20785, 'read', '', '', '', 'HTTP Request', NULL, 2025-07-21 10:59:23.910070, 'GET /budgets/budgets-dashboard', NULL, '127.0.0.1', 'Mozilla/5.0 (Windows NT 10.0; Win64; x64) AppleWebKit/537.36 (KHTML, like Gecko) Chrome/138.0.0.0 Safari/537.36 Edg/138.0.0.0', 200, NULL, 2);
INSERT INTO accounts_audit_log (id, action, view_name, path, method, model_name, object_id, timestamp, details, changes, ip_address, browser, status_code, related_object, user_id) VALUES (20786, 'read', '', '', '', 'HTTP Request', NULL, 2025-07-21 10:59:27.741588, 'GET /budgets/budgetperiod/', NULL, '127.0.0.1', 'Mozilla/5.0 (Windows NT 10.0; Win64; x64) AppleWebKit/537.36 (KHTML, like Gecko) Chrome/138.0.0.0 Safari/537.36 Edg/138.0.0.0', 200, NULL, 2);
INSERT INTO accounts_audit_log (id, action, view_name, path, method, model_name, object_id, timestamp, details, changes, ip_address, browser, status_code, related_object, user_id) VALUES (20787, 'read', '', '', '', 'HTTP Request', NULL, 2025-07-21 11:03:10.915353, 'GET /budgets/budgetperiod/add/', NULL, '127.0.0.1', 'Mozilla/5.0 (Windows NT 10.0; Win64; x64) AppleWebKit/537.36 (KHTML, like Gecko) Chrome/138.0.0.0 Safari/537.36 Edg/138.0.0.0', 200, NULL, 2);
INSERT INTO accounts_audit_log (id, action, view_name, path, method, model_name, object_id, timestamp, details, changes, ip_address, browser, status_code, related_object, user_id) VALUES (20788, 'create', '', '', '', 'HTTP Request', NULL, 2025-07-21 11:03:49.685469, 'POST /budgets/budgetperiod/add/', NULL, '127.0.0.1', 'Mozilla/5.0 (Windows NT 10.0; Win64; x64) AppleWebKit/537.36 (KHTML, like Gecko) Chrome/138.0.0.0 Safari/537.36 Edg/138.0.0.0', 302, NULL, 2);
INSERT INTO accounts_audit_log (id, action, view_name, path, method, model_name, object_id, timestamp, details, changes, ip_address, browser, status_code, related_object, user_id) VALUES (20789, 'read', '', '', '', 'HTTP Request', NULL, 2025-07-21 11:03:49.758880, 'GET /budgets/budgetperiod/', NULL, '127.0.0.1', 'Mozilla/5.0 (Windows NT 10.0; Win64; x64) AppleWebKit/537.36 (KHTML, like Gecko) Chrome/138.0.0.0 Safari/537.36 Edg/138.0.0.0', 200, NULL, 2);
INSERT INTO accounts_audit_log (id, action, view_name, path, method, model_name, object_id, timestamp, details, changes, ip_address, browser, status_code, related_object, user_id) VALUES (20790, 'read', '', '', '', 'HTTP Request', NULL, 2025-07-21 11:03:54.125537, 'GET /budgets/budgetallocations/create/', NULL, '127.0.0.1', 'Mozilla/5.0 (Windows NT 10.0; Win64; x64) AppleWebKit/537.36 (KHTML, like Gecko) Chrome/138.0.0.0 Safari/537.36 Edg/138.0.0.0', 200, NULL, 2);
INSERT INTO accounts_audit_log (id, action, view_name, path, method, model_name, object_id, timestamp, details, changes, ip_address, browser, status_code, related_object, user_id) VALUES (20791, 'read', '', '', '', 'HTTP Request', NULL, 2025-07-21 11:03:59.348628, 'GET /', NULL, '127.0.0.1', 'Mozilla/5.0 (Windows NT 10.0; Win64; x64) AppleWebKit/537.36 (KHTML, like Gecko) Chrome/138.0.0.0 Safari/537.36 Edg/138.0.0.0', 200, NULL, 2);
INSERT INTO accounts_audit_log (id, action, view_name, path, method, model_name, object_id, timestamp, details, changes, ip_address, browser, status_code, related_object, user_id) VALUES (20792, 'read', '', '', '', 'HTTP Request', NULL, 2025-07-21 11:04:01.911331, 'GET /budgets/budgets-dashboard', NULL, '127.0.0.1', 'Mozilla/5.0 (Windows NT 10.0; Win64; x64) AppleWebKit/537.36 (KHTML, like Gecko) Chrome/138.0.0.0 Safari/537.36 Edg/138.0.0.0', 200, NULL, 2);
INSERT INTO accounts_audit_log (id, action, view_name, path, method, model_name, object_id, timestamp, details, changes, ip_address, browser, status_code, related_object, user_id) VALUES (20793, 'read', '', '', '', 'HTTP Request', NULL, 2025-07-21 11:04:03.781889, 'GET /budgets/budgetitems/', NULL, '127.0.0.1', 'Mozilla/5.0 (Windows NT 10.0; Win64; x64) AppleWebKit/537.36 (KHTML, like Gecko) Chrome/138.0.0.0 Safari/537.36 Edg/138.0.0.0', 200, NULL, 2);
INSERT INTO accounts_audit_log (id, action, view_name, path, method, model_name, object_id, timestamp, details, changes, ip_address, browser, status_code, related_object, user_id) VALUES (20794, 'read', '', '', '', 'HTTP Request', NULL, 2025-07-21 11:04:05.267951, 'GET /budgets/budgetitems/create/', NULL, '127.0.0.1', 'Mozilla/5.0 (Windows NT 10.0; Win64; x64) AppleWebKit/537.36 (KHTML, like Gecko) Chrome/138.0.0.0 Safari/537.36 Edg/138.0.0.0', 200, NULL, 2);
INSERT INTO accounts_audit_log (id, action, view_name, path, method, model_name, object_id, timestamp, details, changes, ip_address, browser, status_code, related_object, user_id) VALUES (20795, 'create', '', '', '', 'HTTP Request', NULL, 2025-07-21 11:04:21.343289, 'POST /budgets/budgetitems/create/', NULL, '127.0.0.1', 'Mozilla/5.0 (Windows NT 10.0; Win64; x64) AppleWebKit/537.36 (KHTML, like Gecko) Chrome/138.0.0.0 Safari/537.36 Edg/138.0.0.0', 302, NULL, 2);
INSERT INTO accounts_audit_log (id, action, view_name, path, method, model_name, object_id, timestamp, details, changes, ip_address, browser, status_code, related_object, user_id) VALUES (20796, 'read', '', '', '', 'HTTP Request', NULL, 2025-07-21 11:04:21.427427, 'GET /budgets/budgetitems/', NULL, '127.0.0.1', 'Mozilla/5.0 (Windows NT 10.0; Win64; x64) AppleWebKit/537.36 (KHTML, like Gecko) Chrome/138.0.0.0 Safari/537.36 Edg/138.0.0.0', 200, NULL, 2);
INSERT INTO accounts_audit_log (id, action, view_name, path, method, model_name, object_id, timestamp, details, changes, ip_address, browser, status_code, related_object, user_id) VALUES (20797, 'read', '', '', '', 'HTTP Request', NULL, 2025-07-21 11:04:24.243670, 'GET /budgets/budgetitems/create/', NULL, '127.0.0.1', 'Mozilla/5.0 (Windows NT 10.0; Win64; x64) AppleWebKit/537.36 (KHTML, like Gecko) Chrome/138.0.0.0 Safari/537.36 Edg/138.0.0.0', 200, NULL, 2);
INSERT INTO accounts_audit_log (id, action, view_name, path, method, model_name, object_id, timestamp, details, changes, ip_address, browser, status_code, related_object, user_id) VALUES (20798, 'create', '', '', '', 'HTTP Request', NULL, 2025-07-21 11:04:36.864928, 'POST /budgets/budgetitems/create/', NULL, '127.0.0.1', 'Mozilla/5.0 (Windows NT 10.0; Win64; x64) AppleWebKit/537.36 (KHTML, like Gecko) Chrome/138.0.0.0 Safari/537.36 Edg/138.0.0.0', 200, NULL, 2);
INSERT INTO accounts_audit_log (id, action, view_name, path, method, model_name, object_id, timestamp, details, changes, ip_address, browser, status_code, related_object, user_id) VALUES (20799, 'create', '', '', '', 'HTTP Request', NULL, 2025-07-21 11:04:43.899233, 'POST /budgets/budgetitems/create/', NULL, '127.0.0.1', 'Mozilla/5.0 (Windows NT 10.0; Win64; x64) AppleWebKit/537.36 (KHTML, like Gecko) Chrome/138.0.0.0 Safari/537.36 Edg/138.0.0.0', 200, NULL, 2);
INSERT INTO accounts_audit_log (id, action, view_name, path, method, model_name, object_id, timestamp, details, changes, ip_address, browser, status_code, related_object, user_id) VALUES (20800, 'create', '', '', '', 'HTTP Request', NULL, 2025-07-21 11:04:53.961702, 'POST /budgets/budgetitems/create/', NULL, '127.0.0.1', 'Mozilla/5.0 (Windows NT 10.0; Win64; x64) AppleWebKit/537.36 (KHTML, like Gecko) Chrome/138.0.0.0 Safari/537.36 Edg/138.0.0.0', 302, NULL, 2);
INSERT INTO accounts_audit_log (id, action, view_name, path, method, model_name, object_id, timestamp, details, changes, ip_address, browser, status_code, related_object, user_id) VALUES (20801, 'read', '', '', '', 'HTTP Request', NULL, 2025-07-21 11:04:54.027997, 'GET /budgets/budgetitems/', NULL, '127.0.0.1', 'Mozilla/5.0 (Windows NT 10.0; Win64; x64) AppleWebKit/537.36 (KHTML, like Gecko) Chrome/138.0.0.0 Safari/537.36 Edg/138.0.0.0', 200, NULL, 2);
INSERT INTO accounts_audit_log (id, action, view_name, path, method, model_name, object_id, timestamp, details, changes, ip_address, browser, status_code, related_object, user_id) VALUES (20802, 'read', '', '', '', 'HTTP Request', NULL, 2025-07-21 11:04:58.000887, 'GET /budgets/budgetitems/create/', NULL, '127.0.0.1', 'Mozilla/5.0 (Windows NT 10.0; Win64; x64) AppleWebKit/537.36 (KHTML, like Gecko) Chrome/138.0.0.0 Safari/537.36 Edg/138.0.0.0', 200, NULL, 2);
INSERT INTO accounts_audit_log (id, action, view_name, path, method, model_name, object_id, timestamp, details, changes, ip_address, browser, status_code, related_object, user_id) VALUES (20803, 'create', '', '', '', 'HTTP Request', NULL, 2025-07-21 11:09:49.310243, 'POST /budgets/budgetitems/create/', NULL, '127.0.0.1', 'Mozilla/5.0 (Windows NT 10.0; Win64; x64) AppleWebKit/537.36 (KHTML, like Gecko) Chrome/138.0.0.0 Safari/537.36 Edg/138.0.0.0', 302, NULL, 2);
INSERT INTO accounts_audit_log (id, action, view_name, path, method, model_name, object_id, timestamp, details, changes, ip_address, browser, status_code, related_object, user_id) VALUES (20804, 'read', '', '', '', 'HTTP Request', NULL, 2025-07-21 11:09:49.375952, 'GET /budgets/budgetitems/', NULL, '127.0.0.1', 'Mozilla/5.0 (Windows NT 10.0; Win64; x64) AppleWebKit/537.36 (KHTML, like Gecko) Chrome/138.0.0.0 Safari/537.36 Edg/138.0.0.0', 200, NULL, 2);
INSERT INTO accounts_audit_log (id, action, view_name, path, method, model_name, object_id, timestamp, details, changes, ip_address, browser, status_code, related_object, user_id) VALUES (20805, 'read', '', '', '', 'HTTP Request', NULL, 2025-07-21 11:09:55.086909, 'GET /budgets/budgetallocations/create/', NULL, '127.0.0.1', 'Mozilla/5.0 (Windows NT 10.0; Win64; x64) AppleWebKit/537.36 (KHTML, like Gecko) Chrome/138.0.0.0 Safari/537.36 Edg/138.0.0.0', 200, NULL, 2);
INSERT INTO accounts_audit_log (id, action, view_name, path, method, model_name, object_id, timestamp, details, changes, ip_address, browser, status_code, related_object, user_id) VALUES (20806, 'read', '', '', '', 'HTTP Request', NULL, 2025-07-21 11:10:06.214017, 'GET /budgets/api/projects-by-organization/', NULL, '127.0.0.1', 'Mozilla/5.0 (Windows NT 10.0; Win64; x64) AppleWebKit/537.36 (KHTML, like Gecko) Chrome/138.0.0.0 Safari/537.36 Edg/138.0.0.0', 200, NULL, 2);
INSERT INTO accounts_audit_log (id, action, view_name, path, method, model_name, object_id, timestamp, details, changes, ip_address, browser, status_code, related_object, user_id) VALUES (20807, 'read', '', '', '', 'HTTP Request', NULL, 2025-07-21 11:10:06.239161, 'GET /budgets/api/projects-by-organization/', NULL, '127.0.0.1', 'Mozilla/5.0 (Windows NT 10.0; Win64; x64) AppleWebKit/537.36 (KHTML, like Gecko) Chrome/138.0.0.0 Safari/537.36 Edg/138.0.0.0', 200, NULL, 2);
INSERT INTO accounts_audit_log (id, action, view_name, path, method, model_name, object_id, timestamp, details, changes, ip_address, browser, status_code, related_object, user_id) VALUES (20808, 'create', '', '', '', 'HTTP Request', NULL, 2025-07-21 11:10:16.423226, 'POST /budgets/budgetallocations/create/', NULL, '127.0.0.1', 'Mozilla/5.0 (Windows NT 10.0; Win64; x64) AppleWebKit/537.36 (KHTML, like Gecko) Chrome/138.0.0.0 Safari/537.36 Edg/138.0.0.0', 302, NULL, 2);
INSERT INTO accounts_audit_log (id, action, view_name, path, method, model_name, object_id, timestamp, details, changes, ip_address, browser, status_code, related_object, user_id) VALUES (20809, 'read', '', '', '', 'HTTP Request', NULL, 2025-07-21 11:10:16.568820, 'GET /budgets/budgetallocation/', NULL, '127.0.0.1', 'Mozilla/5.0 (Windows NT 10.0; Win64; x64) AppleWebKit/537.36 (KHTML, like Gecko) Chrome/138.0.0.0 Safari/537.36 Edg/138.0.0.0', 200, NULL, 2);
INSERT INTO accounts_audit_log (id, action, view_name, path, method, model_name, object_id, timestamp, details, changes, ip_address, browser, status_code, related_object, user_id) VALUES (20810, 'read', '', '', '', 'HTTP Request', NULL, 2025-07-21 11:10:21.515132, 'GET /', NULL, '127.0.0.1', 'Mozilla/5.0 (Windows NT 10.0; Win64; x64) AppleWebKit/537.36 (KHTML, like Gecko) Chrome/138.0.0.0 Safari/537.36 Edg/138.0.0.0', 200, NULL, 2);
INSERT INTO accounts_audit_log (id, action, view_name, path, method, model_name, object_id, timestamp, details, changes, ip_address, browser, status_code, related_object, user_id) VALUES (20811, 'read', '', '', '', 'HTTP Request', NULL, 2025-07-21 11:10:23.887009, 'GET /tankhah/tankhah/', NULL, '127.0.0.1', 'Mozilla/5.0 (Windows NT 10.0; Win64; x64) AppleWebKit/537.36 (KHTML, like Gecko) Chrome/138.0.0.0 Safari/537.36 Edg/138.0.0.0', 200, NULL, 2);
INSERT INTO accounts_audit_log (id, action, view_name, path, method, model_name, object_id, timestamp, details, changes, ip_address, browser, status_code, related_object, user_id) VALUES (20812, 'read', '', '', '', 'HTTP Request', NULL, 2025-07-21 11:10:27.261477, 'GET /tankhah/tankhah/create/', NULL, '127.0.0.1', 'Mozilla/5.0 (Windows NT 10.0; Win64; x64) AppleWebKit/537.36 (KHTML, like Gecko) Chrome/138.0.0.0 Safari/537.36 Edg/138.0.0.0', 200, NULL, 2);
INSERT INTO accounts_audit_log (id, action, view_name, path, method, model_name, object_id, timestamp, details, changes, ip_address, browser, status_code, related_object, user_id) VALUES (20813, 'read', '', '', '', 'HTTP Request', NULL, 2025-07-21 11:10:34.706669, 'GET /tankhah/get_projects/', NULL, '127.0.0.1', 'Mozilla/5.0 (Windows NT 10.0; Win64; x64) AppleWebKit/537.36 (KHTML, like Gecko) Chrome/138.0.0.0 Safari/537.36 Edg/138.0.0.0', 200, NULL, 2);
INSERT INTO accounts_audit_log (id, action, view_name, path, method, model_name, object_id, timestamp, details, changes, ip_address, browser, status_code, related_object, user_id) VALUES (20814, 'read', '', '', '', 'HTTP Request', NULL, 2025-07-21 11:10:36.782938, 'GET /tankhah/get_subprojects/', NULL, '127.0.0.1', 'Mozilla/5.0 (Windows NT 10.0; Win64; x64) AppleWebKit/537.36 (KHTML, like Gecko) Chrome/138.0.0.0 Safari/537.36 Edg/138.0.0.0', 200, NULL, 2);
INSERT INTO accounts_audit_log (id, action, view_name, path, method, model_name, object_id, timestamp, details, changes, ip_address, browser, status_code, related_object, user_id) VALUES (20815, 'read', '', '', '', 'HTTP Request', NULL, 2025-07-21 11:10:36.797010, 'GET /budgets/get-budget-info/', NULL, '127.0.0.1', 'Mozilla/5.0 (Windows NT 10.0; Win64; x64) AppleWebKit/537.36 (KHTML, like Gecko) Chrome/138.0.0.0 Safari/537.36 Edg/138.0.0.0', 200, NULL, 2);
INSERT INTO accounts_audit_log (id, action, view_name, path, method, model_name, object_id, timestamp, details, changes, ip_address, browser, status_code, related_object, user_id) VALUES (20816, 'create', '', '', '', 'HTTP Request', NULL, 2025-07-21 11:10:53.419494, 'POST /tankhah/tankhah/create/', NULL, '127.0.0.1', 'Mozilla/5.0 (Windows NT 10.0; Win64; x64) AppleWebKit/537.36 (KHTML, like Gecko) Chrome/138.0.0.0 Safari/537.36 Edg/138.0.0.0', 200, NULL, 2);
INSERT INTO accounts_audit_log (id, action, view_name, path, method, model_name, object_id, timestamp, details, changes, ip_address, browser, status_code, related_object, user_id) VALUES (20817, 'read', '', '', '', 'HTTP Request', NULL, 2025-07-21 11:10:53.501396, 'GET /tankhah/get_subprojects/', NULL, '127.0.0.1', 'Mozilla/5.0 (Windows NT 10.0; Win64; x64) AppleWebKit/537.36 (KHTML, like Gecko) Chrome/138.0.0.0 Safari/537.36 Edg/138.0.0.0', 200, NULL, 2);
INSERT INTO accounts_audit_log (id, action, view_name, path, method, model_name, object_id, timestamp, details, changes, ip_address, browser, status_code, related_object, user_id) VALUES (20818, 'read', '', '', '', 'HTTP Request', NULL, 2025-07-21 11:10:53.519789, 'GET /budgets/get-budget-info/', NULL, '127.0.0.1', 'Mozilla/5.0 (Windows NT 10.0; Win64; x64) AppleWebKit/537.36 (KHTML, like Gecko) Chrome/138.0.0.0 Safari/537.36 Edg/138.0.0.0', 200, NULL, 2);
INSERT INTO accounts_audit_log (id, action, view_name, path, method, model_name, object_id, timestamp, details, changes, ip_address, browser, status_code, related_object, user_id) VALUES (20819, 'create', '', '', '', 'HTTP Request', NULL, 2025-07-26 11:20:24.630597, 'POST /posts/22/update/', NULL, '127.0.0.1', 'Mozilla/5.0 (Windows NT 10.0; Win64; x64) AppleWebKit/537.36 (KHTML, like Gecko) Chrome/138.0.0.0 Safari/537.36 Edg/138.0.0.0', 302, NULL, 2);
INSERT INTO accounts_audit_log (id, action, view_name, path, method, model_name, object_id, timestamp, details, changes, ip_address, browser, status_code, related_object, user_id) VALUES (20820, 'read', '', '', '', 'HTTP Request', NULL, 2025-07-26 11:20:24.752959, 'GET /posts/', NULL, '127.0.0.1', 'Mozilla/5.0 (Windows NT 10.0; Win64; x64) AppleWebKit/537.36 (KHTML, like Gecko) Chrome/138.0.0.0 Safari/537.36 Edg/138.0.0.0', 200, NULL, 2);
INSERT INTO accounts_audit_log (id, action, view_name, path, method, model_name, object_id, timestamp, details, changes, ip_address, browser, status_code, related_object, user_id) VALUES (20821, 'read', '', '', '', 'HTTP Request', NULL, 2025-07-26 11:20:29.093058, 'GET /posts/', NULL, '127.0.0.1', 'Mozilla/5.0 (Windows NT 10.0; Win64; x64) AppleWebKit/537.36 (KHTML, like Gecko) Chrome/138.0.0.0 Safari/537.36 Edg/138.0.0.0', 200, NULL, 2);
INSERT INTO accounts_audit_log (id, action, view_name, path, method, model_name, object_id, timestamp, details, changes, ip_address, browser, status_code, related_object, user_id) VALUES (20822, 'read', '', '', '', 'HTTP Request', NULL, 2025-07-26 11:20:43.621766, 'GET /access-rules/assign/', NULL, '127.0.0.1', 'Mozilla/5.0 (Windows NT 10.0; Win64; x64) AppleWebKit/537.36 (KHTML, like Gecko) Chrome/138.0.0.0 Safari/537.36 Edg/138.0.0.0', 200, NULL, 2);
INSERT INTO accounts_audit_log (id, action, view_name, path, method, model_name, object_id, timestamp, details, changes, ip_address, browser, status_code, related_object, user_id) VALUES (20823, 'read', '', '', '', 'HTTP Request', NULL, 2025-07-26 11:20:58.325760, 'GET /posts/', NULL, '127.0.0.1', 'Mozilla/5.0 (Windows NT 10.0; Win64; x64) AppleWebKit/537.36 (KHTML, like Gecko) Chrome/138.0.0.0 Safari/537.36 Edg/138.0.0.0', 200, NULL, 2);
INSERT INTO accounts_audit_log (id, action, view_name, path, method, model_name, object_id, timestamp, details, changes, ip_address, browser, status_code, related_object, user_id) VALUES (20824, 'read', '', '', '', 'HTTP Request', NULL, 2025-07-26 11:21:00.057155, 'GET /posts/18/update/', NULL, '127.0.0.1', 'Mozilla/5.0 (Windows NT 10.0; Win64; x64) AppleWebKit/537.36 (KHTML, like Gecko) Chrome/138.0.0.0 Safari/537.36 Edg/138.0.0.0', 200, NULL, 2);
INSERT INTO accounts_audit_log (id, action, view_name, path, method, model_name, object_id, timestamp, details, changes, ip_address, browser, status_code, related_object, user_id) VALUES (20825, 'read', '', '', '', 'HTTP Request', NULL, 2025-07-26 11:21:08.691247, 'GET /posts/', NULL, '127.0.0.1', 'Mozilla/5.0 (Windows NT 10.0; Win64; x64) AppleWebKit/537.36 (KHTML, like Gecko) Chrome/138.0.0.0 Safari/537.36 Edg/138.0.0.0', 200, NULL, 2);
INSERT INTO accounts_audit_log (id, action, view_name, path, method, model_name, object_id, timestamp, details, changes, ip_address, browser, status_code, related_object, user_id) VALUES (20826, 'create', '', '', '', 'HTTP Request', NULL, 2025-07-26 11:21:11.593182, 'POST /posts/18/update/', NULL, '127.0.0.1', 'Mozilla/5.0 (Windows NT 10.0; Win64; x64) AppleWebKit/537.36 (KHTML, like Gecko) Chrome/138.0.0.0 Safari/537.36 Edg/138.0.0.0', 302, NULL, 2);
INSERT INTO accounts_audit_log (id, action, view_name, path, method, model_name, object_id, timestamp, details, changes, ip_address, browser, status_code, related_object, user_id) VALUES (20827, 'read', '', '', '', 'HTTP Request', NULL, 2025-07-26 11:21:11.698915, 'GET /posts/', NULL, '127.0.0.1', 'Mozilla/5.0 (Windows NT 10.0; Win64; x64) AppleWebKit/537.36 (KHTML, like Gecko) Chrome/138.0.0.0 Safari/537.36 Edg/138.0.0.0', 200, NULL, 2);
INSERT INTO accounts_audit_log (id, action, view_name, path, method, model_name, object_id, timestamp, details, changes, ip_address, browser, status_code, related_object, user_id) VALUES (20828, 'read', '', '', '', 'HTTP Request', NULL, 2025-07-26 11:21:14.728210, 'GET /posts/19/update/', NULL, '127.0.0.1', 'Mozilla/5.0 (Windows NT 10.0; Win64; x64) AppleWebKit/537.36 (KHTML, like Gecko) Chrome/138.0.0.0 Safari/537.36 Edg/138.0.0.0', 200, NULL, 2);
INSERT INTO accounts_audit_log (id, action, view_name, path, method, model_name, object_id, timestamp, details, changes, ip_address, browser, status_code, related_object, user_id) VALUES (20829, 'create', '', '', '', 'HTTP Request', NULL, 2025-07-26 11:21:20.154038, 'POST /posts/19/update/', NULL, '127.0.0.1', 'Mozilla/5.0 (Windows NT 10.0; Win64; x64) AppleWebKit/537.36 (KHTML, like Gecko) Chrome/138.0.0.0 Safari/537.36 Edg/138.0.0.0', 302, NULL, 2);
INSERT INTO accounts_audit_log (id, action, view_name, path, method, model_name, object_id, timestamp, details, changes, ip_address, browser, status_code, related_object, user_id) VALUES (20830, 'read', '', '', '', 'HTTP Request', NULL, 2025-07-26 11:21:20.265382, 'GET /posts/', NULL, '127.0.0.1', 'Mozilla/5.0 (Windows NT 10.0; Win64; x64) AppleWebKit/537.36 (KHTML, like Gecko) Chrome/138.0.0.0 Safari/537.36 Edg/138.0.0.0', 200, NULL, 2);
INSERT INTO accounts_audit_log (id, action, view_name, path, method, model_name, object_id, timestamp, details, changes, ip_address, browser, status_code, related_object, user_id) VALUES (20831, 'read', '', '', '', 'HTTP Request', NULL, 2025-07-26 11:21:22.197291, 'GET /posts/19/update/', NULL, '127.0.0.1', 'Mozilla/5.0 (Windows NT 10.0; Win64; x64) AppleWebKit/537.36 (KHTML, like Gecko) Chrome/138.0.0.0 Safari/537.36 Edg/138.0.0.0', 200, NULL, 2);
INSERT INTO accounts_audit_log (id, action, view_name, path, method, model_name, object_id, timestamp, details, changes, ip_address, browser, status_code, related_object, user_id) VALUES (20832, 'create', '', '', '', 'HTTP Request', NULL, 2025-07-26 11:21:25.287918, 'POST /posts/19/update/', NULL, '127.0.0.1', 'Mozilla/5.0 (Windows NT 10.0; Win64; x64) AppleWebKit/537.36 (KHTML, like Gecko) Chrome/138.0.0.0 Safari/537.36 Edg/138.0.0.0', 302, NULL, 2);
INSERT INTO accounts_audit_log (id, action, view_name, path, method, model_name, object_id, timestamp, details, changes, ip_address, browser, status_code, related_object, user_id) VALUES (20833, 'read', '', '', '', 'HTTP Request', NULL, 2025-07-26 11:21:25.421736, 'GET /posts/', NULL, '127.0.0.1', 'Mozilla/5.0 (Windows NT 10.0; Win64; x64) AppleWebKit/537.36 (KHTML, like Gecko) Chrome/138.0.0.0 Safari/537.36 Edg/138.0.0.0', 200, NULL, 2);
INSERT INTO accounts_audit_log (id, action, view_name, path, method, model_name, object_id, timestamp, details, changes, ip_address, browser, status_code, related_object, user_id) VALUES (20834, 'read', '', '', '', 'HTTP Request', NULL, 2025-07-26 11:21:29.899391, 'GET /posts/19/update/', NULL, '127.0.0.1', 'Mozilla/5.0 (Windows NT 10.0; Win64; x64) AppleWebKit/537.36 (KHTML, like Gecko) Chrome/138.0.0.0 Safari/537.36 Edg/138.0.0.0', 200, NULL, 2);
INSERT INTO accounts_audit_log (id, action, view_name, path, method, model_name, object_id, timestamp, details, changes, ip_address, browser, status_code, related_object, user_id) VALUES (20835, 'create', '', '', '', 'HTTP Request', NULL, 2025-07-26 11:21:34.167736, 'POST /posts/19/update/', NULL, '127.0.0.1', 'Mozilla/5.0 (Windows NT 10.0; Win64; x64) AppleWebKit/537.36 (KHTML, like Gecko) Chrome/138.0.0.0 Safari/537.36 Edg/138.0.0.0', 302, NULL, 2);
INSERT INTO accounts_audit_log (id, action, view_name, path, method, model_name, object_id, timestamp, details, changes, ip_address, browser, status_code, related_object, user_id) VALUES (20836, 'read', '', '', '', 'HTTP Request', NULL, 2025-07-26 11:21:34.279596, 'GET /posts/', NULL, '127.0.0.1', 'Mozilla/5.0 (Windows NT 10.0; Win64; x64) AppleWebKit/537.36 (KHTML, like Gecko) Chrome/138.0.0.0 Safari/537.36 Edg/138.0.0.0', 200, NULL, 2);
INSERT INTO accounts_audit_log (id, action, view_name, path, method, model_name, object_id, timestamp, details, changes, ip_address, browser, status_code, related_object, user_id) VALUES (20837, 'read', '', '', '', 'HTTP Request', NULL, 2025-07-26 11:21:45.390837, 'GET /posts/', NULL, '127.0.0.1', 'Mozilla/5.0 (Windows NT 10.0; Win64; x64) AppleWebKit/537.36 (KHTML, like Gecko) Chrome/138.0.0.0 Safari/537.36 Edg/138.0.0.0', 200, NULL, 2);
INSERT INTO accounts_audit_log (id, action, view_name, path, method, model_name, object_id, timestamp, details, changes, ip_address, browser, status_code, related_object, user_id) VALUES (20838, 'read', '', '', '', 'HTTP Request', NULL, 2025-07-26 11:21:48.493094, 'GET /posts/', NULL, '127.0.0.1', 'Mozilla/5.0 (Windows NT 10.0; Win64; x64) AppleWebKit/537.36 (KHTML, like Gecko) Chrome/138.0.0.0 Safari/537.36 Edg/138.0.0.0', 200, NULL, 2);
INSERT INTO accounts_audit_log (id, action, view_name, path, method, model_name, object_id, timestamp, details, changes, ip_address, browser, status_code, related_object, user_id) VALUES (20839, 'read', '', '', '', 'HTTP Request', NULL, 2025-07-26 11:21:50.830384, 'GET /posts/18/update/', NULL, '127.0.0.1', 'Mozilla/5.0 (Windows NT 10.0; Win64; x64) AppleWebKit/537.36 (KHTML, like Gecko) Chrome/138.0.0.0 Safari/537.36 Edg/138.0.0.0', 200, NULL, 2);
INSERT INTO accounts_audit_log (id, action, view_name, path, method, model_name, object_id, timestamp, details, changes, ip_address, browser, status_code, related_object, user_id) VALUES (20840, 'create', '', '', '', 'HTTP Request', NULL, 2025-07-26 11:22:06.174251, 'POST /posts/18/update/', NULL, '127.0.0.1', 'Mozilla/5.0 (Windows NT 10.0; Win64; x64) AppleWebKit/537.36 (KHTML, like Gecko) Chrome/138.0.0.0 Safari/537.36 Edg/138.0.0.0', 302, NULL, 2);
INSERT INTO accounts_audit_log (id, action, view_name, path, method, model_name, object_id, timestamp, details, changes, ip_address, browser, status_code, related_object, user_id) VALUES (20841, 'read', '', '', '', 'HTTP Request', NULL, 2025-07-26 11:22:06.280955, 'GET /posts/', NULL, '127.0.0.1', 'Mozilla/5.0 (Windows NT 10.0; Win64; x64) AppleWebKit/537.36 (KHTML, like Gecko) Chrome/138.0.0.0 Safari/537.36 Edg/138.0.0.0', 200, NULL, 2);
INSERT INTO accounts_audit_log (id, action, view_name, path, method, model_name, object_id, timestamp, details, changes, ip_address, browser, status_code, related_object, user_id) VALUES (20842, 'read', '', '', '', 'HTTP Request', NULL, 2025-07-26 11:23:41.748234, 'GET /posts/', NULL, '127.0.0.1', 'Mozilla/5.0 (Windows NT 10.0; Win64; x64) AppleWebKit/537.36 (KHTML, like Gecko) Chrome/138.0.0.0 Safari/537.36 Edg/138.0.0.0', 200, NULL, 2);
INSERT INTO accounts_audit_log (id, action, view_name, path, method, model_name, object_id, timestamp, details, changes, ip_address, browser, status_code, related_object, user_id) VALUES (20843, 'read', '', '', '', 'HTTP Request', NULL, 2025-07-26 11:23:43.086697, 'GET /posts/', NULL, '127.0.0.1', 'Mozilla/5.0 (Windows NT 10.0; Win64; x64) AppleWebKit/537.36 (KHTML, like Gecko) Chrome/138.0.0.0 Safari/537.36 Edg/138.0.0.0', 200, NULL, 2);
INSERT INTO accounts_audit_log (id, action, view_name, path, method, model_name, object_id, timestamp, details, changes, ip_address, browser, status_code, related_object, user_id) VALUES (20844, 'read', '', '', '', 'HTTP Request', NULL, 2025-07-26 11:23:43.892125, 'GET /posts/', NULL, '127.0.0.1', 'Mozilla/5.0 (Windows NT 10.0; Win64; x64) AppleWebKit/537.36 (KHTML, like Gecko) Chrome/138.0.0.0 Safari/537.36 Edg/138.0.0.0', 200, NULL, 2);
INSERT INTO accounts_audit_log (id, action, view_name, path, method, model_name, object_id, timestamp, details, changes, ip_address, browser, status_code, related_object, user_id) VALUES (20845, 'read', '', '', '', 'HTTP Request', NULL, 2025-07-26 11:23:44.792036, 'GET /posts/', NULL, '127.0.0.1', 'Mozilla/5.0 (Windows NT 10.0; Win64; x64) AppleWebKit/537.36 (KHTML, like Gecko) Chrome/138.0.0.0 Safari/537.36 Edg/138.0.0.0', 200, NULL, 2);
INSERT INTO accounts_audit_log (id, action, view_name, path, method, model_name, object_id, timestamp, details, changes, ip_address, browser, status_code, related_object, user_id) VALUES (20846, 'read', '', '', '', 'HTTP Request', NULL, 2025-07-26 11:23:47.106607, 'GET /', NULL, '127.0.0.1', 'Mozilla/5.0 (Windows NT 10.0; Win64; x64) AppleWebKit/537.36 (KHTML, like Gecko) Chrome/138.0.0.0 Safari/537.36 Edg/138.0.0.0', 200, NULL, 2);
INSERT INTO accounts_audit_log (id, action, view_name, path, method, model_name, object_id, timestamp, details, changes, ip_address, browser, status_code, related_object, user_id) VALUES (20847, 'read', '', '', '', 'HTTP Request', NULL, 2025-07-26 11:23:48.370077, 'GET /', NULL, '127.0.0.1', 'Mozilla/5.0 (Windows NT 10.0; Win64; x64) AppleWebKit/537.36 (KHTML, like Gecko) Chrome/138.0.0.0 Safari/537.36 Edg/138.0.0.0', 200, NULL, 2);
INSERT INTO accounts_audit_log (id, action, view_name, path, method, model_name, object_id, timestamp, details, changes, ip_address, browser, status_code, related_object, user_id) VALUES (20848, 'read', '', '', '', 'HTTP Request', NULL, 2025-07-26 11:24:06.131765, 'GET /', NULL, '127.0.0.1', 'Mozilla/5.0 (Windows NT 10.0; Win64; x64) AppleWebKit/537.36 (KHTML, like Gecko) Chrome/138.0.0.0 Safari/537.36 Edg/138.0.0.0', 200, NULL, 2);
INSERT INTO accounts_audit_log (id, action, view_name, path, method, model_name, object_id, timestamp, details, changes, ip_address, browser, status_code, related_object, user_id) VALUES (20849, 'read', '', '', '', 'HTTP Request', NULL, 2025-07-26 11:24:06.350778, 'GET /favicon.ico', NULL, '127.0.0.1', 'Mozilla/5.0 (Windows NT 10.0; Win64; x64) AppleWebKit/537.36 (KHTML, like Gecko) Chrome/138.0.0.0 Safari/537.36 Edg/138.0.0.0', 302, NULL, 2);
INSERT INTO accounts_audit_log (id, action, view_name, path, method, model_name, object_id, timestamp, details, changes, ip_address, browser, status_code, related_object, user_id) VALUES (20850, 'read', '', '', '', 'HTTP Request', NULL, 2025-07-26 11:24:08.116398, 'GET /', NULL, '127.0.0.1', 'Mozilla/5.0 (Windows NT 10.0; Win64; x64) AppleWebKit/537.36 (KHTML, like Gecko) Chrome/138.0.0.0 Safari/537.36 Edg/138.0.0.0', 200, NULL, 2);
INSERT INTO accounts_audit_log (id, action, view_name, path, method, model_name, object_id, timestamp, details, changes, ip_address, browser, status_code, related_object, user_id) VALUES (20851, 'read', '', '', '', 'HTTP Request', NULL, 2025-07-26 11:24:08.187309, 'GET /favicon.ico', NULL, '127.0.0.1', 'Mozilla/5.0 (Windows NT 10.0; Win64; x64) AppleWebKit/537.36 (KHTML, like Gecko) Chrome/138.0.0.0 Safari/537.36 Edg/138.0.0.0', 302, NULL, 2);
INSERT INTO accounts_audit_log (id, action, view_name, path, method, model_name, object_id, timestamp, details, changes, ip_address, browser, status_code, related_object, user_id) VALUES (20852, 'read', '', '', '', 'HTTP Request', NULL, 2025-07-26 11:24:18.619371, 'GET /', NULL, '127.0.0.1', 'Mozilla/5.0 (Windows NT 10.0; Win64; x64) AppleWebKit/537.36 (KHTML, like Gecko) Chrome/138.0.0.0 Safari/537.36 Edg/138.0.0.0', 200, NULL, 2);
INSERT INTO accounts_audit_log (id, action, view_name, path, method, model_name, object_id, timestamp, details, changes, ip_address, browser, status_code, related_object, user_id) VALUES (20853, 'read', '', '', '', 'HTTP Request', NULL, 2025-07-26 11:24:38.076097, 'GET /posts/', NULL, '127.0.0.1', 'Mozilla/5.0 (Windows NT 10.0; Win64; x64) AppleWebKit/537.36 (KHTML, like Gecko) Chrome/138.0.0.0 Safari/537.36 Edg/138.0.0.0', 200, NULL, 2);
INSERT INTO accounts_audit_log (id, action, view_name, path, method, model_name, object_id, timestamp, details, changes, ip_address, browser, status_code, related_object, user_id) VALUES (20854, 'read', '', '', '', 'HTTP Request', NULL, 2025-07-26 11:24:39.135165, 'GET /posts/', NULL, '127.0.0.1', 'Mozilla/5.0 (Windows NT 10.0; Win64; x64) AppleWebKit/537.36 (KHTML, like Gecko) Chrome/138.0.0.0 Safari/537.36 Edg/138.0.0.0', 200, NULL, 2);
INSERT INTO accounts_audit_log (id, action, view_name, path, method, model_name, object_id, timestamp, details, changes, ip_address, browser, status_code, related_object, user_id) VALUES (20855, 'read', '', '', '', 'HTTP Request', NULL, 2025-07-26 11:24:39.312384, 'GET /posts/', NULL, '127.0.0.1', 'Mozilla/5.0 (Windows NT 10.0; Win64; x64) AppleWebKit/537.36 (KHTML, like Gecko) Chrome/138.0.0.0 Safari/537.36 Edg/138.0.0.0', 200, NULL, 2);
INSERT INTO accounts_audit_log (id, action, view_name, path, method, model_name, object_id, timestamp, details, changes, ip_address, browser, status_code, related_object, user_id) VALUES (20856, 'read', '', '', '', 'HTTP Request', NULL, 2025-07-26 11:24:39.477378, 'GET /posts/', NULL, '127.0.0.1', 'Mozilla/5.0 (Windows NT 10.0; Win64; x64) AppleWebKit/537.36 (KHTML, like Gecko) Chrome/138.0.0.0 Safari/537.36 Edg/138.0.0.0', 200, NULL, 2);
INSERT INTO accounts_audit_log (id, action, view_name, path, method, model_name, object_id, timestamp, details, changes, ip_address, browser, status_code, related_object, user_id) VALUES (20857, 'read', '', '', '', 'HTTP Request', NULL, 2025-07-26 11:24:39.705249, 'GET /posts/', NULL, '127.0.0.1', 'Mozilla/5.0 (Windows NT 10.0; Win64; x64) AppleWebKit/537.36 (KHTML, like Gecko) Chrome/138.0.0.0 Safari/537.36 Edg/138.0.0.0', 200, NULL, 2);
INSERT INTO accounts_audit_log (id, action, view_name, path, method, model_name, object_id, timestamp, details, changes, ip_address, browser, status_code, related_object, user_id) VALUES (20858, 'read', '', '', '', 'HTTP Request', NULL, 2025-07-26 11:24:48.060024, 'GET /posts/', NULL, '127.0.0.1', 'Mozilla/5.0 (Windows NT 10.0; Win64; x64) AppleWebKit/537.36 (KHTML, like Gecko) Chrome/138.0.0.0 Safari/537.36 Edg/138.0.0.0', 200, NULL, 2);
INSERT INTO accounts_audit_log (id, action, view_name, path, method, model_name, object_id, timestamp, details, changes, ip_address, browser, status_code, related_object, user_id) VALUES (20859, 'read', '', '', '', 'HTTP Request', NULL, 2025-07-26 11:24:48.541358, 'GET /posts/', NULL, '127.0.0.1', 'Mozilla/5.0 (Windows NT 10.0; Win64; x64) AppleWebKit/537.36 (KHTML, like Gecko) Chrome/138.0.0.0 Safari/537.36 Edg/138.0.0.0', 200, NULL, 2);
INSERT INTO accounts_audit_log (id, action, view_name, path, method, model_name, object_id, timestamp, details, changes, ip_address, browser, status_code, related_object, user_id) VALUES (20860, 'read', '', '', '', 'HTTP Request', NULL, 2025-07-26 11:24:49.570553, 'GET /posts/', NULL, '127.0.0.1', 'Mozilla/5.0 (Windows NT 10.0; Win64; x64) AppleWebKit/537.36 (KHTML, like Gecko) Chrome/138.0.0.0 Safari/537.36 Edg/138.0.0.0', 200, NULL, 2);
INSERT INTO accounts_audit_log (id, action, view_name, path, method, model_name, object_id, timestamp, details, changes, ip_address, browser, status_code, related_object, user_id) VALUES (20861, 'read', '', '', '', 'HTTP Request', NULL, 2025-07-26 11:24:50.620497, 'GET /posts/', NULL, '127.0.0.1', 'Mozilla/5.0 (Windows NT 10.0; Win64; x64) AppleWebKit/537.36 (KHTML, like Gecko) Chrome/138.0.0.0 Safari/537.36 Edg/138.0.0.0', 200, NULL, 2);
INSERT INTO accounts_audit_log (id, action, view_name, path, method, model_name, object_id, timestamp, details, changes, ip_address, browser, status_code, related_object, user_id) VALUES (20862, 'read', '', '', '', 'HTTP Request', NULL, 2025-07-26 11:24:57.077617, 'GET /posts/', NULL, '127.0.0.1', 'Mozilla/5.0 (Windows NT 10.0; Win64; x64) AppleWebKit/537.36 (KHTML, like Gecko) Chrome/138.0.0.0 Safari/537.36 Edg/138.0.0.0', 200, NULL, 2);
INSERT INTO accounts_audit_log (id, action, view_name, path, method, model_name, object_id, timestamp, details, changes, ip_address, browser, status_code, related_object, user_id) VALUES (20863, 'read', '', '', '', 'HTTP Request', NULL, 2025-07-26 11:25:51.968538, 'GET /posts/', NULL, '127.0.0.1', 'Mozilla/5.0 (Windows NT 10.0; Win64; x64) AppleWebKit/537.36 (KHTML, like Gecko) Chrome/138.0.0.0 Safari/537.36 Edg/138.0.0.0', 200, NULL, 2);
INSERT INTO accounts_audit_log (id, action, view_name, path, method, model_name, object_id, timestamp, details, changes, ip_address, browser, status_code, related_object, user_id) VALUES (20864, 'read', '', '', '', 'HTTP Request', NULL, 2025-07-26 11:26:25.927311, 'GET /posts/', NULL, '127.0.0.1', 'Mozilla/5.0 (Windows NT 10.0; Win64; x64) AppleWebKit/537.36 (KHTML, like Gecko) Chrome/138.0.0.0 Safari/537.36 Edg/138.0.0.0', 200, NULL, 2);
INSERT INTO accounts_audit_log (id, action, view_name, path, method, model_name, object_id, timestamp, details, changes, ip_address, browser, status_code, related_object, user_id) VALUES (20865, 'read', '', '', '', 'HTTP Request', NULL, 2025-07-26 11:26:27.338132, 'GET /posts/', NULL, '127.0.0.1', 'Mozilla/5.0 (Windows NT 10.0; Win64; x64) AppleWebKit/537.36 (KHTML, like Gecko) Chrome/138.0.0.0 Safari/537.36 Edg/138.0.0.0', 200, NULL, 2);
INSERT INTO accounts_audit_log (id, action, view_name, path, method, model_name, object_id, timestamp, details, changes, ip_address, browser, status_code, related_object, user_id) VALUES (20866, 'read', '', '', '', 'HTTP Request', NULL, 2025-07-26 11:27:39.327158, 'GET /.well-known/appspecific/com.chrome.devtools.json', NULL, '127.0.0.1', 'Mozilla/5.0 (Windows NT 10.0; Win64; x64) AppleWebKit/537.36 (KHTML, like Gecko) Chrome/138.0.0.0 Safari/537.36 Edg/138.0.0.0', 404, NULL, 2);
INSERT INTO accounts_audit_log (id, action, view_name, path, method, model_name, object_id, timestamp, details, changes, ip_address, browser, status_code, related_object, user_id) VALUES (20867, 'read', '', '', '', 'HTTP Request', NULL, 2025-07-26 11:28:26.973153, 'GET /posts/', NULL, '127.0.0.1', 'Mozilla/5.0 (Windows NT 10.0; Win64; x64) AppleWebKit/537.36 (KHTML, like Gecko) Chrome/138.0.0.0 Safari/537.36 Edg/138.0.0.0', 200, NULL, 2);
INSERT INTO accounts_audit_log (id, action, view_name, path, method, model_name, object_id, timestamp, details, changes, ip_address, browser, status_code, related_object, user_id) VALUES (20868, 'read', '', '', '', 'HTTP Request', NULL, 2025-07-26 11:28:27.032371, 'GET /.well-known/appspecific/com.chrome.devtools.json', NULL, '127.0.0.1', 'Mozilla/5.0 (Windows NT 10.0; Win64; x64) AppleWebKit/537.36 (KHTML, like Gecko) Chrome/138.0.0.0 Safari/537.36 Edg/138.0.0.0', 404, NULL, 2);
INSERT INTO accounts_audit_log (id, action, view_name, path, method, model_name, object_id, timestamp, details, changes, ip_address, browser, status_code, related_object, user_id) VALUES (20869, 'read', '', '', '', 'HTTP Request', NULL, 2025-07-26 11:30:39.331311, 'GET /posts/', NULL, '127.0.0.1', 'Mozilla/5.0 (Windows NT 10.0; Win64; x64) AppleWebKit/537.36 (KHTML, like Gecko) Chrome/138.0.0.0 Safari/537.36 Edg/138.0.0.0', 200, NULL, 2);
INSERT INTO accounts_audit_log (id, action, view_name, path, method, model_name, object_id, timestamp, details, changes, ip_address, browser, status_code, related_object, user_id) VALUES (20870, 'read', '', '', '', 'HTTP Request', NULL, 2025-07-26 11:30:39.425015, 'GET /.well-known/appspecific/com.chrome.devtools.json', NULL, '127.0.0.1', 'Mozilla/5.0 (Windows NT 10.0; Win64; x64) AppleWebKit/537.36 (KHTML, like Gecko) Chrome/138.0.0.0 Safari/537.36 Edg/138.0.0.0', 404, NULL, 2);
INSERT INTO accounts_audit_log (id, action, view_name, path, method, model_name, object_id, timestamp, details, changes, ip_address, browser, status_code, related_object, user_id) VALUES (20871, 'read', '', '', '', 'HTTP Request', NULL, 2025-07-26 11:30:40.278938, 'GET /posts/', NULL, '127.0.0.1', 'Mozilla/5.0 (Windows NT 10.0; Win64; x64) AppleWebKit/537.36 (KHTML, like Gecko) Chrome/138.0.0.0 Safari/537.36 Edg/138.0.0.0', 200, NULL, 2);
INSERT INTO accounts_audit_log (id, action, view_name, path, method, model_name, object_id, timestamp, details, changes, ip_address, browser, status_code, related_object, user_id) VALUES (20872, 'read', '', '', '', 'HTTP Request', NULL, 2025-07-26 11:30:40.382930, 'GET /.well-known/appspecific/com.chrome.devtools.json', NULL, '127.0.0.1', 'Mozilla/5.0 (Windows NT 10.0; Win64; x64) AppleWebKit/537.36 (KHTML, like Gecko) Chrome/138.0.0.0 Safari/537.36 Edg/138.0.0.0', 404, NULL, 2);
INSERT INTO accounts_audit_log (id, action, view_name, path, method, model_name, object_id, timestamp, details, changes, ip_address, browser, status_code, related_object, user_id) VALUES (20873, 'read', '', '', '', 'HTTP Request', NULL, 2025-07-26 11:30:42.098819, 'GET /posts/', NULL, '127.0.0.1', 'Mozilla/5.0 (Windows NT 10.0; Win64; x64) AppleWebKit/537.36 (KHTML, like Gecko) Chrome/138.0.0.0 Safari/537.36 Edg/138.0.0.0', 200, NULL, 2);
INSERT INTO accounts_audit_log (id, action, view_name, path, method, model_name, object_id, timestamp, details, changes, ip_address, browser, status_code, related_object, user_id) VALUES (20874, 'read', '', '', '', 'HTTP Request', NULL, 2025-07-26 11:30:42.193796, 'GET /.well-known/appspecific/com.chrome.devtools.json', NULL, '127.0.0.1', 'Mozilla/5.0 (Windows NT 10.0; Win64; x64) AppleWebKit/537.36 (KHTML, like Gecko) Chrome/138.0.0.0 Safari/537.36 Edg/138.0.0.0', 404, NULL, 2);
INSERT INTO accounts_audit_log (id, action, view_name, path, method, model_name, object_id, timestamp, details, changes, ip_address, browser, status_code, related_object, user_id) VALUES (20875, 'read', '', '', '', 'HTTP Request', NULL, 2025-07-26 11:31:00.787788, 'GET /posts/', NULL, '127.0.0.1', 'Mozilla/5.0 (Windows NT 10.0; Win64; x64) AppleWebKit/537.36 (KHTML, like Gecko) Chrome/138.0.0.0 Safari/537.36 Edg/138.0.0.0', 200, NULL, 2);
INSERT INTO accounts_audit_log (id, action, view_name, path, method, model_name, object_id, timestamp, details, changes, ip_address, browser, status_code, related_object, user_id) VALUES (20876, 'create', '', '', '', 'HTTP Request', NULL, 2025-07-26 11:32:39.523650, 'POST /accounts/heartbeat/', NULL, '127.0.0.1', 'Mozilla/5.0 (Windows NT 10.0; Win64; x64) AppleWebKit/537.36 (KHTML, like Gecko) Chrome/138.0.0.0 Safari/537.36 Edg/138.0.0.0', 302, NULL, NULL);
INSERT INTO accounts_audit_log (id, action, view_name, path, method, model_name, object_id, timestamp, details, changes, ip_address, browser, status_code, related_object, user_id) VALUES (20877, 'read', '', '', '', 'HTTP Request', NULL, 2025-07-26 11:32:39.601854, 'GET /accounts/login/', NULL, '127.0.0.1', 'Mozilla/5.0 (Windows NT 10.0; Win64; x64) AppleWebKit/537.36 (KHTML, like Gecko) Chrome/138.0.0.0 Safari/537.36 Edg/138.0.0.0', 200, NULL, NULL);
INSERT INTO accounts_audit_log (id, action, view_name, path, method, model_name, object_id, timestamp, details, changes, ip_address, browser, status_code, related_object, user_id) VALUES (20878, 'read', '', '', '', 'HTTP Request', NULL, 2025-07-26 11:32:49.778454, 'GET /posts/', NULL, '127.0.0.1', 'Mozilla/5.0 (Windows NT 10.0; Win64; x64) AppleWebKit/537.36 (KHTML, like Gecko) Chrome/138.0.0.0 Safari/537.36 Edg/138.0.0.0', 200, NULL, 2);
INSERT INTO accounts_audit_log (id, action, view_name, path, method, model_name, object_id, timestamp, details, changes, ip_address, browser, status_code, related_object, user_id) VALUES (20879, 'read', '', '', '', 'HTTP Request', NULL, 2025-07-26 11:32:58.985876, 'GET /.well-known/appspecific/com.chrome.devtools.json', NULL, '127.0.0.1', 'Mozilla/5.0 (Windows NT 10.0; Win64; x64) AppleWebKit/537.36 (KHTML, like Gecko) Chrome/138.0.0.0 Safari/537.36 Edg/138.0.0.0', 404, NULL, 2);
INSERT INTO accounts_audit_log (id, action, view_name, path, method, model_name, object_id, timestamp, details, changes, ip_address, browser, status_code, related_object, user_id) VALUES (20880, 'create', '', '', '', 'HTTP Request', NULL, 2025-07-26 11:33:30.132661, 'POST /accounts/heartbeat/', NULL, '127.0.0.1', 'Mozilla/5.0 (Windows NT 10.0; Win64; x64) AppleWebKit/537.36 (KHTML, like Gecko) Chrome/138.0.0.0 Safari/537.36 Edg/138.0.0.0', 302, NULL, NULL);
INSERT INTO accounts_audit_log (id, action, view_name, path, method, model_name, object_id, timestamp, details, changes, ip_address, browser, status_code, related_object, user_id) VALUES (20881, 'read', '', '', '', 'HTTP Request', NULL, 2025-07-26 11:33:30.175577, 'GET /accounts/login/', NULL, '127.0.0.1', 'Mozilla/5.0 (Windows NT 10.0; Win64; x64) AppleWebKit/537.36 (KHTML, like Gecko) Chrome/138.0.0.0 Safari/537.36 Edg/138.0.0.0', 200, NULL, NULL);
INSERT INTO accounts_audit_log (id, action, view_name, path, method, model_name, object_id, timestamp, details, changes, ip_address, browser, status_code, related_object, user_id) VALUES (20882, 'read', '', '', '', 'HTTP Request', NULL, 2025-07-26 11:33:53.448098, 'GET /posts/', NULL, '127.0.0.1', 'Mozilla/5.0 (Windows NT 10.0; Win64; x64) AppleWebKit/537.36 (KHTML, like Gecko) Chrome/138.0.0.0 Safari/537.36 Edg/138.0.0.0', 200, NULL, 2);
INSERT INTO accounts_audit_log (id, action, view_name, path, method, model_name, object_id, timestamp, details, changes, ip_address, browser, status_code, related_object, user_id) VALUES (20883, 'read', '', '', '', 'HTTP Request', NULL, 2025-07-26 11:33:53.546316, 'GET /.well-known/appspecific/com.chrome.devtools.json', NULL, '127.0.0.1', 'Mozilla/5.0 (Windows NT 10.0; Win64; x64) AppleWebKit/537.36 (KHTML, like Gecko) Chrome/138.0.0.0 Safari/537.36 Edg/138.0.0.0', 404, NULL, 2);
INSERT INTO accounts_audit_log (id, action, view_name, path, method, model_name, object_id, timestamp, details, changes, ip_address, browser, status_code, related_object, user_id) VALUES (20884, 'read', '', '', '', 'HTTP Request', NULL, 2025-07-26 11:34:06.051978, 'GET /posts/', NULL, '127.0.0.1', 'Mozilla/5.0 (Windows NT 10.0; Win64; x64) AppleWebKit/537.36 (KHTML, like Gecko) Chrome/138.0.0.0 Safari/537.36 Edg/138.0.0.0', 200, NULL, 2);
INSERT INTO accounts_audit_log (id, action, view_name, path, method, model_name, object_id, timestamp, details, changes, ip_address, browser, status_code, related_object, user_id) VALUES (20885, 'read', '', '', '', 'HTTP Request', NULL, 2025-07-26 11:35:01.901873, 'GET /posts/', NULL, '127.0.0.1', 'Mozilla/5.0 (Windows NT 10.0; Win64; x64) AppleWebKit/537.36 (KHTML, like Gecko) Chrome/138.0.0.0 Safari/537.36 Edg/138.0.0.0', 200, NULL, 2);
INSERT INTO accounts_audit_log (id, action, view_name, path, method, model_name, object_id, timestamp, details, changes, ip_address, browser, status_code, related_object, user_id) VALUES (20886, 'read', '', '', '', 'HTTP Request', NULL, 2025-07-26 11:35:03.108108, 'GET /posts/', NULL, '127.0.0.1', 'Mozilla/5.0 (Windows NT 10.0; Win64; x64) AppleWebKit/537.36 (KHTML, like Gecko) Chrome/138.0.0.0 Safari/537.36 Edg/138.0.0.0', 200, NULL, 2);
INSERT INTO accounts_audit_log (id, action, view_name, path, method, model_name, object_id, timestamp, details, changes, ip_address, browser, status_code, related_object, user_id) VALUES (20887, 'read', '', '', '', 'HTTP Request', NULL, 2025-07-26 11:35:04.109508, 'GET /posts/', NULL, '127.0.0.1', 'Mozilla/5.0 (Windows NT 10.0; Win64; x64) AppleWebKit/537.36 (KHTML, like Gecko) Chrome/138.0.0.0 Safari/537.36 Edg/138.0.0.0', 200, NULL, 2);
INSERT INTO accounts_audit_log (id, action, view_name, path, method, model_name, object_id, timestamp, details, changes, ip_address, browser, status_code, related_object, user_id) VALUES (20888, 'create', '', '', '', 'HTTP Request', NULL, 2025-07-26 11:35:05.134361, 'POST /accounts/heartbeat/', NULL, '127.0.0.1', 'Mozilla/5.0 (Windows NT 10.0; Win64; x64) AppleWebKit/537.36 (KHTML, like Gecko) Chrome/138.0.0.0 Safari/537.36 Edg/138.0.0.0', 302, NULL, NULL);
INSERT INTO accounts_audit_log (id, action, view_name, path, method, model_name, object_id, timestamp, details, changes, ip_address, browser, status_code, related_object, user_id) VALUES (20889, 'read', '', '', '', 'HTTP Request', NULL, 2025-07-26 11:35:05.196255, 'GET /accounts/login/', NULL, '127.0.0.1', 'Mozilla/5.0 (Windows NT 10.0; Win64; x64) AppleWebKit/537.36 (KHTML, like Gecko) Chrome/138.0.0.0 Safari/537.36 Edg/138.0.0.0', 200, NULL, NULL);
INSERT INTO accounts_audit_log (id, action, view_name, path, method, model_name, object_id, timestamp, details, changes, ip_address, browser, status_code, related_object, user_id) VALUES (20890, 'create', '', '', '', 'HTTP Request', NULL, 2025-07-26 11:35:29.819557, 'POST /accounts/heartbeat/', NULL, '127.0.0.1', 'Mozilla/5.0 (Windows NT 10.0; Win64; x64) AppleWebKit/537.36 (KHTML, like Gecko) Chrome/138.0.0.0 Safari/537.36 Edg/138.0.0.0', 302, NULL, NULL);
INSERT INTO accounts_audit_log (id, action, view_name, path, method, model_name, object_id, timestamp, details, changes, ip_address, browser, status_code, related_object, user_id) VALUES (20891, 'read', '', '', '', 'HTTP Request', NULL, 2025-07-26 11:35:29.881489, 'GET /accounts/login/', NULL, '127.0.0.1', 'Mozilla/5.0 (Windows NT 10.0; Win64; x64) AppleWebKit/537.36 (KHTML, like Gecko) Chrome/138.0.0.0 Safari/537.36 Edg/138.0.0.0', 200, NULL, NULL);
INSERT INTO accounts_audit_log (id, action, view_name, path, method, model_name, object_id, timestamp, details, changes, ip_address, browser, status_code, related_object, user_id) VALUES (20892, 'create', '', '', '', 'HTTP Request', NULL, 2025-07-26 11:35:33.883919, 'POST /accounts/login/', NULL, '127.0.0.1', 'Mozilla/5.0 (Windows NT 10.0; Win64; x64) AppleWebKit/537.36 (KHTML, like Gecko) Chrome/138.0.0.0 Safari/537.36 Edg/138.0.0.0', 302, NULL, NULL);
INSERT INTO accounts_audit_log (id, action, view_name, path, method, model_name, object_id, timestamp, details, changes, ip_address, browser, status_code, related_object, user_id) VALUES (20893, 'read', '', '', '', 'HTTP Request', NULL, 2025-07-26 11:35:34.029702, 'GET /', NULL, '127.0.0.1', 'Mozilla/5.0 (Windows NT 10.0; Win64; x64) AppleWebKit/537.36 (KHTML, like Gecko) Chrome/138.0.0.0 Safari/537.36 Edg/138.0.0.0', 200, NULL, 2);
INSERT INTO accounts_audit_log (id, action, view_name, path, method, model_name, object_id, timestamp, details, changes, ip_address, browser, status_code, related_object, user_id) VALUES (20894, 'read', '', '', '', 'HTTP Request', NULL, 2025-07-26 11:35:36.402989, 'GET /', NULL, '127.0.0.1', 'Mozilla/5.0 (Windows NT 10.0; Win64; x64) AppleWebKit/537.36 (KHTML, like Gecko) Chrome/138.0.0.0 Safari/537.36 Edg/138.0.0.0', 200, NULL, 2);
INSERT INTO accounts_audit_log (id, action, view_name, path, method, model_name, object_id, timestamp, details, changes, ip_address, browser, status_code, related_object, user_id) VALUES (20895, 'read', '', '', '', 'HTTP Request', NULL, 2025-07-26 11:35:37.349594, 'GET /', NULL, '127.0.0.1', 'Mozilla/5.0 (Windows NT 10.0; Win64; x64) AppleWebKit/537.36 (KHTML, like Gecko) Chrome/138.0.0.0 Safari/537.36 Edg/138.0.0.0', 200, NULL, 2);
INSERT INTO accounts_audit_log (id, action, view_name, path, method, model_name, object_id, timestamp, details, changes, ip_address, browser, status_code, related_object, user_id) VALUES (20896, 'read', '', '', '', 'HTTP Request', NULL, 2025-07-26 11:35:43.814280, 'GET /accounts/admin_dashboard/', NULL, '127.0.0.1', 'Mozilla/5.0 (Windows NT 10.0; Win64; x64) AppleWebKit/537.36 (KHTML, like Gecko) Chrome/138.0.0.0 Safari/537.36 Edg/138.0.0.0', 200, NULL, 2);
INSERT INTO accounts_audit_log (id, action, view_name, path, method, model_name, object_id, timestamp, details, changes, ip_address, browser, status_code, related_object, user_id) VALUES (20897, 'read', '', '', '', 'HTTP Request', NULL, 2025-07-26 11:36:07.947437, 'GET /', NULL, '127.0.0.1', 'Mozilla/5.0 (Windows NT 10.0; Win64; x64) AppleWebKit/537.36 (KHTML, like Gecko) Chrome/138.0.0.0 Safari/537.36 Edg/138.0.0.0', 200, NULL, 2);
INSERT INTO accounts_audit_log (id, action, view_name, path, method, model_name, object_id, timestamp, details, changes, ip_address, browser, status_code, related_object, user_id) VALUES (20898, 'read', '', '', '', 'HTTP Request', NULL, 2025-07-26 11:36:09.216024, 'GET /', NULL, '127.0.0.1', 'Mozilla/5.0 (Windows NT 10.0; Win64; x64) AppleWebKit/537.36 (KHTML, like Gecko) Chrome/138.0.0.0 Safari/537.36 Edg/138.0.0.0', 200, NULL, 2);
INSERT INTO accounts_audit_log (id, action, view_name, path, method, model_name, object_id, timestamp, details, changes, ip_address, browser, status_code, related_object, user_id) VALUES (20899, 'read', '', '', '', 'HTTP Request', NULL, 2025-07-26 11:36:18.035168, 'GET /', NULL, '127.0.0.1', 'Mozilla/5.0 (Windows NT 10.0; Win64; x64) AppleWebKit/537.36 (KHTML, like Gecko) Chrome/138.0.0.0 Safari/537.36 Edg/138.0.0.0', 200, NULL, 2);
INSERT INTO accounts_audit_log (id, action, view_name, path, method, model_name, object_id, timestamp, details, changes, ip_address, browser, status_code, related_object, user_id) VALUES (20900, 'read', '', '', '', 'HTTP Request', NULL, 2025-07-26 11:36:18.350128, 'GET /', NULL, '127.0.0.1', 'Mozilla/5.0 (Windows NT 10.0; Win64; x64) AppleWebKit/537.36 (KHTML, like Gecko) Chrome/138.0.0.0 Safari/537.36 Edg/138.0.0.0', 200, NULL, 2);
INSERT INTO accounts_audit_log (id, action, view_name, path, method, model_name, object_id, timestamp, details, changes, ip_address, browser, status_code, related_object, user_id) VALUES (20901, 'read', '', '', '', 'HTTP Request', NULL, 2025-07-26 11:36:20.952890, 'GET /tankhah/factor/list/', NULL, '127.0.0.1', 'Mozilla/5.0 (Windows NT 10.0; Win64; x64) AppleWebKit/537.36 (KHTML, like Gecko) Chrome/138.0.0.0 Safari/537.36 Edg/138.0.0.0', 200, NULL, 2);
INSERT INTO accounts_audit_log (id, action, view_name, path, method, model_name, object_id, timestamp, details, changes, ip_address, browser, status_code, related_object, user_id) VALUES (20902, 'read', '', '', '', 'HTTP Request', NULL, 2025-07-26 11:36:29.061162, 'GET /tankhah/factor/list/', NULL, '127.0.0.1', 'Mozilla/5.0 (Windows NT 10.0; Win64; x64) AppleWebKit/537.36 (KHTML, like Gecko) Chrome/138.0.0.0 Safari/537.36 Edg/138.0.0.0', 200, NULL, 2);
INSERT INTO accounts_audit_log (id, action, view_name, path, method, model_name, object_id, timestamp, details, changes, ip_address, browser, status_code, related_object, user_id) VALUES (20903, 'read', '', '', '', 'HTTP Request', NULL, 2025-07-26 11:36:30.393434, 'GET /tankhah/factor/list/', NULL, '127.0.0.1', 'Mozilla/5.0 (Windows NT 10.0; Win64; x64) AppleWebKit/537.36 (KHTML, like Gecko) Chrome/138.0.0.0 Safari/537.36 Edg/138.0.0.0', 200, NULL, 2);
INSERT INTO accounts_audit_log (id, action, view_name, path, method, model_name, object_id, timestamp, details, changes, ip_address, browser, status_code, related_object, user_id) VALUES (20904, 'read', '', '', '', 'HTTP Request', NULL, 2025-07-26 11:36:36.443805, 'GET /tankhah/factor/list/', NULL, '127.0.0.1', 'Mozilla/5.0 (Windows NT 10.0; Win64; x64) AppleWebKit/537.36 (KHTML, like Gecko) Chrome/138.0.0.0 Safari/537.36 Edg/138.0.0.0', 200, NULL, 2);
INSERT INTO accounts_audit_log (id, action, view_name, path, method, model_name, object_id, timestamp, details, changes, ip_address, browser, status_code, related_object, user_id) VALUES (20905, 'read', '', '', '', 'HTTP Request', NULL, 2025-07-26 11:36:44.450525, 'GET /tankhah/factor/list/', NULL, '127.0.0.1', 'Mozilla/5.0 (Windows NT 10.0; Win64; x64) AppleWebKit/537.36 (KHTML, like Gecko) Chrome/138.0.0.0 Safari/537.36 Edg/138.0.0.0', 200, NULL, 2);
INSERT INTO accounts_audit_log (id, action, view_name, path, method, model_name, object_id, timestamp, details, changes, ip_address, browser, status_code, related_object, user_id) VALUES (20906, 'read', '', '', '', 'HTTP Request', NULL, 2025-07-26 11:36:53.423676, 'GET /tankhah/factor/list/', NULL, '127.0.0.1', 'Mozilla/5.0 (Windows NT 10.0; Win64; x64) AppleWebKit/537.36 (KHTML, like Gecko) Chrome/138.0.0.0 Safari/537.36 Edg/138.0.0.0', 200, NULL, 2);
INSERT INTO accounts_audit_log (id, action, view_name, path, method, model_name, object_id, timestamp, details, changes, ip_address, browser, status_code, related_object, user_id) VALUES (20907, 'read', '', '', '', 'HTTP Request', NULL, 2025-07-26 11:37:00.236124, 'GET /tankhah/factor/list/', NULL, '127.0.0.1', 'Mozilla/5.0 (Windows NT 10.0; Win64; x64) AppleWebKit/537.36 (KHTML, like Gecko) Chrome/138.0.0.0 Safari/537.36 Edg/138.0.0.0', 200, NULL, 2);
INSERT INTO accounts_audit_log (id, action, view_name, path, method, model_name, object_id, timestamp, details, changes, ip_address, browser, status_code, related_object, user_id) VALUES (20908, 'read', '', '', '', 'HTTP Request', NULL, 2025-07-26 11:37:00.839807, 'GET /tankhah/factor/list/', NULL, '127.0.0.1', 'Mozilla/5.0 (Windows NT 10.0; Win64; x64) AppleWebKit/537.36 (KHTML, like Gecko) Chrome/138.0.0.0 Safari/537.36 Edg/138.0.0.0', 200, NULL, 2);
INSERT INTO accounts_audit_log (id, action, view_name, path, method, model_name, object_id, timestamp, details, changes, ip_address, browser, status_code, related_object, user_id) VALUES (20909, 'read', '', '', '', 'HTTP Request', NULL, 2025-07-26 11:37:17.296274, 'GET /tankhah/factor/list/', NULL, '127.0.0.1', 'Mozilla/5.0 (Windows NT 10.0; Win64; x64) AppleWebKit/537.36 (KHTML, like Gecko) Chrome/138.0.0.0 Safari/537.36 Edg/138.0.0.0', 200, NULL, 2);
INSERT INTO accounts_audit_log (id, action, view_name, path, method, model_name, object_id, timestamp, details, changes, ip_address, browser, status_code, related_object, user_id) VALUES (20910, 'read', '', '', '', 'HTTP Request', NULL, 2025-07-26 11:37:17.602727, 'GET /tankhah/factor/list/', NULL, '127.0.0.1', 'Mozilla/5.0 (Windows NT 10.0; Win64; x64) AppleWebKit/537.36 (KHTML, like Gecko) Chrome/138.0.0.0 Safari/537.36 Edg/138.0.0.0', 200, NULL, 2);
INSERT INTO accounts_audit_log (id, action, view_name, path, method, model_name, object_id, timestamp, details, changes, ip_address, browser, status_code, related_object, user_id) VALUES (20911, 'read', '', '', '', 'HTTP Request', NULL, 2025-07-26 11:37:27.372740, 'GET /tankhah/factor/list/', NULL, '127.0.0.1', 'Mozilla/5.0 (Windows NT 10.0; Win64; x64) AppleWebKit/537.36 (KHTML, like Gecko) Chrome/138.0.0.0 Safari/537.36 Edg/138.0.0.0', 200, NULL, 2);
INSERT INTO accounts_audit_log (id, action, view_name, path, method, model_name, object_id, timestamp, details, changes, ip_address, browser, status_code, related_object, user_id) VALUES (20912, 'read', '', '', '', 'HTTP Request', NULL, 2025-07-26 11:37:29.518840, 'GET /tankhah/factor/list/', NULL, '127.0.0.1', 'Mozilla/5.0 (Windows NT 10.0; Win64; x64) AppleWebKit/537.36 (KHTML, like Gecko) Chrome/138.0.0.0 Safari/537.36 Edg/138.0.0.0', 200, NULL, 2);
INSERT INTO accounts_audit_log (id, action, view_name, path, method, model_name, object_id, timestamp, details, changes, ip_address, browser, status_code, related_object, user_id) VALUES (20913, 'read', '', '', '', 'HTTP Request', NULL, 2025-07-26 11:37:56.098192, 'GET /tankhah/factor/list/', NULL, '127.0.0.1', 'Mozilla/5.0 (Windows NT 10.0; Win64; x64) AppleWebKit/537.36 (KHTML, like Gecko) Chrome/138.0.0.0 Safari/537.36 Edg/138.0.0.0', 200, NULL, 2);
INSERT INTO accounts_audit_log (id, action, view_name, path, method, model_name, object_id, timestamp, details, changes, ip_address, browser, status_code, related_object, user_id) VALUES (20914, 'read', '', '', '', 'HTTP Request', NULL, 2025-07-26 11:38:05.938672, 'GET /posts/', NULL, '127.0.0.1', 'Mozilla/5.0 (Windows NT 10.0; Win64; x64) AppleWebKit/537.36 (KHTML, like Gecko) Chrome/138.0.0.0 Safari/537.36 Edg/138.0.0.0', 200, NULL, 2);
INSERT INTO accounts_audit_log (id, action, view_name, path, method, model_name, object_id, timestamp, details, changes, ip_address, browser, status_code, related_object, user_id) VALUES (20915, 'read', '', '', '', 'HTTP Request', NULL, 2025-07-26 11:38:08.166564, 'GET /posts/', NULL, '127.0.0.1', 'Mozilla/5.0 (Windows NT 10.0; Win64; x64) AppleWebKit/537.36 (KHTML, like Gecko) Chrome/138.0.0.0 Safari/537.36 Edg/138.0.0.0', 200, NULL, 2);
INSERT INTO accounts_audit_log (id, action, view_name, path, method, model_name, object_id, timestamp, details, changes, ip_address, browser, status_code, related_object, user_id) VALUES (20916, 'read', '', '', '', 'HTTP Request', NULL, 2025-07-26 11:38:11.126810, 'GET /posts/', NULL, '127.0.0.1', 'Mozilla/5.0 (Windows NT 10.0; Win64; x64) AppleWebKit/537.36 (KHTML, like Gecko) Chrome/138.0.0.0 Safari/537.36 Edg/138.0.0.0', 200, NULL, 2);
INSERT INTO accounts_audit_log (id, action, view_name, path, method, model_name, object_id, timestamp, details, changes, ip_address, browser, status_code, related_object, user_id) VALUES (20917, 'read', '', '', '', 'HTTP Request', NULL, 2025-07-26 11:38:15.112637, 'GET /posts/create/', NULL, '127.0.0.1', 'Mozilla/5.0 (Windows NT 10.0; Win64; x64) AppleWebKit/537.36 (KHTML, like Gecko) Chrome/138.0.0.0 Safari/537.36 Edg/138.0.0.0', 200, NULL, 2);
INSERT INTO accounts_audit_log (id, action, view_name, path, method, model_name, object_id, timestamp, details, changes, ip_address, browser, status_code, related_object, user_id) VALUES (20918, 'read', '', '', '', 'HTTP Request', NULL, 2025-07-26 11:38:18.613927, 'GET /posts/', NULL, '127.0.0.1', 'Mozilla/5.0 (Windows NT 10.0; Win64; x64) AppleWebKit/537.36 (KHTML, like Gecko) Chrome/138.0.0.0 Safari/537.36 Edg/138.0.0.0', 200, NULL, 2);
INSERT INTO accounts_audit_log (id, action, view_name, path, method, model_name, object_id, timestamp, details, changes, ip_address, browser, status_code, related_object, user_id) VALUES (20919, 'read', '', '', '', 'HTTP Request', NULL, 2025-07-27 07:17:52.619110, 'GET /', NULL, '127.0.0.1', 'Mozilla/5.0 (Windows NT 10.0; Win64; x64) AppleWebKit/537.36 (KHTML, like Gecko) Chrome/138.0.0.0 Safari/537.36 Edg/138.0.0.0', 302, NULL, NULL);
INSERT INTO accounts_audit_log (id, action, view_name, path, method, model_name, object_id, timestamp, details, changes, ip_address, browser, status_code, related_object, user_id) VALUES (20920, 'read', '', '', '', 'HTTP Request', NULL, 2025-07-27 07:17:52.752140, 'GET /accounts/login/', NULL, '127.0.0.1', 'Mozilla/5.0 (Windows NT 10.0; Win64; x64) AppleWebKit/537.36 (KHTML, like Gecko) Chrome/138.0.0.0 Safari/537.36 Edg/138.0.0.0', 200, NULL, NULL);
INSERT INTO accounts_audit_log (id, action, view_name, path, method, model_name, object_id, timestamp, details, changes, ip_address, browser, status_code, related_object, user_id) VALUES (20921, 'create', '', '', '', 'HTTP Request', NULL, 2025-07-27 07:17:57.301539, 'POST /accounts/login/', NULL, '127.0.0.1', 'Mozilla/5.0 (Windows NT 10.0; Win64; x64) AppleWebKit/537.36 (KHTML, like Gecko) Chrome/138.0.0.0 Safari/537.36 Edg/138.0.0.0', 302, NULL, NULL);
INSERT INTO accounts_audit_log (id, action, view_name, path, method, model_name, object_id, timestamp, details, changes, ip_address, browser, status_code, related_object, user_id) VALUES (20922, 'read', '', '', '', 'HTTP Request', NULL, 2025-07-27 07:17:57.428172, 'GET /', NULL, '127.0.0.1', 'Mozilla/5.0 (Windows NT 10.0; Win64; x64) AppleWebKit/537.36 (KHTML, like Gecko) Chrome/138.0.0.0 Safari/537.36 Edg/138.0.0.0', 200, NULL, 2);
INSERT INTO accounts_audit_log (id, action, view_name, path, method, model_name, object_id, timestamp, details, changes, ip_address, browser, status_code, related_object, user_id) VALUES (20923, 'read', '', '', '', 'HTTP Request', NULL, 2025-07-27 07:17:59.822740, 'GET /accounts/admin_dashboard/', NULL, '127.0.0.1', 'Mozilla/5.0 (Windows NT 10.0; Win64; x64) AppleWebKit/537.36 (KHTML, like Gecko) Chrome/138.0.0.0 Safari/537.36 Edg/138.0.0.0', 200, NULL, 2);
INSERT INTO accounts_audit_log (id, action, view_name, path, method, model_name, object_id, timestamp, details, changes, ip_address, browser, status_code, related_object, user_id) VALUES (20924, 'read', '', '', '', 'HTTP Request', NULL, 2025-07-27 07:18:01.338843, 'GET /accounts/roles/', NULL, '127.0.0.1', 'Mozilla/5.0 (Windows NT 10.0; Win64; x64) AppleWebKit/537.36 (KHTML, like Gecko) Chrome/138.0.0.0 Safari/537.36 Edg/138.0.0.0', 200, NULL, 2);
INSERT INTO accounts_audit_log (id, action, view_name, path, method, model_name, object_id, timestamp, details, changes, ip_address, browser, status_code, related_object, user_id) VALUES (20925, 'read', '', '', '', 'HTTP Request', NULL, 2025-07-27 07:18:07.175046, 'GET /accounts/roles/2/edit/', NULL, '127.0.0.1', 'Mozilla/5.0 (Windows NT 10.0; Win64; x64) AppleWebKit/537.36 (KHTML, like Gecko) Chrome/138.0.0.0 Safari/537.36 Edg/138.0.0.0', 200, NULL, 2);
INSERT INTO accounts_audit_log (id, action, view_name, path, method, model_name, object_id, timestamp, details, changes, ip_address, browser, status_code, related_object, user_id) VALUES (20926, 'create', '', '', '', 'HTTP Request', NULL, 2025-07-27 07:18:44.716266, 'POST /accounts/roles/2/edit/', NULL, '127.0.0.1', 'Mozilla/5.0 (Windows NT 10.0; Win64; x64) AppleWebKit/537.36 (KHTML, like Gecko) Chrome/138.0.0.0 Safari/537.36 Edg/138.0.0.0', 302, NULL, 2);
INSERT INTO accounts_audit_log (id, action, view_name, path, method, model_name, object_id, timestamp, details, changes, ip_address, browser, status_code, related_object, user_id) VALUES (20927, 'read', '', '', '', 'HTTP Request', NULL, 2025-07-27 07:18:44.877195, 'GET /accounts/roles/', NULL, '127.0.0.1', 'Mozilla/5.0 (Windows NT 10.0; Win64; x64) AppleWebKit/537.36 (KHTML, like Gecko) Chrome/138.0.0.0 Safari/537.36 Edg/138.0.0.0', 200, NULL, 2);
INSERT INTO accounts_audit_log (id, action, view_name, path, method, model_name, object_id, timestamp, details, changes, ip_address, browser, status_code, related_object, user_id) VALUES (20928, 'read', '', '', '', 'HTTP Request', NULL, 2025-07-27 07:18:49.818755, 'GET /accounts/roles/6/edit/', NULL, '127.0.0.1', 'Mozilla/5.0 (Windows NT 10.0; Win64; x64) AppleWebKit/537.36 (KHTML, like Gecko) Chrome/138.0.0.0 Safari/537.36 Edg/138.0.0.0', 200, NULL, 2);
INSERT INTO accounts_audit_log (id, action, view_name, path, method, model_name, object_id, timestamp, details, changes, ip_address, browser, status_code, related_object, user_id) VALUES (20929, 'create', '', '', '', 'HTTP Request', NULL, 2025-07-27 07:18:59.026448, 'POST /accounts/roles/6/edit/', NULL, '127.0.0.1', 'Mozilla/5.0 (Windows NT 10.0; Win64; x64) AppleWebKit/537.36 (KHTML, like Gecko) Chrome/138.0.0.0 Safari/537.36 Edg/138.0.0.0', 302, NULL, 2);
INSERT INTO accounts_audit_log (id, action, view_name, path, method, model_name, object_id, timestamp, details, changes, ip_address, browser, status_code, related_object, user_id) VALUES (20930, 'read', '', '', '', 'HTTP Request', NULL, 2025-07-27 07:18:59.128704, 'GET /accounts/roles/', NULL, '127.0.0.1', 'Mozilla/5.0 (Windows NT 10.0; Win64; x64) AppleWebKit/537.36 (KHTML, like Gecko) Chrome/138.0.0.0 Safari/537.36 Edg/138.0.0.0', 200, NULL, 2);
INSERT INTO accounts_audit_log (id, action, view_name, path, method, model_name, object_id, timestamp, details, changes, ip_address, browser, status_code, related_object, user_id) VALUES (20931, 'read', '', '', '', 'HTTP Request', NULL, 2025-07-27 07:19:18.716599, 'GET /accounts/roles/7/edit/', NULL, '127.0.0.1', 'Mozilla/5.0 (Windows NT 10.0; Win64; x64) AppleWebKit/537.36 (KHTML, like Gecko) Chrome/138.0.0.0 Safari/537.36 Edg/138.0.0.0', 200, NULL, 2);
INSERT INTO accounts_audit_log (id, action, view_name, path, method, model_name, object_id, timestamp, details, changes, ip_address, browser, status_code, related_object, user_id) VALUES (20932, 'create', '', '', '', 'HTTP Request', NULL, 2025-07-27 07:19:24.919836, 'POST /accounts/roles/7/edit/', NULL, '127.0.0.1', 'Mozilla/5.0 (Windows NT 10.0; Win64; x64) AppleWebKit/537.36 (KHTML, like Gecko) Chrome/138.0.0.0 Safari/537.36 Edg/138.0.0.0', 302, NULL, 2);
INSERT INTO accounts_audit_log (id, action, view_name, path, method, model_name, object_id, timestamp, details, changes, ip_address, browser, status_code, related_object, user_id) VALUES (20933, 'read', '', '', '', 'HTTP Request', NULL, 2025-07-27 07:19:25.021371, 'GET /accounts/roles/', NULL, '127.0.0.1', 'Mozilla/5.0 (Windows NT 10.0; Win64; x64) AppleWebKit/537.36 (KHTML, like Gecko) Chrome/138.0.0.0 Safari/537.36 Edg/138.0.0.0', 200, NULL, 2);
INSERT INTO accounts_audit_log (id, action, view_name, path, method, model_name, object_id, timestamp, details, changes, ip_address, browser, status_code, related_object, user_id) VALUES (20934, 'read', '', '', '', 'HTTP Request', NULL, 2025-07-27 07:24:14.092069, 'GET /accounts/roles/6/edit/', NULL, '127.0.0.1', 'Mozilla/5.0 (Windows NT 10.0; Win64; x64) AppleWebKit/537.36 (KHTML, like Gecko) Chrome/138.0.0.0 Safari/537.36 Edg/138.0.0.0', 200, NULL, 2);
INSERT INTO accounts_audit_log (id, action, view_name, path, method, model_name, object_id, timestamp, details, changes, ip_address, browser, status_code, related_object, user_id) VALUES (20935, 'read', '', '', '', 'HTTP Request', NULL, 2025-07-27 07:24:35.051134, 'GET /access-rules/assign/', NULL, '127.0.0.1', 'Mozilla/5.0 (Windows NT 10.0; Win64; x64) AppleWebKit/537.36 (KHTML, like Gecko) Chrome/138.0.0.0 Safari/537.36 Edg/138.0.0.0', 200, NULL, 2);
INSERT INTO accounts_audit_log (id, action, view_name, path, method, model_name, object_id, timestamp, details, changes, ip_address, browser, status_code, related_object, user_id) VALUES (20936, 'read', '', '', '', 'HTTP Request', NULL, 2025-07-27 07:26:20.923941, 'GET /access-rules/assign/', NULL, '127.0.0.1', 'Mozilla/5.0 (Windows NT 10.0; Win64; x64) AppleWebKit/537.36 (KHTML, like Gecko) Chrome/138.0.0.0 Safari/537.36 Edg/138.0.0.0', 200, NULL, 2);
INSERT INTO accounts_audit_log (id, action, view_name, path, method, model_name, object_id, timestamp, details, changes, ip_address, browser, status_code, related_object, user_id) VALUES (20937, 'read', '', '', '', 'HTTP Request', NULL, 2025-07-27 07:28:30.357904, 'GET /access-rules/assign/', NULL, '127.0.0.1', 'Mozilla/5.0 (Windows NT 10.0; Win64; x64) AppleWebKit/537.36 (KHTML, like Gecko) Chrome/138.0.0.0 Safari/537.36 Edg/138.0.0.0', 200, NULL, 2);
INSERT INTO accounts_audit_log (id, action, view_name, path, method, model_name, object_id, timestamp, details, changes, ip_address, browser, status_code, related_object, user_id) VALUES (20938, 'read', '', '', '', 'HTTP Request', NULL, 2025-07-27 07:29:01.401647, 'GET /access-rules/assign/', NULL, '127.0.0.1', 'Mozilla/5.0 (Windows NT 10.0; Win64; x64) AppleWebKit/537.36 (KHTML, like Gecko) Chrome/138.0.0.0 Safari/537.36 Edg/138.0.0.0', 200, NULL, 2);
INSERT INTO accounts_audit_log (id, action, view_name, path, method, model_name, object_id, timestamp, details, changes, ip_address, browser, status_code, related_object, user_id) VALUES (20939, 'read', '', '', '', 'HTTP Request', NULL, 2025-07-27 07:29:22.220073, 'GET /access-rules/assign/', NULL, '127.0.0.1', 'Mozilla/5.0 (Windows NT 10.0; Win64; x64) AppleWebKit/537.36 (KHTML, like Gecko) Chrome/138.0.0.0 Safari/537.36 Edg/138.0.0.0', 200, NULL, 2);
INSERT INTO accounts_audit_log (id, action, view_name, path, method, model_name, object_id, timestamp, details, changes, ip_address, browser, status_code, related_object, user_id) VALUES (20940, 'read', '', '', '', 'HTTP Request', NULL, 2025-07-27 07:29:46.193271, 'GET /access-rules/assign/', NULL, '127.0.0.1', 'Mozilla/5.0 (Windows NT 10.0; Win64; x64) AppleWebKit/537.36 (KHTML, like Gecko) Chrome/138.0.0.0 Safari/537.36 Edg/138.0.0.0', 200, NULL, 2);
INSERT INTO accounts_audit_log (id, action, view_name, path, method, model_name, object_id, timestamp, details, changes, ip_address, browser, status_code, related_object, user_id) VALUES (20941, 'read', '', '', '', 'HTTP Request', NULL, 2025-07-27 07:30:20.341031, 'GET /access-rules/assign/', NULL, '127.0.0.1', 'Mozilla/5.0 (Windows NT 10.0; Win64; x64) AppleWebKit/537.36 (KHTML, like Gecko) Chrome/138.0.0.0 Safari/537.36 Edg/138.0.0.0', 200, NULL, 2);
INSERT INTO accounts_audit_log (id, action, view_name, path, method, model_name, object_id, timestamp, details, changes, ip_address, browser, status_code, related_object, user_id) VALUES (20942, 'read', '', '', '', 'HTTP Request', NULL, 2025-07-27 07:30:45.277730, 'GET /access-rules/assign/', NULL, '127.0.0.1', 'Mozilla/5.0 (Windows NT 10.0; Win64; x64) AppleWebKit/537.36 (KHTML, like Gecko) Chrome/138.0.0.0 Safari/537.36 Edg/138.0.0.0', 200, NULL, 2);
INSERT INTO accounts_audit_log (id, action, view_name, path, method, model_name, object_id, timestamp, details, changes, ip_address, browser, status_code, related_object, user_id) VALUES (20943, 'read', '', '', '', 'HTTP Request', NULL, 2025-07-27 07:31:02.502002, 'GET /access-rules/assign/', NULL, '127.0.0.1', 'Mozilla/5.0 (Windows NT 10.0; Win64; x64) AppleWebKit/537.36 (KHTML, like Gecko) Chrome/138.0.0.0 Safari/537.36 Edg/138.0.0.0', 200, NULL, 2);
INSERT INTO accounts_audit_log (id, action, view_name, path, method, model_name, object_id, timestamp, details, changes, ip_address, browser, status_code, related_object, user_id) VALUES (20944, 'create', '', '', '', 'HTTP Request', NULL, 2025-07-27 07:31:19.842642, 'POST /accounts/set_theme/', NULL, '127.0.0.1', 'Mozilla/5.0 (Windows NT 10.0; Win64; x64) AppleWebKit/537.36 (KHTML, like Gecko) Chrome/138.0.0.0 Safari/537.36 Edg/138.0.0.0', 302, NULL, 2);
INSERT INTO accounts_audit_log (id, action, view_name, path, method, model_name, object_id, timestamp, details, changes, ip_address, browser, status_code, related_object, user_id) VALUES (20945, 'create', '', '', '', 'HTTP Request', NULL, 2025-07-27 07:31:22.638053, 'POST /accounts/set_theme/', NULL, '127.0.0.1', 'Mozilla/5.0 (Windows NT 10.0; Win64; x64) AppleWebKit/537.36 (KHTML, like Gecko) Chrome/138.0.0.0 Safari/537.36 Edg/138.0.0.0', 302, NULL, 2);
INSERT INTO accounts_audit_log (id, action, view_name, path, method, model_name, object_id, timestamp, details, changes, ip_address, browser, status_code, related_object, user_id) VALUES (20946, 'create', '', '', '', 'HTTP Request', NULL, 2025-07-27 07:31:25.063351, 'POST /accounts/set_theme/', NULL, '127.0.0.1', 'Mozilla/5.0 (Windows NT 10.0; Win64; x64) AppleWebKit/537.36 (KHTML, like Gecko) Chrome/138.0.0.0 Safari/537.36 Edg/138.0.0.0', 302, NULL, 2);
INSERT INTO accounts_audit_log (id, action, view_name, path, method, model_name, object_id, timestamp, details, changes, ip_address, browser, status_code, related_object, user_id) VALUES (20947, 'read', '', '', '', 'HTTP Request', NULL, 2025-07-27 07:31:25.136910, 'GET /access-rules/assign/', NULL, '127.0.0.1', 'Mozilla/5.0 (Windows NT 10.0; Win64; x64) AppleWebKit/537.36 (KHTML, like Gecko) Chrome/138.0.0.0 Safari/537.36 Edg/138.0.0.0', 200, NULL, 2);
INSERT INTO accounts_audit_log (id, action, view_name, path, method, model_name, object_id, timestamp, details, changes, ip_address, browser, status_code, related_object, user_id) VALUES (20948, 'read', '', '', '', 'HTTP Request', NULL, 2025-07-27 07:31:29.948295, 'GET /access-rules/assign/', NULL, '127.0.0.1', 'Mozilla/5.0 (Windows NT 10.0; Win64; x64) AppleWebKit/537.36 (KHTML, like Gecko) Chrome/138.0.0.0 Safari/537.36 Edg/138.0.0.0', 200, NULL, 2);
INSERT INTO accounts_audit_log (id, action, view_name, path, method, model_name, object_id, timestamp, details, changes, ip_address, browser, status_code, related_object, user_id) VALUES (20949, 'read', '', '', '', 'HTTP Request', NULL, 2025-07-27 07:31:30.214057, 'GET /projects/', NULL, '127.0.0.1', 'Mozilla/5.0 (Windows NT 10.0; Win64; x64) AppleWebKit/537.36 (KHTML, like Gecko) Chrome/138.0.0.0 Safari/537.36 Edg/138.0.0.0', 200, NULL, 2);
INSERT INTO accounts_audit_log (id, action, view_name, path, method, model_name, object_id, timestamp, details, changes, ip_address, browser, status_code, related_object, user_id) VALUES (20950, 'read', '', '', '', 'HTTP Request', NULL, 2025-07-27 07:31:32.397308, 'GET /access-rules/assign/', NULL, '127.0.0.1', 'Mozilla/5.0 (Windows NT 10.0; Win64; x64) AppleWebKit/537.36 (KHTML, like Gecko) Chrome/138.0.0.0 Safari/537.36 Edg/138.0.0.0', 200, NULL, 2);
INSERT INTO accounts_audit_log (id, action, view_name, path, method, model_name, object_id, timestamp, details, changes, ip_address, browser, status_code, related_object, user_id) VALUES (20951, 'read', '', '', '', 'HTTP Request', NULL, 2025-07-27 07:31:36.866552, 'GET /projects/create/', NULL, '127.0.0.1', 'Mozilla/5.0 (Windows NT 10.0; Win64; x64) AppleWebKit/537.36 (KHTML, like Gecko) Chrome/138.0.0.0 Safari/537.36 Edg/138.0.0.0', 200, NULL, 2);
INSERT INTO accounts_audit_log (id, action, view_name, path, method, model_name, object_id, timestamp, details, changes, ip_address, browser, status_code, related_object, user_id) VALUES (20952, 'read', '', '', '', 'HTTP Request', NULL, 2025-07-27 07:31:45.202858, 'GET /', NULL, '127.0.0.1', 'Mozilla/5.0 (Windows NT 10.0; Win64; x64) AppleWebKit/537.36 (KHTML, like Gecko) Chrome/138.0.0.0 Safari/537.36 Edg/138.0.0.0', 200, NULL, 2);
INSERT INTO accounts_audit_log (id, action, view_name, path, method, model_name, object_id, timestamp, details, changes, ip_address, browser, status_code, related_object, user_id) VALUES (20953, 'create', '', '', '', 'HTTP Request', NULL, 2025-07-27 07:31:51.357316, 'POST /accounts/set_theme/', NULL, '127.0.0.1', 'Mozilla/5.0 (Windows NT 10.0; Win64; x64) AppleWebKit/537.36 (KHTML, like Gecko) Chrome/138.0.0.0 Safari/537.36 Edg/138.0.0.0', 302, NULL, 2);
INSERT INTO accounts_audit_log (id, action, view_name, path, method, model_name, object_id, timestamp, details, changes, ip_address, browser, status_code, related_object, user_id) VALUES (20954, 'read', '', '', '', 'HTTP Request', NULL, 2025-07-27 07:31:51.477339, 'GET /', NULL, '127.0.0.1', 'Mozilla/5.0 (Windows NT 10.0; Win64; x64) AppleWebKit/537.36 (KHTML, like Gecko) Chrome/138.0.0.0 Safari/537.36 Edg/138.0.0.0', 200, NULL, 2);
INSERT INTO accounts_audit_log (id, action, view_name, path, method, model_name, object_id, timestamp, details, changes, ip_address, browser, status_code, related_object, user_id) VALUES (20955, 'read', '', '', '', 'HTTP Request', NULL, 2025-07-27 07:32:25.358612, 'GET /branches/', NULL, '127.0.0.1', 'Mozilla/5.0 (Windows NT 10.0; Win64; x64) AppleWebKit/537.36 (KHTML, like Gecko) Chrome/138.0.0.0 Safari/537.36 Edg/138.0.0.0', 200, NULL, 2);
INSERT INTO accounts_audit_log (id, action, view_name, path, method, model_name, object_id, timestamp, details, changes, ip_address, browser, status_code, related_object, user_id) VALUES (20956, 'read', '', '', '', 'HTTP Request', NULL, 2025-07-27 07:41:38.722222, 'GET /tankhah/factor-item/30/approve/', NULL, '127.0.0.1', 'Mozilla/5.0 (Windows NT 10.0; Win64; x64) AppleWebKit/537.36 (KHTML, like Gecko) Chrome/138.0.0.0 Safari/537.36 Edg/138.0.0.0', 302, NULL, NULL);
INSERT INTO accounts_audit_log (id, action, view_name, path, method, model_name, object_id, timestamp, details, changes, ip_address, browser, status_code, related_object, user_id) VALUES (20957, 'read', '', '', '', 'HTTP Request', NULL, 2025-07-27 07:41:38.824900, 'GET /accounts/login/', NULL, '127.0.0.1', 'Mozilla/5.0 (Windows NT 10.0; Win64; x64) AppleWebKit/537.36 (KHTML, like Gecko) Chrome/138.0.0.0 Safari/537.36 Edg/138.0.0.0', 200, NULL, NULL);
INSERT INTO accounts_audit_log (id, action, view_name, path, method, model_name, object_id, timestamp, details, changes, ip_address, browser, status_code, related_object, user_id) VALUES (20958, 'create', '', '', '', 'HTTP Request', NULL, 2025-07-27 07:41:41.630485, 'POST /accounts/login/', NULL, '127.0.0.1', 'Mozilla/5.0 (Windows NT 10.0; Win64; x64) AppleWebKit/537.36 (KHTML, like Gecko) Chrome/138.0.0.0 Safari/537.36 Edg/138.0.0.0', 302, NULL, NULL);
INSERT INTO accounts_audit_log (id, action, view_name, path, method, model_name, object_id, timestamp, details, changes, ip_address, browser, status_code, related_object, user_id) VALUES (20959, 'read', '', '', '', 'HTTP Request', NULL, 2025-07-27 07:41:41.750673, 'GET /', NULL, '127.0.0.1', 'Mozilla/5.0 (Windows NT 10.0; Win64; x64) AppleWebKit/537.36 (KHTML, like Gecko) Chrome/138.0.0.0 Safari/537.36 Edg/138.0.0.0', 200, NULL, 6);
INSERT INTO accounts_audit_log (id, action, view_name, path, method, model_name, object_id, timestamp, details, changes, ip_address, browser, status_code, related_object, user_id) VALUES (20960, 'read', '', '', '', 'HTTP Request', NULL, 2025-07-27 07:41:44.582958, 'GET /tankhah/factor/list/', NULL, '127.0.0.1', 'Mozilla/5.0 (Windows NT 10.0; Win64; x64) AppleWebKit/537.36 (KHTML, like Gecko) Chrome/138.0.0.0 Safari/537.36 Edg/138.0.0.0', 200, NULL, 6);
INSERT INTO accounts_audit_log (id, action, view_name, path, method, model_name, object_id, timestamp, details, changes, ip_address, browser, status_code, related_object, user_id) VALUES (20961, 'read', '', '', '', 'HTTP Request', NULL, 2025-07-27 07:41:51.022070, 'GET /tankhah/factor-item/30/approve/', NULL, '127.0.0.1', 'Mozilla/5.0 (Windows NT 10.0; Win64; x64) AppleWebKit/537.36 (KHTML, like Gecko) Chrome/138.0.0.0 Safari/537.36 Edg/138.0.0.0', 200, NULL, 6);
INSERT INTO accounts_audit_log (id, action, view_name, path, method, model_name, object_id, timestamp, details, changes, ip_address, browser, status_code, related_object, user_id) VALUES (20962, 'read', '', '', '', 'HTTP Request', NULL, 2025-07-27 07:42:02.273896, 'GET /tankhah/factor-item/30/approve/', NULL, '127.0.0.1', 'Mozilla/5.0 (Windows NT 10.0; Win64; x64) AppleWebKit/537.36 (KHTML, like Gecko) Chrome/138.0.0.0 Safari/537.36 Edg/138.0.0.0', 200, NULL, 6);
INSERT INTO accounts_audit_log (id, action, view_name, path, method, model_name, object_id, timestamp, details, changes, ip_address, browser, status_code, related_object, user_id) VALUES (20963, 'read', '', '', '', 'HTTP Request', NULL, 2025-07-27 07:42:05.490265, 'GET /tankhah/factor-item/30/approve/', NULL, '127.0.0.1', 'Mozilla/5.0 (Windows NT 10.0; Win64; x64) AppleWebKit/537.36 (KHTML, like Gecko) Chrome/138.0.0.0 Safari/537.36 Edg/138.0.0.0', 200, NULL, 6);
INSERT INTO accounts_audit_log (id, action, view_name, path, method, model_name, object_id, timestamp, details, changes, ip_address, browser, status_code, related_object, user_id) VALUES (20964, 'read', '', '', '', 'HTTP Request', NULL, 2025-07-27 07:42:44.396610, 'GET /tankhah/factor-item/30/approve/', NULL, '127.0.0.1', 'Mozilla/5.0 (Windows NT 10.0; Win64; x64) AppleWebKit/537.36 (KHTML, like Gecko) Chrome/138.0.0.0 Safari/537.36 Edg/138.0.0.0', 200, NULL, 6);
INSERT INTO accounts_audit_log (id, action, view_name, path, method, model_name, object_id, timestamp, details, changes, ip_address, browser, status_code, related_object, user_id) VALUES (20965, 'read', '', '', '', 'HTTP Request', NULL, 2025-07-27 07:42:46.480294, 'GET /tankhah/factor-item/30/approve/', NULL, '127.0.0.1', 'Mozilla/5.0 (Windows NT 10.0; Win64; x64) AppleWebKit/537.36 (KHTML, like Gecko) Chrome/138.0.0.0 Safari/537.36 Edg/138.0.0.0', 200, NULL, 6);
INSERT INTO accounts_audit_log (id, action, view_name, path, method, model_name, object_id, timestamp, details, changes, ip_address, browser, status_code, related_object, user_id) VALUES (20966, 'read', '', '', '', 'HTTP Request', NULL, 2025-07-27 07:42:47.902208, 'GET /tankhah/factor-item/30/approve/', NULL, '127.0.0.1', 'Mozilla/5.0 (Windows NT 10.0; Win64; x64) AppleWebKit/537.36 (KHTML, like Gecko) Chrome/138.0.0.0 Safari/537.36 Edg/138.0.0.0', 200, NULL, 6);
INSERT INTO accounts_audit_log (id, action, view_name, path, method, model_name, object_id, timestamp, details, changes, ip_address, browser, status_code, related_object, user_id) VALUES (20967, 'read', '', '', '', 'HTTP Request', NULL, 2025-07-27 07:42:58.186581, 'GET /tankhah/factor/list/', NULL, '127.0.0.1', 'Mozilla/5.0 (Windows NT 10.0; Win64; x64) AppleWebKit/537.36 (KHTML, like Gecko) Chrome/138.0.0.0 Safari/537.36 Edg/138.0.0.0', 200, NULL, 2);
INSERT INTO accounts_audit_log (id, action, view_name, path, method, model_name, object_id, timestamp, details, changes, ip_address, browser, status_code, related_object, user_id) VALUES (20968, 'read', '', '', '', 'HTTP Request', NULL, 2025-07-27 07:43:03.439010, 'GET /tankhah/factor-item/30/approve/', NULL, '127.0.0.1', 'Mozilla/5.0 (Windows NT 10.0; Win64; x64) AppleWebKit/537.36 (KHTML, like Gecko) Chrome/138.0.0.0 Safari/537.36 Edg/138.0.0.0', 200, NULL, 2);
INSERT INTO accounts_audit_log (id, action, view_name, path, method, model_name, object_id, timestamp, details, changes, ip_address, browser, status_code, related_object, user_id) VALUES (20969, 'read', '', '', '', 'HTTP Request', NULL, 2025-07-27 07:43:10.570599, 'GET /tankhah/factor-item/30/approve/', NULL, '127.0.0.1', 'Mozilla/5.0 (Windows NT 10.0; Win64; x64) AppleWebKit/537.36 (KHTML, like Gecko) Chrome/138.0.0.0 Safari/537.36 Edg/138.0.0.0', 200, NULL, 6);
INSERT INTO accounts_audit_log (id, action, view_name, path, method, model_name, object_id, timestamp, details, changes, ip_address, browser, status_code, related_object, user_id) VALUES (20970, 'create', '', '', '', 'HTTP Request', NULL, 2025-07-27 07:45:24.334147, 'POST /accounts/roles/6/edit/', NULL, '127.0.0.1', 'Mozilla/5.0 (Windows NT 10.0; Win64; x64) AppleWebKit/537.36 (KHTML, like Gecko) Chrome/138.0.0.0 Safari/537.36 Edg/138.0.0.0', 302, NULL, 2);
INSERT INTO accounts_audit_log (id, action, view_name, path, method, model_name, object_id, timestamp, details, changes, ip_address, browser, status_code, related_object, user_id) VALUES (20971, 'read', '', '', '', 'HTTP Request', NULL, 2025-07-27 07:45:24.471637, 'GET /accounts/roles/', NULL, '127.0.0.1', 'Mozilla/5.0 (Windows NT 10.0; Win64; x64) AppleWebKit/537.36 (KHTML, like Gecko) Chrome/138.0.0.0 Safari/537.36 Edg/138.0.0.0', 200, NULL, 2);
INSERT INTO accounts_audit_log (id, action, view_name, path, method, model_name, object_id, timestamp, details, changes, ip_address, browser, status_code, related_object, user_id) VALUES (20972, 'read', '', '', '', 'HTTP Request', NULL, 2025-07-27 07:46:09.956037, 'GET /tankhah/factor-item/30/approve/', NULL, '127.0.0.1', 'Mozilla/5.0 (Windows NT 10.0; Win64; x64) AppleWebKit/537.36 (KHTML, like Gecko) Chrome/138.0.0.0 Safari/537.36 Edg/138.0.0.0', 200, NULL, 6);
INSERT INTO accounts_audit_log (id, action, view_name, path, method, model_name, object_id, timestamp, details, changes, ip_address, browser, status_code, related_object, user_id) VALUES (20973, 'read', '', '', '', 'HTTP Request', NULL, 2025-07-27 07:46:17.924625, 'GET /accounts/roles/6/edit/', NULL, '127.0.0.1', 'Mozilla/5.0 (Windows NT 10.0; Win64; x64) AppleWebKit/537.36 (KHTML, like Gecko) Chrome/138.0.0.0 Safari/537.36 Edg/138.0.0.0', 200, NULL, 2);
INSERT INTO accounts_audit_log (id, action, view_name, path, method, model_name, object_id, timestamp, details, changes, ip_address, browser, status_code, related_object, user_id) VALUES (20974, 'read', '', '', '', 'HTTP Request', NULL, 2025-07-27 07:46:49.217907, 'GET /tankhah/factor-item/30/approve/', NULL, '127.0.0.1', 'Mozilla/5.0 (Windows NT 10.0; Win64; x64) AppleWebKit/537.36 (KHTML, like Gecko) Chrome/138.0.0.0 Safari/537.36 Edg/138.0.0.0', 200, NULL, 6);
INSERT INTO accounts_audit_log (id, action, view_name, path, method, model_name, object_id, timestamp, details, changes, ip_address, browser, status_code, related_object, user_id) VALUES (20975, 'create', '', '', '', 'HTTP Request', NULL, 2025-07-27 07:46:57.603418, 'POST /accounts/roles/6/edit/', NULL, '127.0.0.1', 'Mozilla/5.0 (Windows NT 10.0; Win64; x64) AppleWebKit/537.36 (KHTML, like Gecko) Chrome/138.0.0.0 Safari/537.36 Edg/138.0.0.0', 302, NULL, 2);
INSERT INTO accounts_audit_log (id, action, view_name, path, method, model_name, object_id, timestamp, details, changes, ip_address, browser, status_code, related_object, user_id) VALUES (20976, 'read', '', '', '', 'HTTP Request', NULL, 2025-07-27 07:46:57.739861, 'GET /accounts/roles/', NULL, '127.0.0.1', 'Mozilla/5.0 (Windows NT 10.0; Win64; x64) AppleWebKit/537.36 (KHTML, like Gecko) Chrome/138.0.0.0 Safari/537.36 Edg/138.0.0.0', 200, NULL, 2);
INSERT INTO accounts_audit_log (id, action, view_name, path, method, model_name, object_id, timestamp, details, changes, ip_address, browser, status_code, related_object, user_id) VALUES (20977, 'read', '', '', '', 'HTTP Request', NULL, 2025-07-27 07:47:01.938217, 'GET /tankhah/factor-item/30/approve/', NULL, '127.0.0.1', 'Mozilla/5.0 (Windows NT 10.0; Win64; x64) AppleWebKit/537.36 (KHTML, like Gecko) Chrome/138.0.0.0 Safari/537.36 Edg/138.0.0.0', 200, NULL, 6);
INSERT INTO accounts_audit_log (id, action, view_name, path, method, model_name, object_id, timestamp, details, changes, ip_address, browser, status_code, related_object, user_id) VALUES (20978, 'create', '', '', '', 'HTTP Request', NULL, 2025-07-27 07:47:27.935401, 'POST /tankhah/factor-item/30/approve/', NULL, '127.0.0.1', 'Mozilla/5.0 (Windows NT 10.0; Win64; x64) AppleWebKit/537.36 (KHTML, like Gecko) Chrome/138.0.0.0 Safari/537.36 Edg/138.0.0.0', 200, NULL, 6);
INSERT INTO accounts_audit_log (id, action, view_name, path, method, model_name, object_id, timestamp, details, changes, ip_address, browser, status_code, related_object, user_id) VALUES (20979, 'read', '', '', '', 'HTTP Request', NULL, 2025-07-27 07:51:58.585180, 'GET /', NULL, '127.0.0.1', 'Mozilla/5.0 (Windows NT 10.0; Win64; x64) AppleWebKit/537.36 (KHTML, like Gecko) Chrome/138.0.0.0 Safari/537.36 Edg/138.0.0.0', 200, NULL, 6);
INSERT INTO accounts_audit_log (id, action, view_name, path, method, model_name, object_id, timestamp, details, changes, ip_address, browser, status_code, related_object, user_id) VALUES (20980, 'read', '', '', '', 'HTTP Request', NULL, 2025-07-27 07:52:01.248242, 'GET /reports/reports/comprehensive-budget/', NULL, '127.0.0.1', 'Mozilla/5.0 (Windows NT 10.0; Win64; x64) AppleWebKit/537.36 (KHTML, like Gecko) Chrome/138.0.0.0 Safari/537.36 Edg/138.0.0.0', 200, NULL, 6);
INSERT INTO accounts_audit_log (id, action, view_name, path, method, model_name, object_id, timestamp, details, changes, ip_address, browser, status_code, related_object, user_id) VALUES (20981, 'create', '', '', '', 'HTTP Request', NULL, 2025-07-27 07:52:29.645687, 'POST /tankhah/factor-item/30/approve/', NULL, '127.0.0.1', 'Mozilla/5.0 (Windows NT 10.0; Win64; x64) AppleWebKit/537.36 (KHTML, like Gecko) Chrome/138.0.0.0 Safari/537.36 Edg/138.0.0.0', 200, NULL, 6);
INSERT INTO accounts_audit_log (id, action, view_name, path, method, model_name, object_id, timestamp, details, changes, ip_address, browser, status_code, related_object, user_id) VALUES (20982, 'read', '', '', '', 'HTTP Request', NULL, 2025-07-27 07:53:32.546166, 'GET /reports/reports/api/budget-items-for-org-period/22/1/', NULL, '127.0.0.1', 'Mozilla/5.0 (Windows NT 10.0; Win64; x64) AppleWebKit/537.36 (KHTML, like Gecko) Chrome/138.0.0.0 Safari/537.36 Edg/138.0.0.0', 200, NULL, 6);
INSERT INTO accounts_audit_log (id, action, view_name, path, method, model_name, object_id, timestamp, details, changes, ip_address, browser, status_code, related_object, user_id) VALUES (20983, 'read', '', '', '', 'HTTP Request', NULL, 2025-07-27 07:53:43.039767, 'GET /reports/api/tankhahs-for-allocation/76/', NULL, '127.0.0.1', 'Mozilla/5.0 (Windows NT 10.0; Win64; x64) AppleWebKit/537.36 (KHTML, like Gecko) Chrome/138.0.0.0 Safari/537.36 Edg/138.0.0.0', 200, NULL, 6);
INSERT INTO accounts_audit_log (id, action, view_name, path, method, model_name, object_id, timestamp, details, changes, ip_address, browser, status_code, related_object, user_id) VALUES (20984, 'read', '', '', '', 'HTTP Request', NULL, 2025-07-27 07:53:49.021589, 'GET /tankhah/tankhah/5/', NULL, '127.0.0.1', 'Mozilla/5.0 (Windows NT 10.0; Win64; x64) AppleWebKit/537.36 (KHTML, like Gecko) Chrome/138.0.0.0 Safari/537.36 Edg/138.0.0.0', 500, NULL, 6);
INSERT INTO accounts_audit_log (id, action, view_name, path, method, model_name, object_id, timestamp, details, changes, ip_address, browser, status_code, related_object, user_id) VALUES (20985, 'read', '', '', '', 'HTTP Request', NULL, 2025-07-27 07:53:49.171266, 'GET /favicon.ico', NULL, '127.0.0.1', 'Mozilla/5.0 (Windows NT 10.0; Win64; x64) AppleWebKit/537.36 (KHTML, like Gecko) Chrome/138.0.0.0 Safari/537.36 Edg/138.0.0.0', 302, NULL, 6);
INSERT INTO accounts_audit_log (id, action, view_name, path, method, model_name, object_id, timestamp, details, changes, ip_address, browser, status_code, related_object, user_id) VALUES (20986, 'read', '', '', '', 'HTTP Request', NULL, 2025-07-27 07:53:57.417146, 'GET /dashboard/flows/', NULL, '127.0.0.1', 'Mozilla/5.0 (Windows NT 10.0; Win64; x64) AppleWebKit/537.36 (KHTML, like Gecko) Chrome/138.0.0.0 Safari/537.36 Edg/138.0.0.0', 200, NULL, 6);
INSERT INTO accounts_audit_log (id, action, view_name, path, method, model_name, object_id, timestamp, details, changes, ip_address, browser, status_code, related_object, user_id) VALUES (20987, 'read', '', '', '', 'HTTP Request', NULL, 2025-07-27 07:54:04.826389, 'GET /reports/financialDashboardView/', NULL, '127.0.0.1', 'Mozilla/5.0 (Windows NT 10.0; Win64; x64) AppleWebKit/537.36 (KHTML, like Gecko) Chrome/138.0.0.0 Safari/537.36 Edg/138.0.0.0', 500, NULL, 6);
INSERT INTO accounts_audit_log (id, action, view_name, path, method, model_name, object_id, timestamp, details, changes, ip_address, browser, status_code, related_object, user_id) VALUES (20988, 'read', '', '', '', 'HTTP Request', NULL, 2025-07-27 07:54:04.980869, 'GET /favicon.ico', NULL, '127.0.0.1', 'Mozilla/5.0 (Windows NT 10.0; Win64; x64) AppleWebKit/537.36 (KHTML, like Gecko) Chrome/138.0.0.0 Safari/537.36 Edg/138.0.0.0', 302, NULL, 6);
INSERT INTO accounts_audit_log (id, action, view_name, path, method, model_name, object_id, timestamp, details, changes, ip_address, browser, status_code, related_object, user_id) VALUES (20989, 'read', '', '', '', 'HTTP Request', NULL, 2025-07-27 07:54:10.213290, 'GET /budgets/budgetrealtimeReportView/', NULL, '127.0.0.1', 'Mozilla/5.0 (Windows NT 10.0; Win64; x64) AppleWebKit/537.36 (KHTML, like Gecko) Chrome/138.0.0.0 Safari/537.36 Edg/138.0.0.0', 200, NULL, 6);
INSERT INTO accounts_audit_log (id, action, view_name, path, method, model_name, object_id, timestamp, details, changes, ip_address, browser, status_code, related_object, user_id) VALUES (20990, 'read', '', '', '', 'HTTP Request', NULL, 2025-07-27 07:54:16.473190, 'GET /tankhah/tankhah/', NULL, '127.0.0.1', 'Mozilla/5.0 (Windows NT 10.0; Win64; x64) AppleWebKit/537.36 (KHTML, like Gecko) Chrome/138.0.0.0 Safari/537.36 Edg/138.0.0.0', 500, NULL, 6);
INSERT INTO accounts_audit_log (id, action, view_name, path, method, model_name, object_id, timestamp, details, changes, ip_address, browser, status_code, related_object, user_id) VALUES (20991, 'read', '', '', '', 'HTTP Request', NULL, 2025-07-27 07:54:16.588538, 'GET /favicon.ico', NULL, '127.0.0.1', 'Mozilla/5.0 (Windows NT 10.0; Win64; x64) AppleWebKit/537.36 (KHTML, like Gecko) Chrome/138.0.0.0 Safari/537.36 Edg/138.0.0.0', 302, NULL, 6);
INSERT INTO accounts_audit_log (id, action, view_name, path, method, model_name, object_id, timestamp, details, changes, ip_address, browser, status_code, related_object, user_id) VALUES (20992, 'create', '', '', '', 'HTTP Request', NULL, 2025-07-27 08:08:18.457727, 'POST /tankhah/factor-item/30/approve/', NULL, '127.0.0.1', 'Mozilla/5.0 (Windows NT 10.0; Win64; x64) AppleWebKit/537.36 (KHTML, like Gecko) Chrome/138.0.0.0 Safari/537.36 Edg/138.0.0.0', 302, NULL, 6);
INSERT INTO accounts_audit_log (id, action, view_name, path, method, model_name, object_id, timestamp, details, changes, ip_address, browser, status_code, related_object, user_id) VALUES (20993, 'read', '', '', '', 'HTTP Request', NULL, 2025-07-27 08:08:19.650261, 'GET /dashboard/flows/', NULL, '127.0.0.1', 'Mozilla/5.0 (Windows NT 10.0; Win64; x64) AppleWebKit/537.36 (KHTML, like Gecko) Chrome/138.0.0.0 Safari/537.36 Edg/138.0.0.0', 200, NULL, 6);
INSERT INTO accounts_audit_log (id, action, view_name, path, method, model_name, object_id, timestamp, details, changes, ip_address, browser, status_code, related_object, user_id) VALUES (20994, 'read', '', '', '', 'HTTP Request', NULL, 2025-07-27 08:08:31.188030, 'GET /dashboard/flows/', NULL, '127.0.0.1', 'Mozilla/5.0 (Windows NT 10.0; Win64; x64) AppleWebKit/537.36 (KHTML, like Gecko) Chrome/138.0.0.0 Safari/537.36 Edg/138.0.0.0', 200, NULL, 6);
INSERT INTO accounts_audit_log (id, action, view_name, path, method, model_name, object_id, timestamp, details, changes, ip_address, browser, status_code, related_object, user_id) VALUES (20995, 'read', '', '', '', 'HTTP Request', NULL, 2025-07-27 08:08:41.338321, 'GET /tankhah/tankhah/', NULL, '127.0.0.1', 'Mozilla/5.0 (Windows NT 10.0; Win64; x64) AppleWebKit/537.36 (KHTML, like Gecko) Chrome/138.0.0.0 Safari/537.36 Edg/138.0.0.0', 500, NULL, 6);
INSERT INTO accounts_audit_log (id, action, view_name, path, method, model_name, object_id, timestamp, details, changes, ip_address, browser, status_code, related_object, user_id) VALUES (20996, 'read', '', '', '', 'HTTP Request', NULL, 2025-07-27 08:08:41.483834, 'GET /favicon.ico', NULL, '127.0.0.1', 'Mozilla/5.0 (Windows NT 10.0; Win64; x64) AppleWebKit/537.36 (KHTML, like Gecko) Chrome/138.0.0.0 Safari/537.36 Edg/138.0.0.0', 302, NULL, 6);
INSERT INTO accounts_audit_log (id, action, view_name, path, method, model_name, object_id, timestamp, details, changes, ip_address, browser, status_code, related_object, user_id) VALUES (20997, 'create', '', '', '', 'HTTP Request', NULL, 2025-07-27 08:09:41.440911, 'POST /tankhah/factor-item/30/approve/', NULL, '127.0.0.1', 'Mozilla/5.0 (Windows NT 10.0; Win64; x64) AppleWebKit/537.36 (KHTML, like Gecko) Chrome/138.0.0.0 Safari/537.36 Edg/138.0.0.0', 200, NULL, 6);
INSERT INTO accounts_audit_log (id, action, view_name, path, method, model_name, object_id, timestamp, details, changes, ip_address, browser, status_code, related_object, user_id) VALUES (20998, 'create', '', '', '', 'HTTP Request', NULL, 2025-07-27 08:09:48.036025, 'POST /tankhah/factor-item/30/approve/', NULL, '127.0.0.1', 'Mozilla/5.0 (Windows NT 10.0; Win64; x64) AppleWebKit/537.36 (KHTML, like Gecko) Chrome/138.0.0.0 Safari/537.36 Edg/138.0.0.0', 200, NULL, 6);
INSERT INTO accounts_audit_log (id, action, view_name, path, method, model_name, object_id, timestamp, details, changes, ip_address, browser, status_code, related_object, user_id) VALUES (20999, 'read', '', '', '', 'HTTP Request', NULL, 2025-07-27 08:09:58.273435, 'GET /', NULL, '127.0.0.1', 'Mozilla/5.0 (Windows NT 10.0; Win64; x64) AppleWebKit/537.36 (KHTML, like Gecko) Chrome/138.0.0.0 Safari/537.36 Edg/138.0.0.0', 200, NULL, 6);
INSERT INTO accounts_audit_log (id, action, view_name, path, method, model_name, object_id, timestamp, details, changes, ip_address, browser, status_code, related_object, user_id) VALUES (21000, 'read', '', '', '', 'HTTP Request', NULL, 2025-07-27 08:09:59.805022, 'GET /dashboard/flows/', NULL, '127.0.0.1', 'Mozilla/5.0 (Windows NT 10.0; Win64; x64) AppleWebKit/537.36 (KHTML, like Gecko) Chrome/138.0.0.0 Safari/537.36 Edg/138.0.0.0', 200, NULL, 6);
INSERT INTO accounts_audit_log (id, action, view_name, path, method, model_name, object_id, timestamp, details, changes, ip_address, browser, status_code, related_object, user_id) VALUES (21001, 'read', '', '', '', 'HTTP Request', NULL, 2025-07-27 08:10:00.853586, 'GET /tankhah/factor/list/', NULL, '127.0.0.1', 'Mozilla/5.0 (Windows NT 10.0; Win64; x64) AppleWebKit/537.36 (KHTML, like Gecko) Chrome/138.0.0.0 Safari/537.36 Edg/138.0.0.0', 200, NULL, 6);
INSERT INTO accounts_audit_log (id, action, view_name, path, method, model_name, object_id, timestamp, details, changes, ip_address, browser, status_code, related_object, user_id) VALUES (21002, 'read', '', '', '', 'HTTP Request', NULL, 2025-07-27 08:10:06.401712, 'GET /tankhah/factor/30/', NULL, '127.0.0.1', 'Mozilla/5.0 (Windows NT 10.0; Win64; x64) AppleWebKit/537.36 (KHTML, like Gecko) Chrome/138.0.0.0 Safari/537.36 Edg/138.0.0.0', 200, NULL, 6);
INSERT INTO accounts_audit_log (id, action, view_name, path, method, model_name, object_id, timestamp, details, changes, ip_address, browser, status_code, related_object, user_id) VALUES (21003, 'read', '', '', '', 'HTTP Request', NULL, 2025-07-27 08:10:13.278243, 'GET /tankhah/factor-item/30/approve/', NULL, '127.0.0.1', 'Mozilla/5.0 (Windows NT 10.0; Win64; x64) AppleWebKit/537.36 (KHTML, like Gecko) Chrome/138.0.0.0 Safari/537.36 Edg/138.0.0.0', 200, NULL, 6);
INSERT INTO accounts_audit_log (id, action, view_name, path, method, model_name, object_id, timestamp, details, changes, ip_address, browser, status_code, related_object, user_id) VALUES (21004, 'read', '', '', '', 'HTTP Request', NULL, 2025-07-27 08:10:34.223945, 'GET /', NULL, '127.0.0.1', 'Mozilla/5.0 (Windows NT 10.0; Win64; x64) AppleWebKit/537.36 (KHTML, like Gecko) Chrome/138.0.0.0 Safari/537.36 Edg/138.0.0.0', 200, NULL, 6);
INSERT INTO accounts_audit_log (id, action, view_name, path, method, model_name, object_id, timestamp, details, changes, ip_address, browser, status_code, related_object, user_id) VALUES (21005, 'read', '', '', '', 'HTTP Request', NULL, 2025-07-27 08:10:37.468096, 'GET /tankhah/factor/list/', NULL, '127.0.0.1', 'Mozilla/5.0 (Windows NT 10.0; Win64; x64) AppleWebKit/537.36 (KHTML, like Gecko) Chrome/138.0.0.0 Safari/537.36 Edg/138.0.0.0', 200, NULL, 6);
INSERT INTO accounts_audit_log (id, action, view_name, path, method, model_name, object_id, timestamp, details, changes, ip_address, browser, status_code, related_object, user_id) VALUES (21006, 'read', '', '', '', 'HTTP Request', NULL, 2025-07-27 08:10:43.148838, 'GET /tankhah/factor-item/30/approve/', NULL, '127.0.0.1', 'Mozilla/5.0 (Windows NT 10.0; Win64; x64) AppleWebKit/537.36 (KHTML, like Gecko) Chrome/138.0.0.0 Safari/537.36 Edg/138.0.0.0', 200, NULL, 6);
INSERT INTO accounts_audit_log (id, action, view_name, path, method, model_name, object_id, timestamp, details, changes, ip_address, browser, status_code, related_object, user_id) VALUES (21007, 'read', '', '', '', 'HTTP Request', NULL, 2025-07-27 08:12:26.596856, 'GET /tankhah/factor-item/30/approve/', NULL, '127.0.0.1', 'Mozilla/5.0 (Windows NT 10.0; Win64; x64) AppleWebKit/537.36 (KHTML, like Gecko) Chrome/138.0.0.0 Safari/537.36 Edg/138.0.0.0', 200, NULL, 6);
INSERT INTO accounts_audit_log (id, action, view_name, path, method, model_name, object_id, timestamp, details, changes, ip_address, browser, status_code, related_object, user_id) VALUES (21008, 'read', '', '', '', 'HTTP Request', NULL, 2025-07-27 08:12:42.748426, 'GET /tankhah/factor-item/30/approve/', NULL, '127.0.0.1', 'Mozilla/5.0 (Windows NT 10.0; Win64; x64) AppleWebKit/537.36 (KHTML, like Gecko) Chrome/138.0.0.0 Safari/537.36 Edg/138.0.0.0', 200, NULL, 6);
INSERT INTO accounts_audit_log (id, action, view_name, path, method, model_name, object_id, timestamp, details, changes, ip_address, browser, status_code, related_object, user_id) VALUES (21009, 'read', '', '', '', 'HTTP Request', NULL, 2025-07-27 08:13:09.749444, 'GET /tankhah/factor-item/30/approve/', NULL, '127.0.0.1', 'Mozilla/5.0 (Windows NT 10.0; Win64; x64) AppleWebKit/537.36 (KHTML, like Gecko) Chrome/138.0.0.0 Safari/537.36 Edg/138.0.0.0', 200, NULL, 6);
INSERT INTO accounts_audit_log (id, action, view_name, path, method, model_name, object_id, timestamp, details, changes, ip_address, browser, status_code, related_object, user_id) VALUES (21010, 'create', '', '', '', 'HTTP Request', NULL, 2025-07-27 08:13:11.933624, 'POST /tankhah/factor-item/30/approve/', NULL, '127.0.0.1', 'Mozilla/5.0 (Windows NT 10.0; Win64; x64) AppleWebKit/537.36 (KHTML, like Gecko) Chrome/138.0.0.0 Safari/537.36 Edg/138.0.0.0', 302, NULL, 6);
INSERT INTO accounts_audit_log (id, action, view_name, path, method, model_name, object_id, timestamp, details, changes, ip_address, browser, status_code, related_object, user_id) VALUES (21011, 'read', '', '', '', 'HTTP Request', NULL, 2025-07-27 08:13:14.888832, 'GET /dashboard/flows/', NULL, '127.0.0.1', 'Mozilla/5.0 (Windows NT 10.0; Win64; x64) AppleWebKit/537.36 (KHTML, like Gecko) Chrome/138.0.0.0 Safari/537.36 Edg/138.0.0.0', 200, NULL, 6);
INSERT INTO accounts_audit_log (id, action, view_name, path, method, model_name, object_id, timestamp, details, changes, ip_address, browser, status_code, related_object, user_id) VALUES (21012, 'read', '', '', '', 'HTTP Request', NULL, 2025-07-27 08:13:48.221222, 'GET /tankhah/factor-item/30/approve/', NULL, '127.0.0.1', 'Mozilla/5.0 (Windows NT 10.0; Win64; x64) AppleWebKit/537.36 (KHTML, like Gecko) Chrome/138.0.0.0 Safari/537.36 Edg/138.0.0.0', 200, NULL, 6);
INSERT INTO accounts_audit_log (id, action, view_name, path, method, model_name, object_id, timestamp, details, changes, ip_address, browser, status_code, related_object, user_id) VALUES (21013, 'create', '', '', '', 'HTTP Request', NULL, 2025-07-27 08:13:50.014369, 'POST /tankhah/factor-item/30/approve/', NULL, '127.0.0.1', 'Mozilla/5.0 (Windows NT 10.0; Win64; x64) AppleWebKit/537.36 (KHTML, like Gecko) Chrome/138.0.0.0 Safari/537.36 Edg/138.0.0.0', 302, NULL, 6);
INSERT INTO accounts_audit_log (id, action, view_name, path, method, model_name, object_id, timestamp, details, changes, ip_address, browser, status_code, related_object, user_id) VALUES (21014, 'read', '', '', '', 'HTTP Request', NULL, 2025-07-27 08:13:53.103216, 'GET /dashboard/flows/', NULL, '127.0.0.1', 'Mozilla/5.0 (Windows NT 10.0; Win64; x64) AppleWebKit/537.36 (KHTML, like Gecko) Chrome/138.0.0.0 Safari/537.36 Edg/138.0.0.0', 200, NULL, 6);
INSERT INTO accounts_audit_log (id, action, view_name, path, method, model_name, object_id, timestamp, details, changes, ip_address, browser, status_code, related_object, user_id) VALUES (21015, 'read', '', '', '', 'HTTP Request', NULL, 2025-07-27 08:13:58.784902, 'GET /dashboard/flows/', NULL, '127.0.0.1', 'Mozilla/5.0 (Windows NT 10.0; Win64; x64) AppleWebKit/537.36 (KHTML, like Gecko) Chrome/138.0.0.0 Safari/537.36 Edg/138.0.0.0', 200, NULL, 6);
INSERT INTO accounts_audit_log (id, action, view_name, path, method, model_name, object_id, timestamp, details, changes, ip_address, browser, status_code, related_object, user_id) VALUES (21016, 'read', '', '', '', 'HTTP Request', NULL, 2025-07-27 08:14:50.489850, 'GET /tankhah/factor-item/30/approve/', NULL, '127.0.0.1', 'Mozilla/5.0 (Windows NT 10.0; Win64; x64) AppleWebKit/537.36 (KHTML, like Gecko) Chrome/138.0.0.0 Safari/537.36 Edg/138.0.0.0', 200, NULL, 6);
INSERT INTO accounts_audit_log (id, action, view_name, path, method, model_name, object_id, timestamp, details, changes, ip_address, browser, status_code, related_object, user_id) VALUES (21017, 'create', '', '', '', 'HTTP Request', NULL, 2025-07-27 08:14:52.458451, 'POST /tankhah/factor-item/30/approve/', NULL, '127.0.0.1', 'Mozilla/5.0 (Windows NT 10.0; Win64; x64) AppleWebKit/537.36 (KHTML, like Gecko) Chrome/138.0.0.0 Safari/537.36 Edg/138.0.0.0', 302, NULL, 6);
INSERT INTO accounts_audit_log (id, action, view_name, path, method, model_name, object_id, timestamp, details, changes, ip_address, browser, status_code, related_object, user_id) VALUES (21018, 'read', '', '', '', 'HTTP Request', NULL, 2025-07-27 08:14:54.423021, 'GET /dashboard/flows/', NULL, '127.0.0.1', 'Mozilla/5.0 (Windows NT 10.0; Win64; x64) AppleWebKit/537.36 (KHTML, like Gecko) Chrome/138.0.0.0 Safari/537.36 Edg/138.0.0.0', 200, NULL, 6);
INSERT INTO accounts_audit_log (id, action, view_name, path, method, model_name, object_id, timestamp, details, changes, ip_address, browser, status_code, related_object, user_id) VALUES (21019, 'read', '', '', '', 'HTTP Request', NULL, 2025-08-05 17:55:39.867730, 'GET /workflow/statuses/', NULL, '127.0.0.1', 'Mozilla/5.0 (Windows NT 10.0; Win64; x64) AppleWebKit/537.36 (KHTML, like Gecko) Chrome/138.0.0.0 Safari/537.36 Edg/138.0.0.0', 200, NULL, 2);
INSERT INTO accounts_audit_log (id, action, view_name, path, method, model_name, object_id, timestamp, details, changes, ip_address, browser, status_code, related_object, user_id) VALUES (21020, 'read', '', '', '', 'HTTP Request', NULL, 2025-08-05 17:55:50.259835, 'GET /workflow/statuses/', NULL, '127.0.0.1', 'Mozilla/5.0 (Windows NT 10.0; Win64; x64) AppleWebKit/537.36 (KHTML, like Gecko) Chrome/138.0.0.0 Safari/537.36 Edg/138.0.0.0', 200, NULL, 2);
INSERT INTO accounts_audit_log (id, action, view_name, path, method, model_name, object_id, timestamp, details, changes, ip_address, browser, status_code, related_object, user_id) VALUES (21021, 'read', '', '', '', 'HTTP Request', NULL, 2025-08-05 17:56:07.939860, 'GET /workflow/statuses/create/', NULL, '127.0.0.1', 'Mozilla/5.0 (Windows NT 10.0; Win64; x64) AppleWebKit/537.36 (KHTML, like Gecko) Chrome/138.0.0.0 Safari/537.36 Edg/138.0.0.0', 200, NULL, 2);
INSERT INTO accounts_audit_log (id, action, view_name, path, method, model_name, object_id, timestamp, details, changes, ip_address, browser, status_code, related_object, user_id) VALUES (21022, 'read', '', '', '', 'HTTP Request', NULL, 2025-08-05 17:56:48.882630, 'GET /workflow/statuses/create/', NULL, '127.0.0.1', 'Mozilla/5.0 (Windows NT 10.0; Win64; x64) AppleWebKit/537.36 (KHTML, like Gecko) Chrome/138.0.0.0 Safari/537.36 Edg/138.0.0.0', 500, NULL, 2);
INSERT INTO accounts_audit_log (id, action, view_name, path, method, model_name, object_id, timestamp, details, changes, ip_address, browser, status_code, related_object, user_id) VALUES (21023, 'read', '', '', '', 'HTTP Request', NULL, 2025-08-05 17:56:49.072031, 'GET /favicon.ico', NULL, '127.0.0.1', 'Mozilla/5.0 (Windows NT 10.0; Win64; x64) AppleWebKit/537.36 (KHTML, like Gecko) Chrome/138.0.0.0 Safari/537.36 Edg/138.0.0.0', 302, NULL, 2);
INSERT INTO accounts_audit_log (id, action, view_name, path, method, model_name, object_id, timestamp, details, changes, ip_address, browser, status_code, related_object, user_id) VALUES (21024, 'read', '', '', '', 'HTTP Request', NULL, 2025-08-05 17:56:55.728573, 'GET /workflow/statuses/create/', NULL, '127.0.0.1', 'Mozilla/5.0 (Windows NT 10.0; Win64; x64) AppleWebKit/537.36 (KHTML, like Gecko) Chrome/138.0.0.0 Safari/537.36 Edg/138.0.0.0', 500, NULL, 2);
INSERT INTO accounts_audit_log (id, action, view_name, path, method, model_name, object_id, timestamp, details, changes, ip_address, browser, status_code, related_object, user_id) VALUES (21025, 'read', '', '', '', 'HTTP Request', NULL, 2025-08-05 17:56:55.919557, 'GET /favicon.ico', NULL, '127.0.0.1', 'Mozilla/5.0 (Windows NT 10.0; Win64; x64) AppleWebKit/537.36 (KHTML, like Gecko) Chrome/138.0.0.0 Safari/537.36 Edg/138.0.0.0', 302, NULL, 2);
INSERT INTO accounts_audit_log (id, action, view_name, path, method, model_name, object_id, timestamp, details, changes, ip_address, browser, status_code, related_object, user_id) VALUES (21026, 'read', '', '', '', 'HTTP Request', NULL, 2025-08-05 17:57:16.691630, 'GET /workflow/statuses/create/', NULL, '127.0.0.1', 'Mozilla/5.0 (Windows NT 10.0; Win64; x64) AppleWebKit/537.36 (KHTML, like Gecko) Chrome/138.0.0.0 Safari/537.36 Edg/138.0.0.0', 200, NULL, 2);
INSERT INTO accounts_audit_log (id, action, view_name, path, method, model_name, object_id, timestamp, details, changes, ip_address, browser, status_code, related_object, user_id) VALUES (21027, 'read', '', '', '', 'HTTP Request', NULL, 2025-08-05 17:58:06.412449, 'GET /workflow/statuses/create/', NULL, '127.0.0.1', 'Mozilla/5.0 (Windows NT 10.0; Win64; x64) AppleWebKit/537.36 (KHTML, like Gecko) Chrome/138.0.0.0 Safari/537.36 Edg/138.0.0.0', 500, NULL, 2);
INSERT INTO accounts_audit_log (id, action, view_name, path, method, model_name, object_id, timestamp, details, changes, ip_address, browser, status_code, related_object, user_id) VALUES (21028, 'read', '', '', '', 'HTTP Request', NULL, 2025-08-05 17:58:06.601364, 'GET /favicon.ico', NULL, '127.0.0.1', 'Mozilla/5.0 (Windows NT 10.0; Win64; x64) AppleWebKit/537.36 (KHTML, like Gecko) Chrome/138.0.0.0 Safari/537.36 Edg/138.0.0.0', 302, NULL, 2);
INSERT INTO accounts_audit_log (id, action, view_name, path, method, model_name, object_id, timestamp, details, changes, ip_address, browser, status_code, related_object, user_id) VALUES (21029, 'read', '', '', '', 'HTTP Request', NULL, 2025-08-05 17:58:22.061666, 'GET /workflow/statuses/create/', NULL, '127.0.0.1', 'Mozilla/5.0 (Windows NT 10.0; Win64; x64) AppleWebKit/537.36 (KHTML, like Gecko) Chrome/138.0.0.0 Safari/537.36 Edg/138.0.0.0', 500, NULL, 2);
INSERT INTO accounts_audit_log (id, action, view_name, path, method, model_name, object_id, timestamp, details, changes, ip_address, browser, status_code, related_object, user_id) VALUES (21030, 'read', '', '', '', 'HTTP Request', NULL, 2025-08-05 17:58:22.214772, 'GET /favicon.ico', NULL, '127.0.0.1', 'Mozilla/5.0 (Windows NT 10.0; Win64; x64) AppleWebKit/537.36 (KHTML, like Gecko) Chrome/138.0.0.0 Safari/537.36 Edg/138.0.0.0', 302, NULL, 2);
INSERT INTO accounts_audit_log (id, action, view_name, path, method, model_name, object_id, timestamp, details, changes, ip_address, browser, status_code, related_object, user_id) VALUES (21031, 'read', '', '', '', 'HTTP Request', NULL, 2025-08-05 17:58:32.895222, 'GET /workflow/statuses/create/', NULL, '127.0.0.1', 'Mozilla/5.0 (Windows NT 10.0; Win64; x64) AppleWebKit/537.36 (KHTML, like Gecko) Chrome/138.0.0.0 Safari/537.36 Edg/138.0.0.0', 200, NULL, 2);
INSERT INTO accounts_audit_log (id, action, view_name, path, method, model_name, object_id, timestamp, details, changes, ip_address, browser, status_code, related_object, user_id) VALUES (21032, 'create', '', '', '', 'HTTP Request', NULL, 2025-08-05 17:59:01.444675, 'POST /workflow/statuses/create/', NULL, '127.0.0.1', 'Mozilla/5.0 (Windows NT 10.0; Win64; x64) AppleWebKit/537.36 (KHTML, like Gecko) Chrome/138.0.0.0 Safari/537.36 Edg/138.0.0.0', 302, NULL, 2);
INSERT INTO accounts_audit_log (id, action, view_name, path, method, model_name, object_id, timestamp, details, changes, ip_address, browser, status_code, related_object, user_id) VALUES (21033, 'read', '', '', '', 'HTTP Request', NULL, 2025-08-05 17:59:01.522501, 'GET /workflow/statuses/', NULL, '127.0.0.1', 'Mozilla/5.0 (Windows NT 10.0; Win64; x64) AppleWebKit/537.36 (KHTML, like Gecko) Chrome/138.0.0.0 Safari/537.36 Edg/138.0.0.0', 200, NULL, 2);
INSERT INTO accounts_audit_log (id, action, view_name, path, method, model_name, object_id, timestamp, details, changes, ip_address, browser, status_code, related_object, user_id) VALUES (21034, 'read', '', '', '', 'HTTP Request', NULL, 2025-08-05 17:59:04.711783, 'GET /workflow/statuses/1/update/', NULL, '127.0.0.1', 'Mozilla/5.0 (Windows NT 10.0; Win64; x64) AppleWebKit/537.36 (KHTML, like Gecko) Chrome/138.0.0.0 Safari/537.36 Edg/138.0.0.0', 200, NULL, 2);
INSERT INTO accounts_audit_log (id, action, view_name, path, method, model_name, object_id, timestamp, details, changes, ip_address, browser, status_code, related_object, user_id) VALUES (21035, 'read', '', '', '', 'HTTP Request', NULL, 2025-08-05 17:59:10.085345, 'GET /workflow/statuses/', NULL, '127.0.0.1', 'Mozilla/5.0 (Windows NT 10.0; Win64; x64) AppleWebKit/537.36 (KHTML, like Gecko) Chrome/138.0.0.0 Safari/537.36 Edg/138.0.0.0', 200, NULL, 2);
INSERT INTO accounts_audit_log (id, action, view_name, path, method, model_name, object_id, timestamp, details, changes, ip_address, browser, status_code, related_object, user_id) VALUES (21036, 'read', '', '', '', 'HTTP Request', NULL, 2025-08-05 17:59:19.515585, 'GET /', NULL, '127.0.0.1', 'Mozilla/5.0 (Windows NT 10.0; Win64; x64) AppleWebKit/537.36 (KHTML, like Gecko) Chrome/138.0.0.0 Safari/537.36 Edg/138.0.0.0', 200, NULL, 2);
INSERT INTO accounts_audit_log (id, action, view_name, path, method, model_name, object_id, timestamp, details, changes, ip_address, browser, status_code, related_object, user_id) VALUES (21037, 'read', '', '', '', 'HTTP Request', NULL, 2025-08-05 18:00:11.413775, 'GET /workflow/statuses/', NULL, '127.0.0.1', 'Mozilla/5.0 (Windows NT 10.0; Win64; x64) AppleWebKit/537.36 (KHTML, like Gecko) Chrome/138.0.0.0 Safari/537.36 Edg/138.0.0.0', 200, NULL, 2);
INSERT INTO accounts_audit_log (id, action, view_name, path, method, model_name, object_id, timestamp, details, changes, ip_address, browser, status_code, related_object, user_id) VALUES (21038, 'read', '', '', '', 'HTTP Request', NULL, 2025-08-05 18:00:31.002606, 'GET /workflow/statuses/', NULL, '127.0.0.1', 'Mozilla/5.0 (Windows NT 10.0; Win64; x64) AppleWebKit/537.36 (KHTML, like Gecko) Chrome/138.0.0.0 Safari/537.36 Edg/138.0.0.0', 200, NULL, 2);
INSERT INTO accounts_audit_log (id, action, view_name, path, method, model_name, object_id, timestamp, details, changes, ip_address, browser, status_code, related_object, user_id) VALUES (21039, 'read', '', '', '', 'HTTP Request', NULL, 2025-08-05 18:00:32.360903, 'GET /workflow/statuses/create/', NULL, '127.0.0.1', 'Mozilla/5.0 (Windows NT 10.0; Win64; x64) AppleWebKit/537.36 (KHTML, like Gecko) Chrome/138.0.0.0 Safari/537.36 Edg/138.0.0.0', 200, NULL, 2);
INSERT INTO accounts_audit_log (id, action, view_name, path, method, model_name, object_id, timestamp, details, changes, ip_address, browser, status_code, related_object, user_id) VALUES (21040, 'read', '', '', '', 'HTTP Request', NULL, 2025-08-05 18:00:56.843794, 'GET /workflow/statuses/create/', NULL, '127.0.0.1', 'Mozilla/5.0 (Windows NT 10.0; Win64; x64) AppleWebKit/537.36 (KHTML, like Gecko) Chrome/138.0.0.0 Safari/537.36 Edg/138.0.0.0', 200, NULL, 2);
INSERT INTO accounts_audit_log (id, action, view_name, path, method, model_name, object_id, timestamp, details, changes, ip_address, browser, status_code, related_object, user_id) VALUES (21041, 'read', '', '', '', 'HTTP Request', NULL, 2025-08-05 18:00:59.434332, 'GET /workflow/statuses/', NULL, '127.0.0.1', 'Mozilla/5.0 (Windows NT 10.0; Win64; x64) AppleWebKit/537.36 (KHTML, like Gecko) Chrome/138.0.0.0 Safari/537.36 Edg/138.0.0.0', 200, NULL, 2);
INSERT INTO accounts_audit_log (id, action, view_name, path, method, model_name, object_id, timestamp, details, changes, ip_address, browser, status_code, related_object, user_id) VALUES (21042, 'read', '', '', '', 'HTTP Request', NULL, 2025-08-05 18:01:01.361072, 'GET /workflow/', NULL, '127.0.0.1', 'Mozilla/5.0 (Windows NT 10.0; Win64; x64) AppleWebKit/537.36 (KHTML, like Gecko) Chrome/138.0.0.0 Safari/537.36 Edg/138.0.0.0', 200, NULL, 2);
INSERT INTO accounts_audit_log (id, action, view_name, path, method, model_name, object_id, timestamp, details, changes, ip_address, browser, status_code, related_object, user_id) VALUES (21043, 'read', '', '', '', 'HTTP Request', NULL, 2025-08-05 18:01:07.728036, 'GET /workflow/statuses/', NULL, '127.0.0.1', 'Mozilla/5.0 (Windows NT 10.0; Win64; x64) AppleWebKit/537.36 (KHTML, like Gecko) Chrome/138.0.0.0 Safari/537.36 Edg/138.0.0.0', 200, NULL, 2);
INSERT INTO accounts_audit_log (id, action, view_name, path, method, model_name, object_id, timestamp, details, changes, ip_address, browser, status_code, related_object, user_id) VALUES (21044, 'read', '', '', '', 'HTTP Request', NULL, 2025-08-05 18:01:08.868336, 'GET /workflow/statuses/create/', NULL, '127.0.0.1', 'Mozilla/5.0 (Windows NT 10.0; Win64; x64) AppleWebKit/537.36 (KHTML, like Gecko) Chrome/138.0.0.0 Safari/537.36 Edg/138.0.0.0', 200, NULL, 2);
INSERT INTO accounts_audit_log (id, action, view_name, path, method, model_name, object_id, timestamp, details, changes, ip_address, browser, status_code, related_object, user_id) VALUES (21045, 'create', '', '', '', 'HTTP Request', NULL, 2025-08-05 18:01:47.626836, 'POST /workflow/statuses/create/', NULL, '127.0.0.1', 'Mozilla/5.0 (Windows NT 10.0; Win64; x64) AppleWebKit/537.36 (KHTML, like Gecko) Chrome/138.0.0.0 Safari/537.36 Edg/138.0.0.0', 302, NULL, 2);
INSERT INTO accounts_audit_log (id, action, view_name, path, method, model_name, object_id, timestamp, details, changes, ip_address, browser, status_code, related_object, user_id) VALUES (21046, 'read', '', '', '', 'HTTP Request', NULL, 2025-08-05 18:01:47.747107, 'GET /workflow/statuses/', NULL, '127.0.0.1', 'Mozilla/5.0 (Windows NT 10.0; Win64; x64) AppleWebKit/537.36 (KHTML, like Gecko) Chrome/138.0.0.0 Safari/537.36 Edg/138.0.0.0', 200, NULL, 2);
INSERT INTO accounts_audit_log (id, action, view_name, path, method, model_name, object_id, timestamp, details, changes, ip_address, browser, status_code, related_object, user_id) VALUES (21047, 'read', '', '', '', 'HTTP Request', NULL, 2025-08-05 18:01:49.280872, 'GET /workflow/statuses/create/', NULL, '127.0.0.1', 'Mozilla/5.0 (Windows NT 10.0; Win64; x64) AppleWebKit/537.36 (KHTML, like Gecko) Chrome/138.0.0.0 Safari/537.36 Edg/138.0.0.0', 200, NULL, 2);
INSERT INTO accounts_audit_log (id, action, view_name, path, method, model_name, object_id, timestamp, details, changes, ip_address, browser, status_code, related_object, user_id) VALUES (21048, 'create', '', '', '', 'HTTP Request', NULL, 2025-08-05 18:02:07.223678, 'POST /workflow/statuses/create/', NULL, '127.0.0.1', 'Mozilla/5.0 (Windows NT 10.0; Win64; x64) AppleWebKit/537.36 (KHTML, like Gecko) Chrome/138.0.0.0 Safari/537.36 Edg/138.0.0.0', 302, NULL, 2);
INSERT INTO accounts_audit_log (id, action, view_name, path, method, model_name, object_id, timestamp, details, changes, ip_address, browser, status_code, related_object, user_id) VALUES (21049, 'read', '', '', '', 'HTTP Request', NULL, 2025-08-05 18:02:07.308140, 'GET /workflow/statuses/', NULL, '127.0.0.1', 'Mozilla/5.0 (Windows NT 10.0; Win64; x64) AppleWebKit/537.36 (KHTML, like Gecko) Chrome/138.0.0.0 Safari/537.36 Edg/138.0.0.0', 200, NULL, 2);
INSERT INTO accounts_audit_log (id, action, view_name, path, method, model_name, object_id, timestamp, details, changes, ip_address, browser, status_code, related_object, user_id) VALUES (21050, 'read', '', '', '', 'HTTP Request', NULL, 2025-08-05 18:02:14.084449, 'GET /workflow/statuses/create/', NULL, '127.0.0.1', 'Mozilla/5.0 (Windows NT 10.0; Win64; x64) AppleWebKit/537.36 (KHTML, like Gecko) Chrome/138.0.0.0 Safari/537.36 Edg/138.0.0.0', 200, NULL, 2);
INSERT INTO accounts_audit_log (id, action, view_name, path, method, model_name, object_id, timestamp, details, changes, ip_address, browser, status_code, related_object, user_id) VALUES (21051, 'create', '', '', '', 'HTTP Request', NULL, 2025-08-05 18:02:29.447867, 'POST /workflow/statuses/create/', NULL, '127.0.0.1', 'Mozilla/5.0 (Windows NT 10.0; Win64; x64) AppleWebKit/537.36 (KHTML, like Gecko) Chrome/138.0.0.0 Safari/537.36 Edg/138.0.0.0', 302, NULL, 2);
INSERT INTO accounts_audit_log (id, action, view_name, path, method, model_name, object_id, timestamp, details, changes, ip_address, browser, status_code, related_object, user_id) VALUES (21052, 'read', '', '', '', 'HTTP Request', NULL, 2025-08-05 18:02:29.516249, 'GET /workflow/statuses/', NULL, '127.0.0.1', 'Mozilla/5.0 (Windows NT 10.0; Win64; x64) AppleWebKit/537.36 (KHTML, like Gecko) Chrome/138.0.0.0 Safari/537.36 Edg/138.0.0.0', 200, NULL, 2);
INSERT INTO accounts_audit_log (id, action, view_name, path, method, model_name, object_id, timestamp, details, changes, ip_address, browser, status_code, related_object, user_id) VALUES (21053, 'read', '', '', '', 'HTTP Request', NULL, 2025-08-05 18:02:30.731656, 'GET /workflow/statuses/create/', NULL, '127.0.0.1', 'Mozilla/5.0 (Windows NT 10.0; Win64; x64) AppleWebKit/537.36 (KHTML, like Gecko) Chrome/138.0.0.0 Safari/537.36 Edg/138.0.0.0', 200, NULL, 2);
INSERT INTO accounts_audit_log (id, action, view_name, path, method, model_name, object_id, timestamp, details, changes, ip_address, browser, status_code, related_object, user_id) VALUES (21054, 'create', '', '', '', 'HTTP Request', NULL, 2025-08-05 18:02:46.945164, 'POST /workflow/statuses/create/', NULL, '127.0.0.1', 'Mozilla/5.0 (Windows NT 10.0; Win64; x64) AppleWebKit/537.36 (KHTML, like Gecko) Chrome/138.0.0.0 Safari/537.36 Edg/138.0.0.0', 302, NULL, 2);
INSERT INTO accounts_audit_log (id, action, view_name, path, method, model_name, object_id, timestamp, details, changes, ip_address, browser, status_code, related_object, user_id) VALUES (21055, 'read', '', '', '', 'HTTP Request', NULL, 2025-08-05 18:02:47.115676, 'GET /workflow/statuses/', NULL, '127.0.0.1', 'Mozilla/5.0 (Windows NT 10.0; Win64; x64) AppleWebKit/537.36 (KHTML, like Gecko) Chrome/138.0.0.0 Safari/537.36 Edg/138.0.0.0', 200, NULL, 2);
INSERT INTO accounts_audit_log (id, action, view_name, path, method, model_name, object_id, timestamp, details, changes, ip_address, browser, status_code, related_object, user_id) VALUES (21056, 'read', '', '', '', 'HTTP Request', NULL, 2025-08-05 18:02:48.438267, 'GET /workflow/statuses/create/', NULL, '127.0.0.1', 'Mozilla/5.0 (Windows NT 10.0; Win64; x64) AppleWebKit/537.36 (KHTML, like Gecko) Chrome/138.0.0.0 Safari/537.36 Edg/138.0.0.0', 200, NULL, 2);
INSERT INTO accounts_audit_log (id, action, view_name, path, method, model_name, object_id, timestamp, details, changes, ip_address, browser, status_code, related_object, user_id) VALUES (21057, 'create', '', '', '', 'HTTP Request', NULL, 2025-08-05 18:03:08.212713, 'POST /workflow/statuses/create/', NULL, '127.0.0.1', 'Mozilla/5.0 (Windows NT 10.0; Win64; x64) AppleWebKit/537.36 (KHTML, like Gecko) Chrome/138.0.0.0 Safari/537.36 Edg/138.0.0.0', 302, NULL, 2);
INSERT INTO accounts_audit_log (id, action, view_name, path, method, model_name, object_id, timestamp, details, changes, ip_address, browser, status_code, related_object, user_id) VALUES (21058, 'read', '', '', '', 'HTTP Request', NULL, 2025-08-05 18:03:08.294559, 'GET /workflow/statuses/', NULL, '127.0.0.1', 'Mozilla/5.0 (Windows NT 10.0; Win64; x64) AppleWebKit/537.36 (KHTML, like Gecko) Chrome/138.0.0.0 Safari/537.36 Edg/138.0.0.0', 200, NULL, 2);
INSERT INTO accounts_audit_log (id, action, view_name, path, method, model_name, object_id, timestamp, details, changes, ip_address, browser, status_code, related_object, user_id) VALUES (21059, 'read', '', '', '', 'HTTP Request', NULL, 2025-08-05 18:03:09.622559, 'GET /workflow/statuses/create/', NULL, '127.0.0.1', 'Mozilla/5.0 (Windows NT 10.0; Win64; x64) AppleWebKit/537.36 (KHTML, like Gecko) Chrome/138.0.0.0 Safari/537.36 Edg/138.0.0.0', 200, NULL, 2);
INSERT INTO accounts_audit_log (id, action, view_name, path, method, model_name, object_id, timestamp, details, changes, ip_address, browser, status_code, related_object, user_id) VALUES (21060, 'create', '', '', '', 'HTTP Request', NULL, 2025-08-05 18:03:24.455191, 'POST /workflow/statuses/create/', NULL, '127.0.0.1', 'Mozilla/5.0 (Windows NT 10.0; Win64; x64) AppleWebKit/537.36 (KHTML, like Gecko) Chrome/138.0.0.0 Safari/537.36 Edg/138.0.0.0', 302, NULL, 2);
INSERT INTO accounts_audit_log (id, action, view_name, path, method, model_name, object_id, timestamp, details, changes, ip_address, browser, status_code, related_object, user_id) VALUES (21061, 'read', '', '', '', 'HTTP Request', NULL, 2025-08-05 18:03:24.612542, 'GET /workflow/statuses/', NULL, '127.0.0.1', 'Mozilla/5.0 (Windows NT 10.0; Win64; x64) AppleWebKit/537.36 (KHTML, like Gecko) Chrome/138.0.0.0 Safari/537.36 Edg/138.0.0.0', 200, NULL, 2);
INSERT INTO accounts_audit_log (id, action, view_name, path, method, model_name, object_id, timestamp, details, changes, ip_address, browser, status_code, related_object, user_id) VALUES (21062, 'read', '', '', '', 'HTTP Request', NULL, 2025-08-05 18:03:29.072108, 'GET /workflow/statuses/4/update/', NULL, '127.0.0.1', 'Mozilla/5.0 (Windows NT 10.0; Win64; x64) AppleWebKit/537.36 (KHTML, like Gecko) Chrome/138.0.0.0 Safari/537.36 Edg/138.0.0.0', 200, NULL, 2);
INSERT INTO accounts_audit_log (id, action, view_name, path, method, model_name, object_id, timestamp, details, changes, ip_address, browser, status_code, related_object, user_id) VALUES (21063, 'create', '', '', '', 'HTTP Request', NULL, 2025-08-05 18:03:32.885240, 'POST /workflow/statuses/4/update/', NULL, '127.0.0.1', 'Mozilla/5.0 (Windows NT 10.0; Win64; x64) AppleWebKit/537.36 (KHTML, like Gecko) Chrome/138.0.0.0 Safari/537.36 Edg/138.0.0.0', 200, NULL, 2);
INSERT INTO accounts_audit_log (id, action, view_name, path, method, model_name, object_id, timestamp, details, changes, ip_address, browser, status_code, related_object, user_id) VALUES (21064, 'create', '', '', '', 'HTTP Request', NULL, 2025-08-05 18:03:37.852543, 'POST /workflow/statuses/4/update/', NULL, '127.0.0.1', 'Mozilla/5.0 (Windows NT 10.0; Win64; x64) AppleWebKit/537.36 (KHTML, like Gecko) Chrome/138.0.0.0 Safari/537.36 Edg/138.0.0.0', 200, NULL, 2);
INSERT INTO accounts_audit_log (id, action, view_name, path, method, model_name, object_id, timestamp, details, changes, ip_address, browser, status_code, related_object, user_id) VALUES (21065, 'read', '', '', '', 'HTTP Request', NULL, 2025-08-05 18:03:39.948414, 'GET /workflow/statuses/', NULL, '127.0.0.1', 'Mozilla/5.0 (Windows NT 10.0; Win64; x64) AppleWebKit/537.36 (KHTML, like Gecko) Chrome/138.0.0.0 Safari/537.36 Edg/138.0.0.0', 200, NULL, 2);
INSERT INTO accounts_audit_log (id, action, view_name, path, method, model_name, object_id, timestamp, details, changes, ip_address, browser, status_code, related_object, user_id) VALUES (21066, 'read', '', '', '', 'HTTP Request', NULL, 2025-08-05 18:03:44.880467, 'GET /workflow/statuses/4/delete/', NULL, '127.0.0.1', 'Mozilla/5.0 (Windows NT 10.0; Win64; x64) AppleWebKit/537.36 (KHTML, like Gecko) Chrome/138.0.0.0 Safari/537.36 Edg/138.0.0.0', 200, NULL, 2);
INSERT INTO accounts_audit_log (id, action, view_name, path, method, model_name, object_id, timestamp, details, changes, ip_address, browser, status_code, related_object, user_id) VALUES (21067, 'create', '', '', '', 'HTTP Request', NULL, 2025-08-05 18:03:46.508765, 'POST /workflow/statuses/4/delete/', NULL, '127.0.0.1', 'Mozilla/5.0 (Windows NT 10.0; Win64; x64) AppleWebKit/537.36 (KHTML, like Gecko) Chrome/138.0.0.0 Safari/537.36 Edg/138.0.0.0', 302, NULL, 2);
INSERT INTO accounts_audit_log (id, action, view_name, path, method, model_name, object_id, timestamp, details, changes, ip_address, browser, status_code, related_object, user_id) VALUES (21068, 'read', '', '', '', 'HTTP Request', NULL, 2025-08-05 18:03:46.628587, 'GET /workflow/statuses/', NULL, '127.0.0.1', 'Mozilla/5.0 (Windows NT 10.0; Win64; x64) AppleWebKit/537.36 (KHTML, like Gecko) Chrome/138.0.0.0 Safari/537.36 Edg/138.0.0.0', 200, NULL, 2);
INSERT INTO accounts_audit_log (id, action, view_name, path, method, model_name, object_id, timestamp, details, changes, ip_address, browser, status_code, related_object, user_id) VALUES (21069, 'read', '', '', '', 'HTTP Request', NULL, 2025-08-05 18:03:47.891714, 'GET /workflow/statuses/create/', NULL, '127.0.0.1', 'Mozilla/5.0 (Windows NT 10.0; Win64; x64) AppleWebKit/537.36 (KHTML, like Gecko) Chrome/138.0.0.0 Safari/537.36 Edg/138.0.0.0', 200, NULL, 2);
INSERT INTO accounts_audit_log (id, action, view_name, path, method, model_name, object_id, timestamp, details, changes, ip_address, browser, status_code, related_object, user_id) VALUES (21070, 'create', '', '', '', 'HTTP Request', NULL, 2025-08-05 18:04:06.056049, 'POST /workflow/statuses/create/', NULL, '127.0.0.1', 'Mozilla/5.0 (Windows NT 10.0; Win64; x64) AppleWebKit/537.36 (KHTML, like Gecko) Chrome/138.0.0.0 Safari/537.36 Edg/138.0.0.0', 200, NULL, 2);
INSERT INTO accounts_audit_log (id, action, view_name, path, method, model_name, object_id, timestamp, details, changes, ip_address, browser, status_code, related_object, user_id) VALUES (21071, 'read', '', '', '', 'HTTP Request', NULL, 2025-08-05 18:04:09.620258, 'GET /workflow/statuses/', NULL, '127.0.0.1', 'Mozilla/5.0 (Windows NT 10.0; Win64; x64) AppleWebKit/537.36 (KHTML, like Gecko) Chrome/138.0.0.0 Safari/537.36 Edg/138.0.0.0', 200, NULL, 2);
INSERT INTO accounts_audit_log (id, action, view_name, path, method, model_name, object_id, timestamp, details, changes, ip_address, browser, status_code, related_object, user_id) VALUES (21072, 'read', '', '', '', 'HTTP Request', NULL, 2025-08-05 18:04:16.990283, 'GET /workflow/statuses/create/', NULL, '127.0.0.1', 'Mozilla/5.0 (Windows NT 10.0; Win64; x64) AppleWebKit/537.36 (KHTML, like Gecko) Chrome/138.0.0.0 Safari/537.36 Edg/138.0.0.0', 200, NULL, 2);
INSERT INTO accounts_audit_log (id, action, view_name, path, method, model_name, object_id, timestamp, details, changes, ip_address, browser, status_code, related_object, user_id) VALUES (21073, 'create', '', '', '', 'HTTP Request', NULL, 2025-08-05 18:04:30.664736, 'POST /workflow/statuses/create/', NULL, '127.0.0.1', 'Mozilla/5.0 (Windows NT 10.0; Win64; x64) AppleWebKit/537.36 (KHTML, like Gecko) Chrome/138.0.0.0 Safari/537.36 Edg/138.0.0.0', 200, NULL, 2);
INSERT INTO accounts_audit_log (id, action, view_name, path, method, model_name, object_id, timestamp, details, changes, ip_address, browser, status_code, related_object, user_id) VALUES (21074, 'create', '', '', '', 'HTTP Request', NULL, 2025-08-05 18:04:37.420977, 'POST /workflow/statuses/create/', NULL, '127.0.0.1', 'Mozilla/5.0 (Windows NT 10.0; Win64; x64) AppleWebKit/537.36 (KHTML, like Gecko) Chrome/138.0.0.0 Safari/537.36 Edg/138.0.0.0', 200, NULL, 2);
INSERT INTO accounts_audit_log (id, action, view_name, path, method, model_name, object_id, timestamp, details, changes, ip_address, browser, status_code, related_object, user_id) VALUES (21075, 'read', '', '', '', 'HTTP Request', NULL, 2025-08-05 18:04:38.067421, 'GET /workflow/statuses/', NULL, '127.0.0.1', 'Mozilla/5.0 (Windows NT 10.0; Win64; x64) AppleWebKit/537.36 (KHTML, like Gecko) Chrome/138.0.0.0 Safari/537.36 Edg/138.0.0.0', 200, NULL, 2);
INSERT INTO accounts_audit_log (id, action, view_name, path, method, model_name, object_id, timestamp, details, changes, ip_address, browser, status_code, related_object, user_id) VALUES (21076, 'read', '', '', '', 'HTTP Request', NULL, 2025-08-05 18:05:06.180888, 'GET /workflow/statuses/', NULL, '127.0.0.1', 'Mozilla/5.0 (Windows NT 10.0; Win64; x64) AppleWebKit/537.36 (KHTML, like Gecko) Chrome/138.0.0.0 Safari/537.36 Edg/138.0.0.0', 200, NULL, 2);
INSERT INTO accounts_audit_log (id, action, view_name, path, method, model_name, object_id, timestamp, details, changes, ip_address, browser, status_code, related_object, user_id) VALUES (21077, 'read', '', '', '', 'HTTP Request', NULL, 2025-08-05 18:05:06.639582, 'GET /workflow/statuses/', NULL, '127.0.0.1', 'Mozilla/5.0 (Windows NT 10.0; Win64; x64) AppleWebKit/537.36 (KHTML, like Gecko) Chrome/138.0.0.0 Safari/537.36 Edg/138.0.0.0', 200, NULL, 2);
INSERT INTO accounts_audit_log (id, action, view_name, path, method, model_name, object_id, timestamp, details, changes, ip_address, browser, status_code, related_object, user_id) VALUES (21078, 'read', '', '', '', 'HTTP Request', NULL, 2025-08-05 18:05:06.960375, 'GET /workflow/statuses/', NULL, '127.0.0.1', 'Mozilla/5.0 (Windows NT 10.0; Win64; x64) AppleWebKit/537.36 (KHTML, like Gecko) Chrome/138.0.0.0 Safari/537.36 Edg/138.0.0.0', 200, NULL, 2);
INSERT INTO accounts_audit_log (id, action, view_name, path, method, model_name, object_id, timestamp, details, changes, ip_address, browser, status_code, related_object, user_id) VALUES (21079, 'read', '', '', '', 'HTTP Request', NULL, 2025-08-05 18:05:07.251442, 'GET /workflow/statuses/', NULL, '127.0.0.1', 'Mozilla/5.0 (Windows NT 10.0; Win64; x64) AppleWebKit/537.36 (KHTML, like Gecko) Chrome/138.0.0.0 Safari/537.36 Edg/138.0.0.0', 200, NULL, 2);
INSERT INTO accounts_audit_log (id, action, view_name, path, method, model_name, object_id, timestamp, details, changes, ip_address, browser, status_code, related_object, user_id) VALUES (21080, 'read', '', '', '', 'HTTP Request', NULL, 2025-08-05 18:05:07.588074, 'GET /workflow/statuses/', NULL, '127.0.0.1', 'Mozilla/5.0 (Windows NT 10.0; Win64; x64) AppleWebKit/537.36 (KHTML, like Gecko) Chrome/138.0.0.0 Safari/537.36 Edg/138.0.0.0', 200, NULL, 2);
INSERT INTO accounts_audit_log (id, action, view_name, path, method, model_name, object_id, timestamp, details, changes, ip_address, browser, status_code, related_object, user_id) VALUES (21081, 'read', '', '', '', 'HTTP Request', NULL, 2025-08-05 18:05:30.270455, 'GET /workflow/statuses/create/', NULL, '127.0.0.1', 'Mozilla/5.0 (Windows NT 10.0; Win64; x64) AppleWebKit/537.36 (KHTML, like Gecko) Chrome/138.0.0.0 Safari/537.36 Edg/138.0.0.0', 200, NULL, 2);
INSERT INTO accounts_audit_log (id, action, view_name, path, method, model_name, object_id, timestamp, details, changes, ip_address, browser, status_code, related_object, user_id) VALUES (21082, 'create', '', '', '', 'HTTP Request', NULL, 2025-08-05 18:05:44.329511, 'POST /workflow/statuses/create/', NULL, '127.0.0.1', 'Mozilla/5.0 (Windows NT 10.0; Win64; x64) AppleWebKit/537.36 (KHTML, like Gecko) Chrome/138.0.0.0 Safari/537.36 Edg/138.0.0.0', 302, NULL, 2);
INSERT INTO accounts_audit_log (id, action, view_name, path, method, model_name, object_id, timestamp, details, changes, ip_address, browser, status_code, related_object, user_id) VALUES (21083, 'read', '', '', '', 'HTTP Request', NULL, 2025-08-05 18:05:44.407446, 'GET /workflow/statuses/', NULL, '127.0.0.1', 'Mozilla/5.0 (Windows NT 10.0; Win64; x64) AppleWebKit/537.36 (KHTML, like Gecko) Chrome/138.0.0.0 Safari/537.36 Edg/138.0.0.0', 200, NULL, 2);
INSERT INTO accounts_audit_log (id, action, view_name, path, method, model_name, object_id, timestamp, details, changes, ip_address, browser, status_code, related_object, user_id) VALUES (21084, 'read', '', '', '', 'HTTP Request', NULL, 2025-08-05 18:05:56.169654, 'GET /workflow/', NULL, '127.0.0.1', 'Mozilla/5.0 (Windows NT 10.0; Win64; x64) AppleWebKit/537.36 (KHTML, like Gecko) Chrome/138.0.0.0 Safari/537.36 Edg/138.0.0.0', 200, NULL, 2);
INSERT INTO accounts_audit_log (id, action, view_name, path, method, model_name, object_id, timestamp, details, changes, ip_address, browser, status_code, related_object, user_id) VALUES (21085, 'read', '', '', '', 'HTTP Request', NULL, 2025-08-05 18:05:58.195984, 'GET /workflow/actions/', NULL, '127.0.0.1', 'Mozilla/5.0 (Windows NT 10.0; Win64; x64) AppleWebKit/537.36 (KHTML, like Gecko) Chrome/138.0.0.0 Safari/537.36 Edg/138.0.0.0', 200, NULL, 2);
INSERT INTO accounts_audit_log (id, action, view_name, path, method, model_name, object_id, timestamp, details, changes, ip_address, browser, status_code, related_object, user_id) VALUES (21086, 'read', '', '', '', 'HTTP Request', NULL, 2025-08-05 18:06:02.854305, 'GET /workflow/actions/1/delete/', NULL, '127.0.0.1', 'Mozilla/5.0 (Windows NT 10.0; Win64; x64) AppleWebKit/537.36 (KHTML, like Gecko) Chrome/138.0.0.0 Safari/537.36 Edg/138.0.0.0', 200, NULL, 2);
INSERT INTO accounts_audit_log (id, action, view_name, path, method, model_name, object_id, timestamp, details, changes, ip_address, browser, status_code, related_object, user_id) VALUES (21087, 'create', '', '', '', 'HTTP Request', NULL, 2025-08-05 18:06:04.052437, 'POST /workflow/actions/1/delete/', NULL, '127.0.0.1', 'Mozilla/5.0 (Windows NT 10.0; Win64; x64) AppleWebKit/537.36 (KHTML, like Gecko) Chrome/138.0.0.0 Safari/537.36 Edg/138.0.0.0', 302, NULL, 2);
INSERT INTO accounts_audit_log (id, action, view_name, path, method, model_name, object_id, timestamp, details, changes, ip_address, browser, status_code, related_object, user_id) VALUES (21088, 'read', '', '', '', 'HTTP Request', NULL, 2025-08-05 18:06:04.152991, 'GET /workflow/actions/', NULL, '127.0.0.1', 'Mozilla/5.0 (Windows NT 10.0; Win64; x64) AppleWebKit/537.36 (KHTML, like Gecko) Chrome/138.0.0.0 Safari/537.36 Edg/138.0.0.0', 200, NULL, 2);
INSERT INTO accounts_audit_log (id, action, view_name, path, method, model_name, object_id, timestamp, details, changes, ip_address, browser, status_code, related_object, user_id) VALUES (21089, 'read', '', '', '', 'HTTP Request', NULL, 2025-08-05 18:06:11.684689, 'GET /workflow/actions/create/', NULL, '127.0.0.1', 'Mozilla/5.0 (Windows NT 10.0; Win64; x64) AppleWebKit/537.36 (KHTML, like Gecko) Chrome/138.0.0.0 Safari/537.36 Edg/138.0.0.0', 200, NULL, 2);
INSERT INTO accounts_audit_log (id, action, view_name, path, method, model_name, object_id, timestamp, details, changes, ip_address, browser, status_code, related_object, user_id) VALUES (21090, 'read', '', '', '', 'HTTP Request', NULL, 2025-08-05 18:09:10.664791, 'GET /accounts/admin_dashboard/', NULL, '127.0.0.1', 'Mozilla/5.0 (Windows NT 10.0; Win64; x64) AppleWebKit/537.36 (KHTML, like Gecko) Chrome/138.0.0.0 Safari/537.36 Edg/138.0.0.0', 200, NULL, 2);
INSERT INTO accounts_audit_log (id, action, view_name, path, method, model_name, object_id, timestamp, details, changes, ip_address, browser, status_code, related_object, user_id) VALUES (21091, 'read', '', '', '', 'HTTP Request', NULL, 2025-08-05 18:09:12.574310, 'GET /workflow/', NULL, '127.0.0.1', 'Mozilla/5.0 (Windows NT 10.0; Win64; x64) AppleWebKit/537.36 (KHTML, like Gecko) Chrome/138.0.0.0 Safari/537.36 Edg/138.0.0.0', 200, NULL, 2);
INSERT INTO accounts_audit_log (id, action, view_name, path, method, model_name, object_id, timestamp, details, changes, ip_address, browser, status_code, related_object, user_id) VALUES (21092, 'read', '', '', '', 'HTTP Request', NULL, 2025-08-05 18:09:14.032846, 'GET /workflow/statuses/', NULL, '127.0.0.1', 'Mozilla/5.0 (Windows NT 10.0; Win64; x64) AppleWebKit/537.36 (KHTML, like Gecko) Chrome/138.0.0.0 Safari/537.36 Edg/138.0.0.0', 200, NULL, 2);
INSERT INTO accounts_audit_log (id, action, view_name, path, method, model_name, object_id, timestamp, details, changes, ip_address, browser, status_code, related_object, user_id) VALUES (21093, 'read', '', '', '', 'HTTP Request', NULL, 2025-08-05 18:09:16.440449, 'GET /workflow/statuses/create/', NULL, '127.0.0.1', 'Mozilla/5.0 (Windows NT 10.0; Win64; x64) AppleWebKit/537.36 (KHTML, like Gecko) Chrome/138.0.0.0 Safari/537.36 Edg/138.0.0.0', 200, NULL, 2);
INSERT INTO accounts_audit_log (id, action, view_name, path, method, model_name, object_id, timestamp, details, changes, ip_address, browser, status_code, related_object, user_id) VALUES (21094, 'create', '', '', '', 'HTTP Request', NULL, 2025-08-05 18:10:05.712254, 'POST /workflow/statuses/create/', NULL, '127.0.0.1', 'Mozilla/5.0 (Windows NT 10.0; Win64; x64) AppleWebKit/537.36 (KHTML, like Gecko) Chrome/138.0.0.0 Safari/537.36 Edg/138.0.0.0', 302, NULL, 2);
INSERT INTO accounts_audit_log (id, action, view_name, path, method, model_name, object_id, timestamp, details, changes, ip_address, browser, status_code, related_object, user_id) VALUES (21095, 'read', '', '', '', 'HTTP Request', NULL, 2025-08-05 18:10:05.873755, 'GET /workflow/statuses/', NULL, '127.0.0.1', 'Mozilla/5.0 (Windows NT 10.0; Win64; x64) AppleWebKit/537.36 (KHTML, like Gecko) Chrome/138.0.0.0 Safari/537.36 Edg/138.0.0.0', 200, NULL, 2);
INSERT INTO accounts_audit_log (id, action, view_name, path, method, model_name, object_id, timestamp, details, changes, ip_address, browser, status_code, related_object, user_id) VALUES (21096, 'read', '', '', '', 'HTTP Request', NULL, 2025-08-05 18:11:49.964999, 'GET /workflow/statuses/', NULL, '127.0.0.1', 'Mozilla/5.0 (Windows NT 10.0; Win64; x64) AppleWebKit/537.36 (KHTML, like Gecko) Chrome/138.0.0.0 Safari/537.36 Edg/138.0.0.0', 200, NULL, 2);
INSERT INTO accounts_audit_log (id, action, view_name, path, method, model_name, object_id, timestamp, details, changes, ip_address, browser, status_code, related_object, user_id) VALUES (21097, 'read', '', '', '', 'HTTP Request', NULL, 2025-08-05 18:12:14.500466, 'GET /workflow/statuses/', NULL, '127.0.0.1', 'Mozilla/5.0 (Windows NT 10.0; Win64; x64) AppleWebKit/537.36 (KHTML, like Gecko) Chrome/138.0.0.0 Safari/537.36 Edg/138.0.0.0', 200, NULL, 2);
INSERT INTO accounts_audit_log (id, action, view_name, path, method, model_name, object_id, timestamp, details, changes, ip_address, browser, status_code, related_object, user_id) VALUES (21098, 'read', '', '', '', 'HTTP Request', NULL, 2025-08-05 18:12:22.194361, 'GET /workflow/statuses/', NULL, '127.0.0.1', 'Mozilla/5.0 (Windows NT 10.0; Win64; x64) AppleWebKit/537.36 (KHTML, like Gecko) Chrome/138.0.0.0 Safari/537.36 Edg/138.0.0.0', 200, NULL, 2);
INSERT INTO accounts_audit_log (id, action, view_name, path, method, model_name, object_id, timestamp, details, changes, ip_address, browser, status_code, related_object, user_id) VALUES (21099, 'read', '', '', '', 'HTTP Request', NULL, 2025-08-05 18:14:06.261029, 'GET /workflow/statuses/', NULL, '127.0.0.1', 'Mozilla/5.0 (Windows NT 10.0; Win64; x64) AppleWebKit/537.36 (KHTML, like Gecko) Chrome/138.0.0.0 Safari/537.36 Edg/138.0.0.0', 500, NULL, 2);
INSERT INTO accounts_audit_log (id, action, view_name, path, method, model_name, object_id, timestamp, details, changes, ip_address, browser, status_code, related_object, user_id) VALUES (21100, 'read', '', '', '', 'HTTP Request', NULL, 2025-08-05 18:14:06.549095, 'GET /favicon.ico', NULL, '127.0.0.1', 'Mozilla/5.0 (Windows NT 10.0; Win64; x64) AppleWebKit/537.36 (KHTML, like Gecko) Chrome/138.0.0.0 Safari/537.36 Edg/138.0.0.0', 302, NULL, 2);
INSERT INTO accounts_audit_log (id, action, view_name, path, method, model_name, object_id, timestamp, details, changes, ip_address, browser, status_code, related_object, user_id) VALUES (21101, 'read', '', '', '', 'HTTP Request', NULL, 2025-08-05 18:14:45.851894, 'GET /', NULL, '127.0.0.1', 'Mozilla/5.0 (Windows NT 10.0; Win64; x64) AppleWebKit/537.36 (KHTML, like Gecko) Chrome/138.0.0.0 Safari/537.36 Edg/138.0.0.0', 200, NULL, 2);
INSERT INTO accounts_audit_log (id, action, view_name, path, method, model_name, object_id, timestamp, details, changes, ip_address, browser, status_code, related_object, user_id) VALUES (21102, 'read', '', '', '', 'HTTP Request', NULL, 2025-08-05 18:14:48.545416, 'GET /accounts/admin_dashboard/', NULL, '127.0.0.1', 'Mozilla/5.0 (Windows NT 10.0; Win64; x64) AppleWebKit/537.36 (KHTML, like Gecko) Chrome/138.0.0.0 Safari/537.36 Edg/138.0.0.0', 200, NULL, 2);
INSERT INTO accounts_audit_log (id, action, view_name, path, method, model_name, object_id, timestamp, details, changes, ip_address, browser, status_code, related_object, user_id) VALUES (21103, 'read', '', '', '', 'HTTP Request', NULL, 2025-08-05 18:14:50.502914, 'GET /workflow/', NULL, '127.0.0.1', 'Mozilla/5.0 (Windows NT 10.0; Win64; x64) AppleWebKit/537.36 (KHTML, like Gecko) Chrome/138.0.0.0 Safari/537.36 Edg/138.0.0.0', 200, NULL, 2);
INSERT INTO accounts_audit_log (id, action, view_name, path, method, model_name, object_id, timestamp, details, changes, ip_address, browser, status_code, related_object, user_id) VALUES (21104, 'read', '', '', '', 'HTTP Request', NULL, 2025-08-05 18:14:52.038829, 'GET /workflow/statuses/', NULL, '127.0.0.1', 'Mozilla/5.0 (Windows NT 10.0; Win64; x64) AppleWebKit/537.36 (KHTML, like Gecko) Chrome/138.0.0.0 Safari/537.36 Edg/138.0.0.0', 500, NULL, 2);
INSERT INTO accounts_audit_log (id, action, view_name, path, method, model_name, object_id, timestamp, details, changes, ip_address, browser, status_code, related_object, user_id) VALUES (21105, 'read', '', '', '', 'HTTP Request', NULL, 2025-08-05 18:14:52.230089, 'GET /favicon.ico', NULL, '127.0.0.1', 'Mozilla/5.0 (Windows NT 10.0; Win64; x64) AppleWebKit/537.36 (KHTML, like Gecko) Chrome/138.0.0.0 Safari/537.36 Edg/138.0.0.0', 302, NULL, 2);
INSERT INTO accounts_audit_log (id, action, view_name, path, method, model_name, object_id, timestamp, details, changes, ip_address, browser, status_code, related_object, user_id) VALUES (21106, 'read', '', '', '', 'HTTP Request', NULL, 2025-08-05 18:15:47.256634, 'GET /workflow/statuses/', NULL, '127.0.0.1', 'Mozilla/5.0 (Windows NT 10.0; Win64; x64) AppleWebKit/537.36 (KHTML, like Gecko) Chrome/138.0.0.0 Safari/537.36 Edg/138.0.0.0', 500, NULL, 2);
INSERT INTO accounts_audit_log (id, action, view_name, path, method, model_name, object_id, timestamp, details, changes, ip_address, browser, status_code, related_object, user_id) VALUES (21107, 'read', '', '', '', 'HTTP Request', NULL, 2025-08-05 18:15:47.428788, 'GET /favicon.ico', NULL, '127.0.0.1', 'Mozilla/5.0 (Windows NT 10.0; Win64; x64) AppleWebKit/537.36 (KHTML, like Gecko) Chrome/138.0.0.0 Safari/537.36 Edg/138.0.0.0', 302, NULL, 2);
INSERT INTO accounts_audit_log (id, action, view_name, path, method, model_name, object_id, timestamp, details, changes, ip_address, browser, status_code, related_object, user_id) VALUES (21108, 'read', '', '', '', 'HTTP Request', NULL, 2025-08-05 18:15:48.158054, 'GET /workflow/statuses/', NULL, '127.0.0.1', 'Mozilla/5.0 (Windows NT 10.0; Win64; x64) AppleWebKit/537.36 (KHTML, like Gecko) Chrome/138.0.0.0 Safari/537.36 Edg/138.0.0.0', 500, NULL, 2);
INSERT INTO accounts_audit_log (id, action, view_name, path, method, model_name, object_id, timestamp, details, changes, ip_address, browser, status_code, related_object, user_id) VALUES (21109, 'read', '', '', '', 'HTTP Request', NULL, 2025-08-05 18:15:48.287504, 'GET /favicon.ico', NULL, '127.0.0.1', 'Mozilla/5.0 (Windows NT 10.0; Win64; x64) AppleWebKit/537.36 (KHTML, like Gecko) Chrome/138.0.0.0 Safari/537.36 Edg/138.0.0.0', 302, NULL, 2);
INSERT INTO accounts_audit_log (id, action, view_name, path, method, model_name, object_id, timestamp, details, changes, ip_address, browser, status_code, related_object, user_id) VALUES (21110, 'read', '', '', '', 'HTTP Request', NULL, 2025-08-05 18:15:48.863336, 'GET /workflow/statuses/', NULL, '127.0.0.1', 'Mozilla/5.0 (Windows NT 10.0; Win64; x64) AppleWebKit/537.36 (KHTML, like Gecko) Chrome/138.0.0.0 Safari/537.36 Edg/138.0.0.0', 500, NULL, 2);
INSERT INTO accounts_audit_log (id, action, view_name, path, method, model_name, object_id, timestamp, details, changes, ip_address, browser, status_code, related_object, user_id) VALUES (21111, 'read', '', '', '', 'HTTP Request', NULL, 2025-08-05 18:15:48.991190, 'GET /favicon.ico', NULL, '127.0.0.1', 'Mozilla/5.0 (Windows NT 10.0; Win64; x64) AppleWebKit/537.36 (KHTML, like Gecko) Chrome/138.0.0.0 Safari/537.36 Edg/138.0.0.0', 302, NULL, 2);
INSERT INTO accounts_audit_log (id, action, view_name, path, method, model_name, object_id, timestamp, details, changes, ip_address, browser, status_code, related_object, user_id) VALUES (21112, 'read', '', '', '', 'HTTP Request', NULL, 2025-08-05 18:15:58.891603, 'GET /workflow/statuses/', NULL, '127.0.0.1', 'Mozilla/5.0 (Windows NT 10.0; Win64; x64) AppleWebKit/537.36 (KHTML, like Gecko) Chrome/138.0.0.0 Safari/537.36 Edg/138.0.0.0', 500, NULL, 2);
INSERT INTO accounts_audit_log (id, action, view_name, path, method, model_name, object_id, timestamp, details, changes, ip_address, browser, status_code, related_object, user_id) VALUES (21113, 'read', '', '', '', 'HTTP Request', NULL, 2025-08-05 18:15:59.084333, 'GET /favicon.ico', NULL, '127.0.0.1', 'Mozilla/5.0 (Windows NT 10.0; Win64; x64) AppleWebKit/537.36 (KHTML, like Gecko) Chrome/138.0.0.0 Safari/537.36 Edg/138.0.0.0', 302, NULL, 2);
INSERT INTO accounts_audit_log (id, action, view_name, path, method, model_name, object_id, timestamp, details, changes, ip_address, browser, status_code, related_object, user_id) VALUES (21114, 'read', '', '', '', 'HTTP Request', NULL, 2025-08-05 18:16:00.129380, 'GET /workflow/statuses/', NULL, '127.0.0.1', 'Mozilla/5.0 (Windows NT 10.0; Win64; x64) AppleWebKit/537.36 (KHTML, like Gecko) Chrome/138.0.0.0 Safari/537.36 Edg/138.0.0.0', 500, NULL, 2);
INSERT INTO accounts_audit_log (id, action, view_name, path, method, model_name, object_id, timestamp, details, changes, ip_address, browser, status_code, related_object, user_id) VALUES (21115, 'read', '', '', '', 'HTTP Request', NULL, 2025-08-05 18:16:00.299737, 'GET /favicon.ico', NULL, '127.0.0.1', 'Mozilla/5.0 (Windows NT 10.0; Win64; x64) AppleWebKit/537.36 (KHTML, like Gecko) Chrome/138.0.0.0 Safari/537.36 Edg/138.0.0.0', 302, NULL, 2);
INSERT INTO accounts_audit_log (id, action, view_name, path, method, model_name, object_id, timestamp, details, changes, ip_address, browser, status_code, related_object, user_id) VALUES (21116, 'read', '', '', '', 'HTTP Request', NULL, 2025-08-05 18:16:04.073324, 'GET /workflow/statuses/', NULL, '127.0.0.1', 'Mozilla/5.0 (Windows NT 10.0; Win64; x64) AppleWebKit/537.36 (KHTML, like Gecko) Chrome/138.0.0.0 Safari/537.36 Edg/138.0.0.0', 200, NULL, 2);
INSERT INTO accounts_audit_log (id, action, view_name, path, method, model_name, object_id, timestamp, details, changes, ip_address, browser, status_code, related_object, user_id) VALUES (21117, 'read', '', '', '', 'HTTP Request', NULL, 2025-08-05 18:16:35.865846, 'GET /workflow/statuses/', NULL, '127.0.0.1', 'Mozilla/5.0 (Windows NT 10.0; Win64; x64) AppleWebKit/537.36 (KHTML, like Gecko) Chrome/138.0.0.0 Safari/537.36 Edg/138.0.0.0', 200, NULL, 2);
INSERT INTO accounts_audit_log (id, action, view_name, path, method, model_name, object_id, timestamp, details, changes, ip_address, browser, status_code, related_object, user_id) VALUES (21118, 'read', '', '', '', 'HTTP Request', NULL, 2025-08-05 18:16:44.642158, 'GET /workflow/statuses/', NULL, '127.0.0.1', 'Mozilla/5.0 (Windows NT 10.0; Win64; x64) AppleWebKit/537.36 (KHTML, like Gecko) Chrome/138.0.0.0 Safari/537.36 Edg/138.0.0.0', 200, NULL, 2);
INSERT INTO accounts_audit_log (id, action, view_name, path, method, model_name, object_id, timestamp, details, changes, ip_address, browser, status_code, related_object, user_id) VALUES (21119, 'read', '', '', '', 'HTTP Request', NULL, 2025-08-06 17:39:43.028624, 'GET /workflow/permission/create/', NULL, '127.0.0.1', 'Mozilla/5.0 (Windows NT 10.0; Win64; x64) AppleWebKit/537.36 (KHTML, like Gecko) Chrome/138.0.0.0 Safari/537.36 Edg/138.0.0.0', 500, NULL, 2);
INSERT INTO accounts_audit_log (id, action, view_name, path, method, model_name, object_id, timestamp, details, changes, ip_address, browser, status_code, related_object, user_id) VALUES (21120, 'read', '', '', '', 'HTTP Request', NULL, 2025-08-06 17:39:43.265834, 'GET /favicon.ico', NULL, '127.0.0.1', 'Mozilla/5.0 (Windows NT 10.0; Win64; x64) AppleWebKit/537.36 (KHTML, like Gecko) Chrome/138.0.0.0 Safari/537.36 Edg/138.0.0.0', 302, NULL, 2);
INSERT INTO accounts_audit_log (id, action, view_name, path, method, model_name, object_id, timestamp, details, changes, ip_address, browser, status_code, related_object, user_id) VALUES (21121, 'read', '', '', '', 'HTTP Request', NULL, 2025-08-06 17:39:54.300502, 'GET /workflow/permission/create/', NULL, '127.0.0.1', 'Mozilla/5.0 (Windows NT 10.0; Win64; x64) AppleWebKit/537.36 (KHTML, like Gecko) Chrome/138.0.0.0 Safari/537.36 Edg/138.0.0.0', 200, NULL, 2);
INSERT INTO accounts_audit_log (id, action, view_name, path, method, model_name, object_id, timestamp, details, changes, ip_address, browser, status_code, related_object, user_id) VALUES (21122, 'read', '', '', '', 'HTTP Request', NULL, 2025-08-06 17:40:01.370567, 'GET /workflow/permission/create/', NULL, '127.0.0.1', 'Mozilla/5.0 (Windows NT 10.0; Win64; x64) AppleWebKit/537.36 (KHTML, like Gecko) Chrome/138.0.0.0 Safari/537.36 Edg/138.0.0.0', 200, NULL, 2);
INSERT INTO accounts_audit_log (id, action, view_name, path, method, model_name, object_id, timestamp, details, changes, ip_address, browser, status_code, related_object, user_id) VALUES (21123, 'read', '', '', '', 'HTTP Request', NULL, 2025-08-06 17:42:17.789056, 'GET /workflow/permission/create/', NULL, '127.0.0.1', 'Mozilla/5.0 (Windows NT 10.0; Win64; x64) AppleWebKit/537.36 (KHTML, like Gecko) Chrome/138.0.0.0 Safari/537.36 Edg/138.0.0.0', 500, NULL, 2);
INSERT INTO accounts_audit_log (id, action, view_name, path, method, model_name, object_id, timestamp, details, changes, ip_address, browser, status_code, related_object, user_id) VALUES (21124, 'read', '', '', '', 'HTTP Request', NULL, 2025-08-06 17:42:17.926720, 'GET /favicon.ico', NULL, '127.0.0.1', 'Mozilla/5.0 (Windows NT 10.0; Win64; x64) AppleWebKit/537.36 (KHTML, like Gecko) Chrome/138.0.0.0 Safari/537.36 Edg/138.0.0.0', 302, NULL, 2);
INSERT INTO accounts_audit_log (id, action, view_name, path, method, model_name, object_id, timestamp, details, changes, ip_address, browser, status_code, related_object, user_id) VALUES (21125, 'read', '', '', '', 'HTTP Request', NULL, 2025-08-06 17:42:37.801235, 'GET /workflow/permission/create/', NULL, '127.0.0.1', 'Mozilla/5.0 (Windows NT 10.0; Win64; x64) AppleWebKit/537.36 (KHTML, like Gecko) Chrome/138.0.0.0 Safari/537.36 Edg/138.0.0.0', 200, NULL, 2);
INSERT INTO accounts_audit_log (id, action, view_name, path, method, model_name, object_id, timestamp, details, changes, ip_address, browser, status_code, related_object, user_id) VALUES (21126, 'read', '', '', '', 'HTTP Request', NULL, 2025-08-06 17:42:49.328313, 'GET /workflow/permission/create/', NULL, '127.0.0.1', 'Mozilla/5.0 (Windows NT 10.0; Win64; x64) AppleWebKit/537.36 (KHTML, like Gecko) Chrome/138.0.0.0 Safari/537.36 Edg/138.0.0.0', 200, NULL, 2);
INSERT INTO accounts_audit_log (id, action, view_name, path, method, model_name, object_id, timestamp, details, changes, ip_address, browser, status_code, related_object, user_id) VALUES (21127, 'read', '', '', '', 'HTTP Request', NULL, 2025-08-06 17:42:51.802036, 'GET /workflow/permission/create/', NULL, '127.0.0.1', 'Mozilla/5.0 (Windows NT 10.0; Win64; x64) AppleWebKit/537.36 (KHTML, like Gecko) Chrome/138.0.0.0 Safari/537.36 Edg/138.0.0.0', 200, NULL, 2);
INSERT INTO accounts_audit_log (id, action, view_name, path, method, model_name, object_id, timestamp, details, changes, ip_address, browser, status_code, related_object, user_id) VALUES (21128, 'read', '', '', '', 'HTTP Request', NULL, 2025-08-06 17:42:52.270013, 'GET /workflow/permission/create/', NULL, '127.0.0.1', 'Mozilla/5.0 (Windows NT 10.0; Win64; x64) AppleWebKit/537.36 (KHTML, like Gecko) Chrome/138.0.0.0 Safari/537.36 Edg/138.0.0.0', 200, NULL, 2);
INSERT INTO accounts_audit_log (id, action, view_name, path, method, model_name, object_id, timestamp, details, changes, ip_address, browser, status_code, related_object, user_id) VALUES (21129, 'read', '', '', '', 'HTTP Request', NULL, 2025-08-06 17:42:52.644994, 'GET /workflow/permission/create/', NULL, '127.0.0.1', 'Mozilla/5.0 (Windows NT 10.0; Win64; x64) AppleWebKit/537.36 (KHTML, like Gecko) Chrome/138.0.0.0 Safari/537.36 Edg/138.0.0.0', 200, NULL, 2);
INSERT INTO accounts_audit_log (id, action, view_name, path, method, model_name, object_id, timestamp, details, changes, ip_address, browser, status_code, related_object, user_id) VALUES (21130, 'read', '', '', '', 'HTTP Request', NULL, 2025-08-06 17:43:24.637265, 'GET /workflow/permission/create/', NULL, '127.0.0.1', 'Mozilla/5.0 (Windows NT 10.0; Win64; x64) AppleWebKit/537.36 (KHTML, like Gecko) Chrome/138.0.0.0 Safari/537.36 Edg/138.0.0.0', 200, NULL, 2);
INSERT INTO accounts_audit_log (id, action, view_name, path, method, model_name, object_id, timestamp, details, changes, ip_address, browser, status_code, related_object, user_id) VALUES (21131, 'read', '', '', '', 'HTTP Request', NULL, 2025-08-06 17:43:24.931373, 'GET /workflow/permission/create/', NULL, '127.0.0.1', 'Mozilla/5.0 (Windows NT 10.0; Win64; x64) AppleWebKit/537.36 (KHTML, like Gecko) Chrome/138.0.0.0 Safari/537.36 Edg/138.0.0.0', 200, NULL, 2);
INSERT INTO accounts_audit_log (id, action, view_name, path, method, model_name, object_id, timestamp, details, changes, ip_address, browser, status_code, related_object, user_id) VALUES (21132, 'read', '', '', '', 'HTTP Request', NULL, 2025-08-06 17:43:25.340453, 'GET /workflow/permission/create/', NULL, '127.0.0.1', 'Mozilla/5.0 (Windows NT 10.0; Win64; x64) AppleWebKit/537.36 (KHTML, like Gecko) Chrome/138.0.0.0 Safari/537.36 Edg/138.0.0.0', 200, NULL, 2);
INSERT INTO accounts_audit_log (id, action, view_name, path, method, model_name, object_id, timestamp, details, changes, ip_address, browser, status_code, related_object, user_id) VALUES (21133, 'read', '', '', '', 'HTTP Request', NULL, 2025-08-06 17:43:25.702737, 'GET /workflow/permission/create/', NULL, '127.0.0.1', 'Mozilla/5.0 (Windows NT 10.0; Win64; x64) AppleWebKit/537.36 (KHTML, like Gecko) Chrome/138.0.0.0 Safari/537.36 Edg/138.0.0.0', 200, NULL, 2);
INSERT INTO accounts_audit_log (id, action, view_name, path, method, model_name, object_id, timestamp, details, changes, ip_address, browser, status_code, related_object, user_id) VALUES (21134, 'read', '', '', '', 'HTTP Request', NULL, 2025-08-06 17:44:24.270833, 'GET /workflow/permission/create/', NULL, '127.0.0.1', 'Mozilla/5.0 (Windows NT 10.0; Win64; x64) AppleWebKit/537.36 (KHTML, like Gecko) Chrome/138.0.0.0 Safari/537.36 Edg/138.0.0.0', 200, NULL, 2);
INSERT INTO accounts_audit_log (id, action, view_name, path, method, model_name, object_id, timestamp, details, changes, ip_address, browser, status_code, related_object, user_id) VALUES (21135, 'read', '', '', '', 'HTTP Request', NULL, 2025-08-06 17:44:34.145188, 'GET /workflow/permission/create/', NULL, '127.0.0.1', 'Mozilla/5.0 (Windows NT 10.0; Win64; x64) AppleWebKit/537.36 (KHTML, like Gecko) Chrome/138.0.0.0 Safari/537.36 Edg/138.0.0.0', 200, NULL, 2);
INSERT INTO accounts_audit_log (id, action, view_name, path, method, model_name, object_id, timestamp, details, changes, ip_address, browser, status_code, related_object, user_id) VALUES (21136, 'read', '', '', '', 'HTTP Request', NULL, 2025-08-06 17:44:38.643794, 'GET /workflow/permission/create/', NULL, '127.0.0.1', 'Mozilla/5.0 (Windows NT 10.0; Win64; x64) AppleWebKit/537.36 (KHTML, like Gecko) Chrome/138.0.0.0 Safari/537.36 Edg/138.0.0.0', 200, NULL, 2);
INSERT INTO accounts_audit_log (id, action, view_name, path, method, model_name, object_id, timestamp, details, changes, ip_address, browser, status_code, related_object, user_id) VALUES (21137, 'read', '', '', '', 'HTTP Request', NULL, 2025-08-06 17:44:39.572769, 'GET /workflow/permission/create/', NULL, '127.0.0.1', 'Mozilla/5.0 (Windows NT 10.0; Win64; x64) AppleWebKit/537.36 (KHTML, like Gecko) Chrome/138.0.0.0 Safari/537.36 Edg/138.0.0.0', 200, NULL, 2);
INSERT INTO accounts_audit_log (id, action, view_name, path, method, model_name, object_id, timestamp, details, changes, ip_address, browser, status_code, related_object, user_id) VALUES (21138, 'read', '', '', '', 'HTTP Request', NULL, 2025-08-06 17:44:47.861477, 'GET /workflow/permission/create/', NULL, '127.0.0.1', 'Mozilla/5.0 (Windows NT 10.0; Win64; x64) AppleWebKit/537.36 (KHTML, like Gecko) Chrome/138.0.0.0 Safari/537.36 Edg/138.0.0.0', 200, NULL, 2);
INSERT INTO accounts_audit_log (id, action, view_name, path, method, model_name, object_id, timestamp, details, changes, ip_address, browser, status_code, related_object, user_id) VALUES (21139, 'read', '', '', '', 'HTTP Request', NULL, 2025-08-06 17:44:56.302169, 'GET /workflow/permission/create/', NULL, '127.0.0.1', 'Mozilla/5.0 (Windows NT 10.0; Win64; x64) AppleWebKit/537.36 (KHTML, like Gecko) Chrome/138.0.0.0 Safari/537.36 Edg/138.0.0.0', 200, NULL, 2);
INSERT INTO accounts_audit_log (id, action, view_name, path, method, model_name, object_id, timestamp, details, changes, ip_address, browser, status_code, related_object, user_id) VALUES (21140, 'read', '', '', '', 'HTTP Request', NULL, 2025-08-06 17:44:57.328229, 'GET /workflow/permission/create/', NULL, '127.0.0.1', 'Mozilla/5.0 (Windows NT 10.0; Win64; x64) AppleWebKit/537.36 (KHTML, like Gecko) Chrome/138.0.0.0 Safari/537.36 Edg/138.0.0.0', 200, NULL, 2);
INSERT INTO accounts_audit_log (id, action, view_name, path, method, model_name, object_id, timestamp, details, changes, ip_address, browser, status_code, related_object, user_id) VALUES (21141, 'read', '', '', '', 'HTTP Request', NULL, 2025-08-06 17:44:57.489873, 'GET /workflow/permission/create/', NULL, '127.0.0.1', 'Mozilla/5.0 (Windows NT 10.0; Win64; x64) AppleWebKit/537.36 (KHTML, like Gecko) Chrome/138.0.0.0 Safari/537.36 Edg/138.0.0.0', 200, NULL, 2);
INSERT INTO accounts_audit_log (id, action, view_name, path, method, model_name, object_id, timestamp, details, changes, ip_address, browser, status_code, related_object, user_id) VALUES (21142, 'read', '', '', '', 'HTTP Request', NULL, 2025-08-06 17:44:57.643597, 'GET /workflow/permission/create/', NULL, '127.0.0.1', 'Mozilla/5.0 (Windows NT 10.0; Win64; x64) AppleWebKit/537.36 (KHTML, like Gecko) Chrome/138.0.0.0 Safari/537.36 Edg/138.0.0.0', 200, NULL, 2);
INSERT INTO accounts_audit_log (id, action, view_name, path, method, model_name, object_id, timestamp, details, changes, ip_address, browser, status_code, related_object, user_id) VALUES (21143, 'read', '', '', '', 'HTTP Request', NULL, 2025-08-06 17:45:15.516743, 'GET /workflow/permission/create/', NULL, '127.0.0.1', 'Mozilla/5.0 (Windows NT 10.0; Win64; x64) AppleWebKit/537.36 (KHTML, like Gecko) Chrome/138.0.0.0 Safari/537.36 Edg/138.0.0.0', 500, NULL, 2);
INSERT INTO accounts_audit_log (id, action, view_name, path, method, model_name, object_id, timestamp, details, changes, ip_address, browser, status_code, related_object, user_id) VALUES (21144, 'read', '', '', '', 'HTTP Request', NULL, 2025-08-06 17:45:15.620898, 'GET /favicon.ico', NULL, '127.0.0.1', 'Mozilla/5.0 (Windows NT 10.0; Win64; x64) AppleWebKit/537.36 (KHTML, like Gecko) Chrome/138.0.0.0 Safari/537.36 Edg/138.0.0.0', 302, NULL, 2);
INSERT INTO accounts_audit_log (id, action, view_name, path, method, model_name, object_id, timestamp, details, changes, ip_address, browser, status_code, related_object, user_id) VALUES (21145, 'read', '', '', '', 'HTTP Request', NULL, 2025-08-06 17:46:05.237163, 'GET /workflow/permission/create/', NULL, '127.0.0.1', 'Mozilla/5.0 (Windows NT 10.0; Win64; x64) AppleWebKit/537.36 (KHTML, like Gecko) Chrome/138.0.0.0 Safari/537.36 Edg/138.0.0.0', 500, NULL, 2);
INSERT INTO accounts_audit_log (id, action, view_name, path, method, model_name, object_id, timestamp, details, changes, ip_address, browser, status_code, related_object, user_id) VALUES (21146, 'read', '', '', '', 'HTTP Request', NULL, 2025-08-06 17:46:05.370384, 'GET /favicon.ico', NULL, '127.0.0.1', 'Mozilla/5.0 (Windows NT 10.0; Win64; x64) AppleWebKit/537.36 (KHTML, like Gecko) Chrome/138.0.0.0 Safari/537.36 Edg/138.0.0.0', 302, NULL, 2);
INSERT INTO accounts_audit_log (id, action, view_name, path, method, model_name, object_id, timestamp, details, changes, ip_address, browser, status_code, related_object, user_id) VALUES (21147, 'read', '', '', '', 'HTTP Request', NULL, 2025-08-06 17:46:06.395805, 'GET /workflow/permission/create/', NULL, '127.0.0.1', 'Mozilla/5.0 (Windows NT 10.0; Win64; x64) AppleWebKit/537.36 (KHTML, like Gecko) Chrome/138.0.0.0 Safari/537.36 Edg/138.0.0.0', 500, NULL, 2);
INSERT INTO accounts_audit_log (id, action, view_name, path, method, model_name, object_id, timestamp, details, changes, ip_address, browser, status_code, related_object, user_id) VALUES (21148, 'read', '', '', '', 'HTTP Request', NULL, 2025-08-06 17:46:06.494993, 'GET /favicon.ico', NULL, '127.0.0.1', 'Mozilla/5.0 (Windows NT 10.0; Win64; x64) AppleWebKit/537.36 (KHTML, like Gecko) Chrome/138.0.0.0 Safari/537.36 Edg/138.0.0.0', 302, NULL, 2);
INSERT INTO accounts_audit_log (id, action, view_name, path, method, model_name, object_id, timestamp, details, changes, ip_address, browser, status_code, related_object, user_id) VALUES (21149, 'read', '', '', '', 'HTTP Request', NULL, 2025-08-06 17:46:14.966895, 'GET /workflow/permission/create/', NULL, '127.0.0.1', 'Mozilla/5.0 (Windows NT 10.0; Win64; x64) AppleWebKit/537.36 (KHTML, like Gecko) Chrome/138.0.0.0 Safari/537.36 Edg/138.0.0.0', 200, NULL, 2);
INSERT INTO accounts_audit_log (id, action, view_name, path, method, model_name, object_id, timestamp, details, changes, ip_address, browser, status_code, related_object, user_id) VALUES (21150, 'read', '', '', '', 'HTTP Request', NULL, 2025-08-06 17:46:17.218487, 'GET /load_posts/', NULL, '127.0.0.1', 'Mozilla/5.0 (Windows NT 10.0; Win64; x64) AppleWebKit/537.36 (KHTML, like Gecko) Chrome/138.0.0.0 Safari/537.36 Edg/138.0.0.0', 200, NULL, 2);
INSERT INTO accounts_audit_log (id, action, view_name, path, method, model_name, object_id, timestamp, details, changes, ip_address, browser, status_code, related_object, user_id) VALUES (21151, 'read', '', '', '', 'HTTP Request', NULL, 2025-08-06 17:46:40.033600, 'GET /workflow/permission/create/', NULL, '127.0.0.1', 'Mozilla/5.0 (Windows NT 10.0; Win64; x64) AppleWebKit/537.36 (KHTML, like Gecko) Chrome/138.0.0.0 Safari/537.36 Edg/138.0.0.0', 500, NULL, 2);
INSERT INTO accounts_audit_log (id, action, view_name, path, method, model_name, object_id, timestamp, details, changes, ip_address, browser, status_code, related_object, user_id) VALUES (21152, 'read', '', '', '', 'HTTP Request', NULL, 2025-08-06 17:46:40.172814, 'GET /favicon.ico', NULL, '127.0.0.1', 'Mozilla/5.0 (Windows NT 10.0; Win64; x64) AppleWebKit/537.36 (KHTML, like Gecko) Chrome/138.0.0.0 Safari/537.36 Edg/138.0.0.0', 302, NULL, 2);
INSERT INTO accounts_audit_log (id, action, view_name, path, method, model_name, object_id, timestamp, details, changes, ip_address, browser, status_code, related_object, user_id) VALUES (21153, 'read', '', '', '', 'HTTP Request', NULL, 2025-08-06 17:46:40.851993, 'GET /workflow/permission/create/', NULL, '127.0.0.1', 'Mozilla/5.0 (Windows NT 10.0; Win64; x64) AppleWebKit/537.36 (KHTML, like Gecko) Chrome/138.0.0.0 Safari/537.36 Edg/138.0.0.0', 500, NULL, 2);
INSERT INTO accounts_audit_log (id, action, view_name, path, method, model_name, object_id, timestamp, details, changes, ip_address, browser, status_code, related_object, user_id) VALUES (21154, 'read', '', '', '', 'HTTP Request', NULL, 2025-08-06 17:46:40.941305, 'GET /favicon.ico', NULL, '127.0.0.1', 'Mozilla/5.0 (Windows NT 10.0; Win64; x64) AppleWebKit/537.36 (KHTML, like Gecko) Chrome/138.0.0.0 Safari/537.36 Edg/138.0.0.0', 302, NULL, 2);
INSERT INTO accounts_audit_log (id, action, view_name, path, method, model_name, object_id, timestamp, details, changes, ip_address, browser, status_code, related_object, user_id) VALUES (21155, 'read', '', '', '', 'HTTP Request', NULL, 2025-08-06 17:47:35.398403, 'GET /workflow/permission/create/', NULL, '127.0.0.1', 'Mozilla/5.0 (Windows NT 10.0; Win64; x64) AppleWebKit/537.36 (KHTML, like Gecko) Chrome/138.0.0.0 Safari/537.36 Edg/138.0.0.0', 500, NULL, 2);
INSERT INTO accounts_audit_log (id, action, view_name, path, method, model_name, object_id, timestamp, details, changes, ip_address, browser, status_code, related_object, user_id) VALUES (21156, 'read', '', '', '', 'HTTP Request', NULL, 2025-08-06 17:47:35.559904, 'GET /favicon.ico', NULL, '127.0.0.1', 'Mozilla/5.0 (Windows NT 10.0; Win64; x64) AppleWebKit/537.36 (KHTML, like Gecko) Chrome/138.0.0.0 Safari/537.36 Edg/138.0.0.0', 302, NULL, 2);
INSERT INTO accounts_audit_log (id, action, view_name, path, method, model_name, object_id, timestamp, details, changes, ip_address, browser, status_code, related_object, user_id) VALUES (21157, 'read', '', '', '', 'HTTP Request', NULL, 2025-08-06 17:47:36.159588, 'GET /workflow/permission/create/', NULL, '127.0.0.1', 'Mozilla/5.0 (Windows NT 10.0; Win64; x64) AppleWebKit/537.36 (KHTML, like Gecko) Chrome/138.0.0.0 Safari/537.36 Edg/138.0.0.0', 500, NULL, 2);
INSERT INTO accounts_audit_log (id, action, view_name, path, method, model_name, object_id, timestamp, details, changes, ip_address, browser, status_code, related_object, user_id) VALUES (21158, 'read', '', '', '', 'HTTP Request', NULL, 2025-08-06 17:47:36.267778, 'GET /favicon.ico', NULL, '127.0.0.1', 'Mozilla/5.0 (Windows NT 10.0; Win64; x64) AppleWebKit/537.36 (KHTML, like Gecko) Chrome/138.0.0.0 Safari/537.36 Edg/138.0.0.0', 302, NULL, 2);
INSERT INTO accounts_audit_log (id, action, view_name, path, method, model_name, object_id, timestamp, details, changes, ip_address, browser, status_code, related_object, user_id) VALUES (21159, 'read', '', '', '', 'HTTP Request', NULL, 2025-08-06 17:47:51.105202, 'GET /workflow/permission/create/', NULL, '127.0.0.1', 'Mozilla/5.0 (Windows NT 10.0; Win64; x64) AppleWebKit/537.36 (KHTML, like Gecko) Chrome/138.0.0.0 Safari/537.36 Edg/138.0.0.0', 200, NULL, 2);
INSERT INTO accounts_audit_log (id, action, view_name, path, method, model_name, object_id, timestamp, details, changes, ip_address, browser, status_code, related_object, user_id) VALUES (21160, 'read', '', '', '', 'HTTP Request', NULL, 2025-08-06 17:47:52.446917, 'GET /workflow/permission/create/', NULL, '127.0.0.1', 'Mozilla/5.0 (Windows NT 10.0; Win64; x64) AppleWebKit/537.36 (KHTML, like Gecko) Chrome/138.0.0.0 Safari/537.36 Edg/138.0.0.0', 200, NULL, 2);
INSERT INTO accounts_audit_log (id, action, view_name, path, method, model_name, object_id, timestamp, details, changes, ip_address, browser, status_code, related_object, user_id) VALUES (21161, 'read', '', '', '', 'HTTP Request', NULL, 2025-08-06 17:47:52.601846, 'GET /workflow/permission/create/', NULL, '127.0.0.1', 'Mozilla/5.0 (Windows NT 10.0; Win64; x64) AppleWebKit/537.36 (KHTML, like Gecko) Chrome/138.0.0.0 Safari/537.36 Edg/138.0.0.0', 200, NULL, 2);
INSERT INTO accounts_audit_log (id, action, view_name, path, method, model_name, object_id, timestamp, details, changes, ip_address, browser, status_code, related_object, user_id) VALUES (21162, 'read', '', '', '', 'HTTP Request', NULL, 2025-08-06 17:47:53.286581, 'GET /workflow/permission/create/', NULL, '127.0.0.1', 'Mozilla/5.0 (Windows NT 10.0; Win64; x64) AppleWebKit/537.36 (KHTML, like Gecko) Chrome/138.0.0.0 Safari/537.36 Edg/138.0.0.0', 200, NULL, 2);
INSERT INTO accounts_audit_log (id, action, view_name, path, method, model_name, object_id, timestamp, details, changes, ip_address, browser, status_code, related_object, user_id) VALUES (21163, 'read', '', '', '', 'HTTP Request', NULL, 2025-08-06 17:48:19.222036, 'GET /workflow/permission/create/', NULL, '127.0.0.1', 'Mozilla/5.0 (Windows NT 10.0; Win64; x64) AppleWebKit/537.36 (KHTML, like Gecko) Chrome/138.0.0.0 Safari/537.36 Edg/138.0.0.0', 200, NULL, 2);
INSERT INTO accounts_audit_log (id, action, view_name, path, method, model_name, object_id, timestamp, details, changes, ip_address, browser, status_code, related_object, user_id) VALUES (21164, 'read', '', '', '', 'HTTP Request', NULL, 2025-08-06 17:49:01.405231, 'GET /workflow/permission/create/', NULL, '127.0.0.1', 'Mozilla/5.0 (Windows NT 10.0; Win64; x64) AppleWebKit/537.36 (KHTML, like Gecko) Chrome/138.0.0.0 Safari/537.36 Edg/138.0.0.0', 200, NULL, 2);
INSERT INTO accounts_audit_log (id, action, view_name, path, method, model_name, object_id, timestamp, details, changes, ip_address, browser, status_code, related_object, user_id) VALUES (21165, 'read', '', '', '', 'HTTP Request', NULL, 2025-08-06 17:49:13.528204, 'GET /workflow/permission/create/', NULL, '127.0.0.1', 'Mozilla/5.0 (Windows NT 10.0; Win64; x64) AppleWebKit/537.36 (KHTML, like Gecko) Chrome/138.0.0.0 Safari/537.36 Edg/138.0.0.0', 200, NULL, 2);
INSERT INTO accounts_audit_log (id, action, view_name, path, method, model_name, object_id, timestamp, details, changes, ip_address, browser, status_code, related_object, user_id) VALUES (21166, 'read', '', '', '', 'HTTP Request', NULL, 2025-08-06 17:49:16.300024, 'GET /workflow/permission/create/', NULL, '127.0.0.1', 'Mozilla/5.0 (Windows NT 10.0; Win64; x64) AppleWebKit/537.36 (KHTML, like Gecko) Chrome/138.0.0.0 Safari/537.36 Edg/138.0.0.0', 200, NULL, 2);
INSERT INTO accounts_audit_log (id, action, view_name, path, method, model_name, object_id, timestamp, details, changes, ip_address, browser, status_code, related_object, user_id) VALUES (21167, 'read', '', '', '', 'HTTP Request', NULL, 2025-08-06 17:49:16.699061, 'GET /workflow/permission/create/', NULL, '127.0.0.1', 'Mozilla/5.0 (Windows NT 10.0; Win64; x64) AppleWebKit/537.36 (KHTML, like Gecko) Chrome/138.0.0.0 Safari/537.36 Edg/138.0.0.0', 200, NULL, 2);
INSERT INTO accounts_audit_log (id, action, view_name, path, method, model_name, object_id, timestamp, details, changes, ip_address, browser, status_code, related_object, user_id) VALUES (21168, 'read', '', '', '', 'HTTP Request', NULL, 2025-08-06 17:49:16.878580, 'GET /workflow/permission/create/', NULL, '127.0.0.1', 'Mozilla/5.0 (Windows NT 10.0; Win64; x64) AppleWebKit/537.36 (KHTML, like Gecko) Chrome/138.0.0.0 Safari/537.36 Edg/138.0.0.0', 200, NULL, 2);
INSERT INTO accounts_audit_log (id, action, view_name, path, method, model_name, object_id, timestamp, details, changes, ip_address, browser, status_code, related_object, user_id) VALUES (21169, 'read', '', '', '', 'HTTP Request', NULL, 2025-08-06 17:49:19.478972, 'GET /load_posts/', NULL, '127.0.0.1', 'Mozilla/5.0 (Windows NT 10.0; Win64; x64) AppleWebKit/537.36 (KHTML, like Gecko) Chrome/138.0.0.0 Safari/537.36 Edg/138.0.0.0', 200, NULL, 2);
INSERT INTO accounts_audit_log (id, action, view_name, path, method, model_name, object_id, timestamp, details, changes, ip_address, browser, status_code, related_object, user_id) VALUES (21170, 'read', '', '', '', 'HTTP Request', NULL, 2025-08-06 17:50:32.330903, 'GET /workflow/permission/create/', NULL, '127.0.0.1', 'Mozilla/5.0 (Windows NT 10.0; Win64; x64) AppleWebKit/537.36 (KHTML, like Gecko) Chrome/138.0.0.0 Safari/537.36 Edg/138.0.0.0', 200, NULL, 2);
INSERT INTO accounts_audit_log (id, action, view_name, path, method, model_name, object_id, timestamp, details, changes, ip_address, browser, status_code, related_object, user_id) VALUES (21171, 'read', '', '', '', 'HTTP Request', NULL, 2025-08-06 17:50:32.846560, 'GET /workflow/permission/create/', NULL, '127.0.0.1', 'Mozilla/5.0 (Windows NT 10.0; Win64; x64) AppleWebKit/537.36 (KHTML, like Gecko) Chrome/138.0.0.0 Safari/537.36 Edg/138.0.0.0', 200, NULL, 2);
INSERT INTO accounts_audit_log (id, action, view_name, path, method, model_name, object_id, timestamp, details, changes, ip_address, browser, status_code, related_object, user_id) VALUES (21172, 'read', '', '', '', 'HTTP Request', NULL, 2025-08-06 17:50:33.197385, 'GET /workflow/permission/create/', NULL, '127.0.0.1', 'Mozilla/5.0 (Windows NT 10.0; Win64; x64) AppleWebKit/537.36 (KHTML, like Gecko) Chrome/138.0.0.0 Safari/537.36 Edg/138.0.0.0', 200, NULL, 2);
INSERT INTO accounts_audit_log (id, action, view_name, path, method, model_name, object_id, timestamp, details, changes, ip_address, browser, status_code, related_object, user_id) VALUES (21173, 'read', '', '', '', 'HTTP Request', NULL, 2025-08-06 17:51:09.041317, 'GET /workflow/permission/create/', NULL, '127.0.0.1', 'Mozilla/5.0 (Windows NT 10.0; Win64; x64) AppleWebKit/537.36 (KHTML, like Gecko) Chrome/138.0.0.0 Safari/537.36 Edg/138.0.0.0', 500, NULL, 2);
INSERT INTO accounts_audit_log (id, action, view_name, path, method, model_name, object_id, timestamp, details, changes, ip_address, browser, status_code, related_object, user_id) VALUES (21174, 'read', '', '', '', 'HTTP Request', NULL, 2025-08-06 17:51:09.157428, 'GET /favicon.ico', NULL, '127.0.0.1', 'Mozilla/5.0 (Windows NT 10.0; Win64; x64) AppleWebKit/537.36 (KHTML, like Gecko) Chrome/138.0.0.0 Safari/537.36 Edg/138.0.0.0', 302, NULL, 2);
INSERT INTO accounts_audit_log (id, action, view_name, path, method, model_name, object_id, timestamp, details, changes, ip_address, browser, status_code, related_object, user_id) VALUES (21175, 'read', '', '', '', 'HTTP Request', NULL, 2025-08-06 17:51:09.759547, 'GET /workflow/permission/create/', NULL, '127.0.0.1', 'Mozilla/5.0 (Windows NT 10.0; Win64; x64) AppleWebKit/537.36 (KHTML, like Gecko) Chrome/138.0.0.0 Safari/537.36 Edg/138.0.0.0', 500, NULL, 2);
INSERT INTO accounts_audit_log (id, action, view_name, path, method, model_name, object_id, timestamp, details, changes, ip_address, browser, status_code, related_object, user_id) VALUES (21176, 'read', '', '', '', 'HTTP Request', NULL, 2025-08-06 17:51:09.848353, 'GET /favicon.ico', NULL, '127.0.0.1', 'Mozilla/5.0 (Windows NT 10.0; Win64; x64) AppleWebKit/537.36 (KHTML, like Gecko) Chrome/138.0.0.0 Safari/537.36 Edg/138.0.0.0', 302, NULL, 2);
INSERT INTO accounts_audit_log (id, action, view_name, path, method, model_name, object_id, timestamp, details, changes, ip_address, browser, status_code, related_object, user_id) VALUES (21177, 'read', '', '', '', 'HTTP Request', NULL, 2025-08-06 17:51:26.287749, 'GET /workflow/permission/create/', NULL, '127.0.0.1', 'Mozilla/5.0 (Windows NT 10.0; Win64; x64) AppleWebKit/537.36 (KHTML, like Gecko) Chrome/138.0.0.0 Safari/537.36 Edg/138.0.0.0', 200, NULL, 2);
INSERT INTO accounts_audit_log (id, action, view_name, path, method, model_name, object_id, timestamp, details, changes, ip_address, browser, status_code, related_object, user_id) VALUES (21178, 'read', '', '', '', 'HTTP Request', NULL, 2025-08-06 17:51:53.196892, 'GET /workflow/permission/create/', NULL, '127.0.0.1', 'Mozilla/5.0 (Windows NT 10.0; Win64; x64) AppleWebKit/537.36 (KHTML, like Gecko) Chrome/138.0.0.0 Safari/537.36 Edg/138.0.0.0', 500, NULL, 2);
INSERT INTO accounts_audit_log (id, action, view_name, path, method, model_name, object_id, timestamp, details, changes, ip_address, browser, status_code, related_object, user_id) VALUES (21179, 'read', '', '', '', 'HTTP Request', NULL, 2025-08-06 17:51:53.309289, 'GET /favicon.ico', NULL, '127.0.0.1', 'Mozilla/5.0 (Windows NT 10.0; Win64; x64) AppleWebKit/537.36 (KHTML, like Gecko) Chrome/138.0.0.0 Safari/537.36 Edg/138.0.0.0', 302, NULL, 2);
INSERT INTO accounts_audit_log (id, action, view_name, path, method, model_name, object_id, timestamp, details, changes, ip_address, browser, status_code, related_object, user_id) VALUES (21180, 'read', '', '', '', 'HTTP Request', NULL, 2025-08-06 17:52:03.254241, 'GET /workflow/permission/create/', NULL, '127.0.0.1', 'Mozilla/5.0 (Windows NT 10.0; Win64; x64) AppleWebKit/537.36 (KHTML, like Gecko) Chrome/138.0.0.0 Safari/537.36 Edg/138.0.0.0', 200, NULL, 2);
INSERT INTO accounts_audit_log (id, action, view_name, path, method, model_name, object_id, timestamp, details, changes, ip_address, browser, status_code, related_object, user_id) VALUES (21181, 'read', '', '', '', 'HTTP Request', NULL, 2025-08-06 17:52:06.084008, 'GET /load_posts/', NULL, '127.0.0.1', 'Mozilla/5.0 (Windows NT 10.0; Win64; x64) AppleWebKit/537.36 (KHTML, like Gecko) Chrome/138.0.0.0 Safari/537.36 Edg/138.0.0.0', 200, NULL, 2);
INSERT INTO accounts_audit_log (id, action, view_name, path, method, model_name, object_id, timestamp, details, changes, ip_address, browser, status_code, related_object, user_id) VALUES (21182, 'read', '', '', '', 'HTTP Request', NULL, 2025-08-06 17:54:38.981161, 'GET /workflow/permission/create/', NULL, '127.0.0.1', 'Mozilla/5.0 (Windows NT 10.0; Win64; x64) AppleWebKit/537.36 (KHTML, like Gecko) Chrome/138.0.0.0 Safari/537.36 Edg/138.0.0.0', 500, NULL, 2);
INSERT INTO accounts_audit_log (id, action, view_name, path, method, model_name, object_id, timestamp, details, changes, ip_address, browser, status_code, related_object, user_id) VALUES (21183, 'read', '', '', '', 'HTTP Request', NULL, 2025-08-06 17:54:39.116076, 'GET /favicon.ico', NULL, '127.0.0.1', 'Mozilla/5.0 (Windows NT 10.0; Win64; x64) AppleWebKit/537.36 (KHTML, like Gecko) Chrome/138.0.0.0 Safari/537.36 Edg/138.0.0.0', 302, NULL, 2);
INSERT INTO accounts_audit_log (id, action, view_name, path, method, model_name, object_id, timestamp, details, changes, ip_address, browser, status_code, related_object, user_id) VALUES (21184, 'read', '', '', '', 'HTTP Request', NULL, 2025-08-06 17:55:22.846698, 'GET /workflow/permission/create/', NULL, '127.0.0.1', 'Mozilla/5.0 (Windows NT 10.0; Win64; x64) AppleWebKit/537.36 (KHTML, like Gecko) Chrome/138.0.0.0 Safari/537.36 Edg/138.0.0.0', 500, NULL, 2);
INSERT INTO accounts_audit_log (id, action, view_name, path, method, model_name, object_id, timestamp, details, changes, ip_address, browser, status_code, related_object, user_id) VALUES (21185, 'read', '', '', '', 'HTTP Request', NULL, 2025-08-06 17:55:22.987915, 'GET /favicon.ico', NULL, '127.0.0.1', 'Mozilla/5.0 (Windows NT 10.0; Win64; x64) AppleWebKit/537.36 (KHTML, like Gecko) Chrome/138.0.0.0 Safari/537.36 Edg/138.0.0.0', 302, NULL, 2);
INSERT INTO accounts_audit_log (id, action, view_name, path, method, model_name, object_id, timestamp, details, changes, ip_address, browser, status_code, related_object, user_id) VALUES (21186, 'read', '', '', '', 'HTTP Request', NULL, 2025-08-06 17:55:42.593349, 'GET /workflow/permission/create/', NULL, '127.0.0.1', 'Mozilla/5.0 (Windows NT 10.0; Win64; x64) AppleWebKit/537.36 (KHTML, like Gecko) Chrome/138.0.0.0 Safari/537.36 Edg/138.0.0.0', 500, NULL, 2);
INSERT INTO accounts_audit_log (id, action, view_name, path, method, model_name, object_id, timestamp, details, changes, ip_address, browser, status_code, related_object, user_id) VALUES (21187, 'read', '', '', '', 'HTTP Request', NULL, 2025-08-06 17:55:42.756510, 'GET /favicon.ico', NULL, '127.0.0.1', 'Mozilla/5.0 (Windows NT 10.0; Win64; x64) AppleWebKit/537.36 (KHTML, like Gecko) Chrome/138.0.0.0 Safari/537.36 Edg/138.0.0.0', 302, NULL, 2);
INSERT INTO accounts_audit_log (id, action, view_name, path, method, model_name, object_id, timestamp, details, changes, ip_address, browser, status_code, related_object, user_id) VALUES (21188, 'read', '', '', '', 'HTTP Request', NULL, 2025-08-06 17:55:44.146561, 'GET /workflow/permission/create/', NULL, '127.0.0.1', 'Mozilla/5.0 (Windows NT 10.0; Win64; x64) AppleWebKit/537.36 (KHTML, like Gecko) Chrome/138.0.0.0 Safari/537.36 Edg/138.0.0.0', 500, NULL, 2);
INSERT INTO accounts_audit_log (id, action, view_name, path, method, model_name, object_id, timestamp, details, changes, ip_address, browser, status_code, related_object, user_id) VALUES (21189, 'read', '', '', '', 'HTTP Request', NULL, 2025-08-06 17:55:44.296556, 'GET /favicon.ico', NULL, '127.0.0.1', 'Mozilla/5.0 (Windows NT 10.0; Win64; x64) AppleWebKit/537.36 (KHTML, like Gecko) Chrome/138.0.0.0 Safari/537.36 Edg/138.0.0.0', 302, NULL, 2);
INSERT INTO accounts_audit_log (id, action, view_name, path, method, model_name, object_id, timestamp, details, changes, ip_address, browser, status_code, related_object, user_id) VALUES (21190, 'read', '', '', '', 'HTTP Request', NULL, 2025-08-06 17:56:06.622346, 'GET /workflow/permission/create/', NULL, '127.0.0.1', 'Mozilla/5.0 (Windows NT 10.0; Win64; x64) AppleWebKit/537.36 (KHTML, like Gecko) Chrome/138.0.0.0 Safari/537.36 Edg/138.0.0.0', 200, NULL, 2);
INSERT INTO accounts_audit_log (id, action, view_name, path, method, model_name, object_id, timestamp, details, changes, ip_address, browser, status_code, related_object, user_id) VALUES (21191, 'read', '', '', '', 'HTTP Request', NULL, 2025-08-06 17:56:47.611857, 'GET /workflow/permission/create/', NULL, '127.0.0.1', 'Mozilla/5.0 (Windows NT 10.0; Win64; x64) AppleWebKit/537.36 (KHTML, like Gecko) Chrome/138.0.0.0 Safari/537.36 Edg/138.0.0.0', 500, NULL, 2);
INSERT INTO accounts_audit_log (id, action, view_name, path, method, model_name, object_id, timestamp, details, changes, ip_address, browser, status_code, related_object, user_id) VALUES (21192, 'read', '', '', '', 'HTTP Request', NULL, 2025-08-06 17:56:47.736868, 'GET /favicon.ico', NULL, '127.0.0.1', 'Mozilla/5.0 (Windows NT 10.0; Win64; x64) AppleWebKit/537.36 (KHTML, like Gecko) Chrome/138.0.0.0 Safari/537.36 Edg/138.0.0.0', 302, NULL, 2);
INSERT INTO accounts_audit_log (id, action, view_name, path, method, model_name, object_id, timestamp, details, changes, ip_address, browser, status_code, related_object, user_id) VALUES (21193, 'read', '', '', '', 'HTTP Request', NULL, 2025-08-06 17:57:05.160886, 'GET /workflow/permission/', NULL, '127.0.0.1', 'Mozilla/5.0 (Windows NT 10.0; Win64; x64) AppleWebKit/537.36 (KHTML, like Gecko) Chrome/138.0.0.0 Safari/537.36 Edg/138.0.0.0', 200, NULL, 2);
INSERT INTO accounts_audit_log (id, action, view_name, path, method, model_name, object_id, timestamp, details, changes, ip_address, browser, status_code, related_object, user_id) VALUES (21194, 'read', '', '', '', 'HTTP Request', NULL, 2025-08-06 17:57:09.691959, 'GET /workflow/permission/create/', NULL, '127.0.0.1', 'Mozilla/5.0 (Windows NT 10.0; Win64; x64) AppleWebKit/537.36 (KHTML, like Gecko) Chrome/138.0.0.0 Safari/537.36 Edg/138.0.0.0', 200, NULL, 2);
INSERT INTO accounts_audit_log (id, action, view_name, path, method, model_name, object_id, timestamp, details, changes, ip_address, browser, status_code, related_object, user_id) VALUES (21195, 'read', '', '', '', 'HTTP Request', NULL, 2025-08-06 17:57:25.280834, 'GET /.well-known/appspecific/com.chrome.devtools.json', NULL, '127.0.0.1', 'Mozilla/5.0 (Windows NT 10.0; Win64; x64) AppleWebKit/537.36 (KHTML, like Gecko) Chrome/138.0.0.0 Safari/537.36 Edg/138.0.0.0', 404, NULL, 2);
INSERT INTO accounts_audit_log (id, action, view_name, path, method, model_name, object_id, timestamp, details, changes, ip_address, browser, status_code, related_object, user_id) VALUES (21196, 'read', '', '', '', 'HTTP Request', NULL, 2025-08-06 17:57:29.917164, 'GET /workflow/permission/create/', NULL, '127.0.0.1', 'Mozilla/5.0 (Windows NT 10.0; Win64; x64) AppleWebKit/537.36 (KHTML, like Gecko) Chrome/138.0.0.0 Safari/537.36 Edg/138.0.0.0', 200, NULL, 2);
INSERT INTO accounts_audit_log (id, action, view_name, path, method, model_name, object_id, timestamp, details, changes, ip_address, browser, status_code, related_object, user_id) VALUES (21197, 'read', '', '', '', 'HTTP Request', NULL, 2025-08-06 17:57:29.978489, 'GET /.well-known/appspecific/com.chrome.devtools.json', NULL, '127.0.0.1', 'Mozilla/5.0 (Windows NT 10.0; Win64; x64) AppleWebKit/537.36 (KHTML, like Gecko) Chrome/138.0.0.0 Safari/537.36 Edg/138.0.0.0', 404, NULL, 2);
INSERT INTO accounts_audit_log (id, action, view_name, path, method, model_name, object_id, timestamp, details, changes, ip_address, browser, status_code, related_object, user_id) VALUES (21198, 'read', '', '', '', 'HTTP Request', NULL, 2025-08-06 17:58:15.962752, 'GET /workflow/permission/create/', NULL, '127.0.0.1', 'Mozilla/5.0 (Windows NT 10.0; Win64; x64) AppleWebKit/537.36 (KHTML, like Gecko) Chrome/138.0.0.0 Safari/537.36 Edg/138.0.0.0', 200, NULL, 2);
INSERT INTO accounts_audit_log (id, action, view_name, path, method, model_name, object_id, timestamp, details, changes, ip_address, browser, status_code, related_object, user_id) VALUES (21199, 'read', '', '', '', 'HTTP Request', NULL, 2025-08-06 17:58:16.379855, 'GET /workflow/permission/create/', NULL, '127.0.0.1', 'Mozilla/5.0 (Windows NT 10.0; Win64; x64) AppleWebKit/537.36 (KHTML, like Gecko) Chrome/138.0.0.0 Safari/537.36 Edg/138.0.0.0', 200, NULL, 2);
INSERT INTO accounts_audit_log (id, action, view_name, path, method, model_name, object_id, timestamp, details, changes, ip_address, browser, status_code, related_object, user_id) VALUES (21200, 'read', '', '', '', 'HTTP Request', NULL, 2025-08-06 17:58:16.500376, 'GET /workflow/permission/create/', NULL, '127.0.0.1', 'Mozilla/5.0 (Windows NT 10.0; Win64; x64) AppleWebKit/537.36 (KHTML, like Gecko) Chrome/138.0.0.0 Safari/537.36 Edg/138.0.0.0', 200, NULL, 2);
INSERT INTO accounts_audit_log (id, action, view_name, path, method, model_name, object_id, timestamp, details, changes, ip_address, browser, status_code, related_object, user_id) VALUES (21201, 'read', '', '', '', 'HTTP Request', NULL, 2025-08-06 17:58:16.660733, 'GET /workflow/permission/create/', NULL, '127.0.0.1', 'Mozilla/5.0 (Windows NT 10.0; Win64; x64) AppleWebKit/537.36 (KHTML, like Gecko) Chrome/138.0.0.0 Safari/537.36 Edg/138.0.0.0', 200, NULL, 2);
INSERT INTO accounts_audit_log (id, action, view_name, path, method, model_name, object_id, timestamp, details, changes, ip_address, browser, status_code, related_object, user_id) VALUES (21202, 'read', '', '', '', 'HTTP Request', NULL, 2025-08-06 17:58:16.784684, 'GET /workflow/permission/create/', NULL, '127.0.0.1', 'Mozilla/5.0 (Windows NT 10.0; Win64; x64) AppleWebKit/537.36 (KHTML, like Gecko) Chrome/138.0.0.0 Safari/537.36 Edg/138.0.0.0', 200, NULL, 2);
INSERT INTO accounts_audit_log (id, action, view_name, path, method, model_name, object_id, timestamp, details, changes, ip_address, browser, status_code, related_object, user_id) VALUES (21203, 'read', '', '', '', 'HTTP Request', NULL, 2025-08-06 17:58:21.956932, 'GET /.well-known/appspecific/com.chrome.devtools.json', NULL, '127.0.0.1', 'Mozilla/5.0 (Windows NT 10.0; Win64; x64) AppleWebKit/537.36 (KHTML, like Gecko) Chrome/138.0.0.0 Safari/537.36 Edg/138.0.0.0', 404, NULL, 2);
INSERT INTO accounts_audit_log (id, action, view_name, path, method, model_name, object_id, timestamp, details, changes, ip_address, browser, status_code, related_object, user_id) VALUES (21204, 'read', '', '', '', 'HTTP Request', NULL, 2025-08-06 18:01:35.760317, 'GET /workflow/permission/create/', NULL, '127.0.0.1', 'Mozilla/5.0 (Windows NT 10.0; Win64; x64) AppleWebKit/537.36 (KHTML, like Gecko) Chrome/138.0.0.0 Safari/537.36 Edg/138.0.0.0', 200, NULL, 2);
INSERT INTO accounts_audit_log (id, action, view_name, path, method, model_name, object_id, timestamp, details, changes, ip_address, browser, status_code, related_object, user_id) VALUES (21205, 'read', '', '', '', 'HTTP Request', NULL, 2025-08-06 18:01:35.849862, 'GET /.well-known/appspecific/com.chrome.devtools.json', NULL, '127.0.0.1', 'Mozilla/5.0 (Windows NT 10.0; Win64; x64) AppleWebKit/537.36 (KHTML, like Gecko) Chrome/138.0.0.0 Safari/537.36 Edg/138.0.0.0', 404, NULL, 2);
INSERT INTO accounts_audit_log (id, action, view_name, path, method, model_name, object_id, timestamp, details, changes, ip_address, browser, status_code, related_object, user_id) VALUES (21206, 'read', '', '', '', 'HTTP Request', NULL, 2025-08-06 18:01:36.918624, 'GET /workflow/permission/create/', NULL, '127.0.0.1', 'Mozilla/5.0 (Windows NT 10.0; Win64; x64) AppleWebKit/537.36 (KHTML, like Gecko) Chrome/138.0.0.0 Safari/537.36 Edg/138.0.0.0', 200, NULL, 2);
INSERT INTO accounts_audit_log (id, action, view_name, path, method, model_name, object_id, timestamp, details, changes, ip_address, browser, status_code, related_object, user_id) VALUES (21207, 'read', '', '', '', 'HTTP Request', NULL, 2025-08-06 18:01:37.013552, 'GET /.well-known/appspecific/com.chrome.devtools.json', NULL, '127.0.0.1', 'Mozilla/5.0 (Windows NT 10.0; Win64; x64) AppleWebKit/537.36 (KHTML, like Gecko) Chrome/138.0.0.0 Safari/537.36 Edg/138.0.0.0', 404, NULL, 2);
INSERT INTO accounts_audit_log (id, action, view_name, path, method, model_name, object_id, timestamp, details, changes, ip_address, browser, status_code, related_object, user_id) VALUES (21208, 'read', '', '', '', 'HTTP Request', NULL, 2025-08-06 18:01:37.767595, 'GET /workflow/permission/create/', NULL, '127.0.0.1', 'Mozilla/5.0 (Windows NT 10.0; Win64; x64) AppleWebKit/537.36 (KHTML, like Gecko) Chrome/138.0.0.0 Safari/537.36 Edg/138.0.0.0', 200, NULL, 2);
INSERT INTO accounts_audit_log (id, action, view_name, path, method, model_name, object_id, timestamp, details, changes, ip_address, browser, status_code, related_object, user_id) VALUES (21209, 'read', '', '', '', 'HTTP Request', NULL, 2025-08-06 18:01:37.826989, 'GET /.well-known/appspecific/com.chrome.devtools.json', NULL, '127.0.0.1', 'Mozilla/5.0 (Windows NT 10.0; Win64; x64) AppleWebKit/537.36 (KHTML, like Gecko) Chrome/138.0.0.0 Safari/537.36 Edg/138.0.0.0', 404, NULL, 2);
INSERT INTO accounts_audit_log (id, action, view_name, path, method, model_name, object_id, timestamp, details, changes, ip_address, browser, status_code, related_object, user_id) VALUES (21210, 'read', '', '', '', 'HTTP Request', NULL, 2025-08-06 18:02:43.476565, 'GET /workflow/permission/create/', NULL, '127.0.0.1', 'Mozilla/5.0 (Windows NT 10.0; Win64; x64) AppleWebKit/537.36 (KHTML, like Gecko) Chrome/138.0.0.0 Safari/537.36 Edg/138.0.0.0', 200, NULL, 2);
INSERT INTO accounts_audit_log (id, action, view_name, path, method, model_name, object_id, timestamp, details, changes, ip_address, browser, status_code, related_object, user_id) VALUES (21211, 'read', '', '', '', 'HTTP Request', NULL, 2025-08-06 18:02:43.540233, 'GET /.well-known/appspecific/com.chrome.devtools.json', NULL, '127.0.0.1', 'Mozilla/5.0 (Windows NT 10.0; Win64; x64) AppleWebKit/537.36 (KHTML, like Gecko) Chrome/138.0.0.0 Safari/537.36 Edg/138.0.0.0', 404, NULL, 2);
INSERT INTO accounts_audit_log (id, action, view_name, path, method, model_name, object_id, timestamp, details, changes, ip_address, browser, status_code, related_object, user_id) VALUES (21212, 'read', '', '', '', 'HTTP Request', NULL, 2025-08-06 18:02:43.989755, 'GET /workflow/permission/create/', NULL, '127.0.0.1', 'Mozilla/5.0 (Windows NT 10.0; Win64; x64) AppleWebKit/537.36 (KHTML, like Gecko) Chrome/138.0.0.0 Safari/537.36 Edg/138.0.0.0', 200, NULL, 2);
INSERT INTO accounts_audit_log (id, action, view_name, path, method, model_name, object_id, timestamp, details, changes, ip_address, browser, status_code, related_object, user_id) VALUES (21213, 'read', '', '', '', 'HTTP Request', NULL, 2025-08-06 18:02:44.061360, 'GET /.well-known/appspecific/com.chrome.devtools.json', NULL, '127.0.0.1', 'Mozilla/5.0 (Windows NT 10.0; Win64; x64) AppleWebKit/537.36 (KHTML, like Gecko) Chrome/138.0.0.0 Safari/537.36 Edg/138.0.0.0', 404, NULL, 2);
INSERT INTO accounts_audit_log (id, action, view_name, path, method, model_name, object_id, timestamp, details, changes, ip_address, browser, status_code, related_object, user_id) VALUES (21214, 'read', '', '', '', 'HTTP Request', NULL, 2025-08-06 18:02:54.541218, 'GET /workflow/permission/create/', NULL, '127.0.0.1', 'Mozilla/5.0 (Windows NT 10.0; Win64; x64) AppleWebKit/537.36 (KHTML, like Gecko) Chrome/138.0.0.0 Safari/537.36 Edg/138.0.0.0', 200, NULL, 2);
INSERT INTO accounts_audit_log (id, action, view_name, path, method, model_name, object_id, timestamp, details, changes, ip_address, browser, status_code, related_object, user_id) VALUES (21215, 'read', '', '', '', 'HTTP Request', NULL, 2025-08-06 18:02:54.615610, 'GET /.well-known/appspecific/com.chrome.devtools.json', NULL, '127.0.0.1', 'Mozilla/5.0 (Windows NT 10.0; Win64; x64) AppleWebKit/537.36 (KHTML, like Gecko) Chrome/138.0.0.0 Safari/537.36 Edg/138.0.0.0', 404, NULL, 2);
INSERT INTO accounts_audit_log (id, action, view_name, path, method, model_name, object_id, timestamp, details, changes, ip_address, browser, status_code, related_object, user_id) VALUES (21216, 'read', '', '', '', 'HTTP Request', NULL, 2025-08-06 18:03:37.168533, 'GET /workflow/permission/create/', NULL, '127.0.0.1', 'Mozilla/5.0 (Windows NT 10.0; Win64; x64) AppleWebKit/537.36 (KHTML, like Gecko) Chrome/138.0.0.0 Safari/537.36 Edg/138.0.0.0', 200, NULL, 2);
INSERT INTO accounts_audit_log (id, action, view_name, path, method, model_name, object_id, timestamp, details, changes, ip_address, browser, status_code, related_object, user_id) VALUES (21217, 'read', '', '', '', 'HTTP Request', NULL, 2025-08-06 18:03:37.242548, 'GET /.well-known/appspecific/com.chrome.devtools.json', NULL, '127.0.0.1', 'Mozilla/5.0 (Windows NT 10.0; Win64; x64) AppleWebKit/537.36 (KHTML, like Gecko) Chrome/138.0.0.0 Safari/537.36 Edg/138.0.0.0', 404, NULL, 2);
INSERT INTO accounts_audit_log (id, action, view_name, path, method, model_name, object_id, timestamp, details, changes, ip_address, browser, status_code, related_object, user_id) VALUES (21218, 'read', '', '', '', 'HTTP Request', NULL, 2025-08-06 18:03:38.204479, 'GET /workflow/permission/create/', NULL, '127.0.0.1', 'Mozilla/5.0 (Windows NT 10.0; Win64; x64) AppleWebKit/537.36 (KHTML, like Gecko) Chrome/138.0.0.0 Safari/537.36 Edg/138.0.0.0', 200, NULL, 2);

-- Table: accounts_city
CREATE TABLE `accounts_city` (
  `id` bigint NOT NULL AUTO_INCREMENT,
  `name` varchar(100) CHARACTER SET utf8mb4 COLLATE utf8mb4_0900_ai_ci NOT NULL,
  `is_capital` tinyint(1) NOT NULL,
  `province_id` bigint NOT NULL,
  PRIMARY KEY (`id`) USING BTREE,
  UNIQUE KEY `accounts_city_name_province_id_0f905959_uniq` (`name`,`province_id`) USING BTREE,
  KEY `accounts_city_province_id_3c87e1c3_fk_accounts_province_id` (`province_id`) USING BTREE,
  CONSTRAINT `accounts_city_province_id_3c87e1c3_fk_accounts_province_id` FOREIGN KEY (`province_id`) REFERENCES `accounts_province` (`id`) ON DELETE RESTRICT ON UPDATE RESTRICT
) ENGINE=InnoDB DEFAULT CHARSET=utf8mb4 COLLATE=utf8mb4_0900_ai_ci ROW_FORMAT=DYNAMIC;


-- Table: accounts_customprofile
CREATE TABLE `accounts_customprofile` (
  `id` bigint NOT NULL AUTO_INCREMENT,
  `first_name` varchar(30) CHARACTER SET utf8mb4 COLLATE utf8mb4_0900_ai_ci NOT NULL,
  `last_name` varchar(30) CHARACTER SET utf8mb4 COLLATE utf8mb4_0900_ai_ci NOT NULL,
  `phone_number` varchar(15) CHARACTER SET utf8mb4 COLLATE utf8mb4_0900_ai_ci NOT NULL,
  `birth_date` date DEFAULT NULL,
  `address` longtext CHARACTER SET utf8mb4 COLLATE utf8mb4_0900_ai_ci NOT NULL,
  `location` longtext CHARACTER SET utf8mb4 COLLATE utf8mb4_0900_ai_ci NOT NULL,
  `bio` longtext CHARACTER SET utf8mb4 COLLATE utf8mb4_0900_ai_ci NOT NULL,
  `zip_code` varchar(10) CHARACTER SET utf8mb4 COLLATE utf8mb4_0900_ai_ci NOT NULL,
  `description` longtext CHARACTER SET utf8mb4 COLLATE utf8mb4_0900_ai_ci NOT NULL,
  `theme` varchar(20) CHARACTER SET utf8mb4 COLLATE utf8mb4_0900_ai_ci NOT NULL,
  `city_id` bigint DEFAULT NULL,
  `user_id` bigint NOT NULL,
  `province_id` bigint DEFAULT NULL,
  PRIMARY KEY (`id`) USING BTREE,
  UNIQUE KEY `user_id` (`user_id`) USING BTREE,
  KEY `accounts_customprofile_city_id_e241f232_fk_accounts_city_id` (`city_id`) USING BTREE,
  KEY `accounts_customprofi_province_id_76bdd0ef_fk_accounts_` (`province_id`) USING BTREE,
  CONSTRAINT `accounts_customprofi_province_id_76bdd0ef_fk_accounts_` FOREIGN KEY (`province_id`) REFERENCES `accounts_province` (`id`) ON DELETE RESTRICT ON UPDATE RESTRICT,
  CONSTRAINT `accounts_customprofi_user_id_150416de_fk_accounts_` FOREIGN KEY (`user_id`) REFERENCES `accounts_customuser` (`id`) ON DELETE RESTRICT ON UPDATE RESTRICT,
  CONSTRAINT `accounts_customprofile_city_id_e241f232_fk_accounts_city_id` FOREIGN KEY (`city_id`) REFERENCES `accounts_city` (`id`) ON DELETE RESTRICT ON UPDATE RESTRICT
) ENGINE=InnoDB AUTO_INCREMENT=8 DEFAULT CHARSET=utf8mb4 COLLATE=utf8mb4_0900_ai_ci ROW_FORMAT=DYNAMIC;

INSERT INTO accounts_customprofile (id, first_name, last_name, phone_number, birth_date, address, location, bio, zip_code, description, theme, city_id, user_id, province_id) VALUES (1, '', '', '', 2025-03-21, '', '', '', '', '', 'light', NULL, 9, NULL);
INSERT INTO accounts_customprofile (id, first_name, last_name, phone_number, birth_date, address, location, bio, zip_code, description, theme, city_id, user_id, province_id) VALUES (2, '', '', '', NULL, '', '', '', '', '', 'light', NULL, 11, NULL);
INSERT INTO accounts_customprofile (id, first_name, last_name, phone_number, birth_date, address, location, bio, zip_code, description, theme, city_id, user_id, province_id) VALUES (3, '', '', '', NULL, '', '', '', '', '', 'blue', NULL, 12, NULL);
INSERT INTO accounts_customprofile (id, first_name, last_name, phone_number, birth_date, address, location, bio, zip_code, description, theme, city_id, user_id, province_id) VALUES (4, '', '', '', NULL, '', '', '', '', '', 'light', NULL, 5, NULL);
INSERT INTO accounts_customprofile (id, first_name, last_name, phone_number, birth_date, address, location, bio, zip_code, description, theme, city_id, user_id, province_id) VALUES (5, '', '', '', NULL, '', '', '', '', '', 'green', NULL, 2, NULL);
INSERT INTO accounts_customprofile (id, first_name, last_name, phone_number, birth_date, address, location, bio, zip_code, description, theme, city_id, user_id, province_id) VALUES (6, '', '', '', NULL, '', '', '', '', '', 'blue', NULL, 3, NULL);
INSERT INTO accounts_customprofile (id, first_name, last_name, phone_number, birth_date, address, location, bio, zip_code, description, theme, city_id, user_id, province_id) VALUES (7, '', '', '', NULL, '', '', '', '', '', 'light', NULL, 7, NULL);

-- Table: accounts_customuser
CREATE TABLE `accounts_customuser` (
  `id` bigint NOT NULL AUTO_INCREMENT,
  `password` varchar(128) CHARACTER SET utf8mb4 COLLATE utf8mb4_0900_ai_ci NOT NULL,
  `last_login` datetime(6) DEFAULT NULL,
  `is_superuser` tinyint(1) NOT NULL,
  `username` varchar(150) CHARACTER SET utf8mb4 COLLATE utf8mb4_0900_ai_ci NOT NULL,
  `email` varchar(254) CHARACTER SET utf8mb4 COLLATE utf8mb4_0900_ai_ci NOT NULL,
  `first_name` varchar(30) CHARACTER SET utf8mb4 COLLATE utf8mb4_0900_ai_ci NOT NULL,
  `last_name` varchar(150) CHARACTER SET utf8mb4 COLLATE utf8mb4_0900_ai_ci NOT NULL,
  `is_active` tinyint(1) NOT NULL,
  `is_staff` tinyint(1) NOT NULL,
  PRIMARY KEY (`id`) USING BTREE,
  UNIQUE KEY `username` (`username`) USING BTREE,
  UNIQUE KEY `email` (`email`) USING BTREE
) ENGINE=InnoDB AUTO_INCREMENT=28 DEFAULT CHARSET=utf8mb4 COLLATE=utf8mb4_0900_ai_ci ROW_FORMAT=DYNAMIC;

INSERT INTO accounts_customuser (id, password, last_login, is_superuser, username, email, first_name, last_name, is_active, is_staff) VALUES (1, '', NULL, 0, 'default', '', '', '', 1, 0);
INSERT INTO accounts_customuser (id, password, last_login, is_superuser, username, email, first_name, last_name, is_active, is_staff) VALUES (2, 'pbkdf2_sha256$870000$wstMsZgLe0egZR2ua4Tz03$ptBAKqad3i/POoHeUb5a+XhXj26mvzA2Y7rOMbgom/0=', 2025-09-20 08:39:20.484828, 1, 'admin', 'admin@itdc.net', '', '', 1, 1);
INSERT INTO accounts_customuser (id, password, last_login, is_superuser, username, email, first_name, last_name, is_active, is_staff) VALUES (3, 'pbkdf2_sha256$870000$p2sSKwHR5k5ZBY5x4BmKnn$DR+Llv29YMuiJTD8SrwN2XsGteLX3ulMevADNTxLVSU=', 2025-09-14 07:49:21.092966, 0, 'snejate', 'snejati@itdc.net', '', '', 1, 0);
INSERT INTO accounts_customuser (id, password, last_login, is_superuser, username, email, first_name, last_name, is_active, is_staff) VALUES (4, 'pbkdf2_sha256$870000$trw8BD4iQytHgtg7hGLGtM$+CfshGIY5SaWgGN7q8LbDAG9aZW28Lr96BJYlaWbEKY=', 2025-09-13 10:43:36.679282, 0, 'beygh', 'byegh@itdc.net', '', '', 1, 0);
INSERT INTO accounts_customuser (id, password, last_login, is_superuser, username, email, first_name, last_name, is_active, is_staff) VALUES (5, 'pbkdf2_sha256$870000$z161g2EgFVavvgCz624reD$GRR289i6MHOAnxtO45hUiZtN+5bsiQebOzfkHdX+PzY=', 2025-08-03 10:01:12.046055, 0, 'p.bighash', 'p.bighash@itdc.net', '', ' ', 1, 0);
INSERT INTO accounts_customuser (id, password, last_login, is_superuser, username, email, first_name, last_name, is_active, is_staff) VALUES (6, 'pbkdf2_sha256$870000$jN6xyxMiBiBG40twNJo6ws$3G37t2BDZ42JuuBy6RSTzKXt0e8w6llPSl47e2rAHTw=', 2025-09-13 10:46:59.391571, 0, 'hfath', 'hfath@itdc.net', '', '', 1, 0);
INSERT INTO accounts_customuser (id, password, last_login, is_superuser, username, email, first_name, last_name, is_active, is_staff) VALUES (7, 'pbkdf2_sha256$870000$KZU5c4XKe6Cz4mD9W0jAZJ$rsprm6b0Uz2qQXk5wlqYTBKZ99t5ycFJs+QlDLZ+93o=', 2025-09-13 10:47:28.359703, 0, 'foad', 'foad@itdc.net', '', '', 1, 0);
INSERT INTO accounts_customuser (id, password, last_login, is_superuser, username, email, first_name, last_name, is_active, is_staff) VALUES (9, 'pbkdf2_sha256$870000$mRWzXKKAfvrjXh8aFWsR9g$I5fnTx2VnGpkUeY/4SUzjDWHlCnJxIVH79gZKLAGgOg=', 2025-05-08 16:58:09.498324, 1, 'admin1', 'admin1@itdc.net', '', '', 1, 1);
INSERT INTO accounts_customuser (id, password, last_login, is_superuser, username, email, first_name, last_name, is_active, is_staff) VALUES (11, 'pbkdf2_sha256$870000$AqoFLaoO3qqTONmqrm0uar$cAwb/OzaAmIk6g0whhod8LS5a+fiMnMmcIXE9shOCog=', 2025-04-05 10:35:18.050356, 1, 'admin2', 'admin2@itdc.net', '', '', 1, 1);
INSERT INTO accounts_customuser (id, password, last_login, is_superuser, username, email, first_name, last_name, is_active, is_staff) VALUES (12, 'pbkdf2_sha256$870000$ok6RQ8yiPDIqezssGkedNc$ViXG0nLzCK6bsTkIGvlcaBZqBMzDZOS65xqrolWADF0=', 2025-09-17 07:52:29.915758, 0, 'rheyran', 'rheyran@otdc.net', '', '', 1, 0);
INSERT INTO accounts_customuser (id, password, last_login, is_superuser, username, email, first_name, last_name, is_active, is_staff) VALUES (13, 'pbkdf2_sha256$870000$ZxBSp7vRR65xv2QY2VWUxa$RqlC3cwB6JNLtsUvRmFFWwRE/3YoCgiDzM7PwmhqOO4=', 2025-05-22 16:56:20.993470, 0, 'jj', 'jj@itdc.net', '', '', 1, 0);
INSERT INTO accounts_customuser (id, password, last_login, is_superuser, username, email, first_name, last_name, is_active, is_staff) VALUES (14, 'pbkdf2_sha256$870000$6uH4ip6lAlOgJcfrE3YbSM$GEUKqWM4VOwLBOxBSJAL/AwZwDA2YD3hNRypOFpxuKo=', 2025-09-14 07:49:41.245473, 0, 'm.azad', 'mazad@itdc.net', '', '', 1, 0);
INSERT INTO accounts_customuser (id, password, last_login, is_superuser, username, email, first_name, last_name, is_active, is_staff) VALUES (15, 'pbkdf2_sha256$260000$Vn0bP0dGQyH8$TnW7kq9F3pZrQmP2q3s1n1a3v1tq2o4V7hYgFRZ9oQw=', NULL, 0, 'x_user', 'x@example.com', '', '', 1, 0);
INSERT INTO accounts_customuser (id, password, last_login, is_superuser, username, email, first_name, last_name, is_active, is_staff) VALUES (16, 'pbkdf2_sha256$870000$bioyBBhDaMh60Bvy4scA8R$B24lT2BQ7sxtCrQ0XZijUJ+DdPk6+JkT4XUeQXQUbzg=', 2025-09-18 18:51:05.357240, 0, '', 'Financbuss@itdc.net', ' ', ' ', 1, 0);
INSERT INTO accounts_customuser (id, password, last_login, is_superuser, username, email, first_name, last_name, is_active, is_staff) VALUES (17, 'pbkdf2_sha256$870000$tyadr9LfkNqhukcLjuXzGC$yZtulmuHh8Qh+/7ntKapwGXHD5D1fVt9EJIsdX+j6C8=', 2025-09-20 08:24:02.908592, 0, 'kgo', 'kgo@itdc.net', '', ' ', 1, 0);
INSERT INTO accounts_customuser (id, password, last_login, is_superuser, username, email, first_name, last_name, is_active, is_staff) VALUES (18, 'pbkdf2_sha256$870000$S3G7cXoGccVzgoFZYuvy7d$eLYNeeJyAMKWpgM09l9bw2twoXGwLADiSC1770CSjZc=', NULL, 0, '', 'mr.bank@itdc.net', '', '', 1, 0);
INSERT INTO accounts_customuser (id, password, last_login, is_superuser, username, email, first_name, last_name, is_active, is_staff) VALUES (19, 'pbkdf2_sha256$870000$NH1rllGjUutnGgMov6mOHz$fHiNKQJ9gAFJkmM8g7u5fa4EOqbuv1WyVuTIKfSvXf0=', 2025-09-17 14:18:14.671345, 0, 'mr.bank', 'mrbank@itdc.net', '', '', 1, 0);
INSERT INTO accounts_customuser (id, password, last_login, is_superuser, username, email, first_name, last_name, is_active, is_staff) VALUES (20, '', NULL, 0, 'manager___', 'manager___@example.com', '   ', '', 1, 0);
INSERT INTO accounts_customuser (id, password, last_login, is_superuser, username, email, first_name, last_name, is_active, is_staff) VALUES (21, '', NULL, 0, 'accountant___', 'accountant___@example.com', '   ', '', 1, 0);
INSERT INTO accounts_customuser (id, password, last_login, is_superuser, username, email, first_name, last_name, is_active, is_staff) VALUES (22, '', NULL, 0, 'manager___', 'manager___@example.com', '   ', '', 1, 0);
INSERT INTO accounts_customuser (id, password, last_login, is_superuser, username, email, first_name, last_name, is_active, is_staff) VALUES (23, '', NULL, 0, 'accountant___', 'accountant___@example.com', '   ', '', 1, 0);
INSERT INTO accounts_customuser (id, password, last_login, is_superuser, username, email, first_name, last_name, is_active, is_staff) VALUES (24, '', NULL, 0, 'manager___', 'manager___@example.com', '   ', '', 1, 0);
INSERT INTO accounts_customuser (id, password, last_login, is_superuser, username, email, first_name, last_name, is_active, is_staff) VALUES (25, '', NULL, 0, 'accountant___', 'accountant___@example.com', '   ', '', 1, 0);
INSERT INTO accounts_customuser (id, password, last_login, is_superuser, username, email, first_name, last_name, is_active, is_staff) VALUES (26, '', NULL, 0, 'manager___', 'manager___@example.com', '   ', '', 1, 0);
INSERT INTO accounts_customuser (id, password, last_login, is_superuser, username, email, first_name, last_name, is_active, is_staff) VALUES (27, '', NULL, 0, 'accountant___', 'accountant___@example.com', '   ', '', 1, 0);

-- Table: accounts_customuser_groups
CREATE TABLE `accounts_customuser_groups` (
  `id` bigint NOT NULL AUTO_INCREMENT,
  `customuser_id` bigint NOT NULL,
  `mygroup_id` bigint NOT NULL,
  PRIMARY KEY (`id`) USING BTREE,
  KEY `accounts_customuser__customuser_id_bc55088e_fk_accounts_` (`customuser_id`) USING BTREE,
  KEY `accounts_customuser__mygroup_id_e98a3018_fk_accounts_` (`mygroup_id`) USING BTREE,
  CONSTRAINT `accounts_customuser__customuser_id_bc55088e_fk_accounts_` FOREIGN KEY (`customuser_id`) REFERENCES `accounts_customuser` (`id`) ON DELETE RESTRICT ON UPDATE RESTRICT,
  CONSTRAINT `accounts_customuser__mygroup_id_e98a3018_fk_accounts_` FOREIGN KEY (`mygroup_id`) REFERENCES `accounts_mygroups` (`id`) ON DELETE RESTRICT ON UPDATE RESTRICT
) ENGINE=InnoDB AUTO_INCREMENT=29 DEFAULT CHARSET=utf8mb4 COLLATE=utf8mb4_0900_ai_ci ROW_FORMAT=DYNAMIC;

INSERT INTO accounts_customuser_groups (id, customuser_id, mygroup_id) VALUES (2, 3, 2);
INSERT INTO accounts_customuser_groups (id, customuser_id, mygroup_id) VALUES (3, 4, 3);
INSERT INTO accounts_customuser_groups (id, customuser_id, mygroup_id) VALUES (4, 6, 4);
INSERT INTO accounts_customuser_groups (id, customuser_id, mygroup_id) VALUES (10, 5, 7);
INSERT INTO accounts_customuser_groups (id, customuser_id, mygroup_id) VALUES (12, 5, 6);
INSERT INTO accounts_customuser_groups (id, customuser_id, mygroup_id) VALUES (14, 12, 7);
INSERT INTO accounts_customuser_groups (id, customuser_id, mygroup_id) VALUES (15, 2, 1);
INSERT INTO accounts_customuser_groups (id, customuser_id, mygroup_id) VALUES (16, 9, 1);
INSERT INTO accounts_customuser_groups (id, customuser_id, mygroup_id) VALUES (17, 13, 8);
INSERT INTO accounts_customuser_groups (id, customuser_id, mygroup_id) VALUES (18, 14, 2);
INSERT INTO accounts_customuser_groups (id, customuser_id, mygroup_id) VALUES (19, 7, 5);
INSERT INTO accounts_customuser_groups (id, customuser_id, mygroup_id) VALUES (20, 16, 7);
INSERT INTO accounts_customuser_groups (id, customuser_id, mygroup_id) VALUES (22, 16, 9);
INSERT INTO accounts_customuser_groups (id, customuser_id, mygroup_id) VALUES (26, 17, 10);
INSERT INTO accounts_customuser_groups (id, customuser_id, mygroup_id) VALUES (27, 18, 10);
INSERT INTO accounts_customuser_groups (id, customuser_id, mygroup_id) VALUES (28, 19, 10);

-- Table: accounts_customuser_roles
CREATE TABLE `accounts_customuser_roles` (
  `id` int NOT NULL AUTO_INCREMENT,
  `customuser_id` bigint NOT NULL,
  `role_id` bigint NOT NULL,
  PRIMARY KEY (`id`) USING BTREE,
  UNIQUE KEY `accounts_customuser_roles_customuser_id_role_id_4c344b94_uniq` (`customuser_id`,`role_id`) USING BTREE,
  KEY `accounts_customuser_roles_role_id_e0ee129a_fk_accounts_role_id` (`role_id`) USING BTREE,
  CONSTRAINT `accounts_customuser__customuser_id_737b4b7e_fk_accounts_` FOREIGN KEY (`customuser_id`) REFERENCES `accounts_customuser` (`id`) ON DELETE RESTRICT ON UPDATE RESTRICT,
  CONSTRAINT `accounts_customuser_roles_role_id_e0ee129a_fk_accounts_role_id` FOREIGN KEY (`role_id`) REFERENCES `accounts_role` (`id`) ON DELETE RESTRICT ON UPDATE RESTRICT
) ENGINE=InnoDB AUTO_INCREMENT=2 DEFAULT CHARSET=utf8mb4 COLLATE=utf8mb4_0900_ai_ci ROW_FORMAT=DYNAMIC;

INSERT INTO accounts_customuser_roles (id, customuser_id, role_id) VALUES (1, 16, 7);

-- Table: accounts_customuser_user_permissions
CREATE TABLE `accounts_customuser_user_permissions` (
  `id` int NOT NULL AUTO_INCREMENT,
  `customuser_id` bigint NOT NULL,
  `permission_id` int NOT NULL,
  PRIMARY KEY (`id`) USING BTREE,
  UNIQUE KEY `accounts_customuser_user_customuser_id_permission_9632a709_uniq` (`customuser_id`,`permission_id`) USING BTREE,
  KEY `accounts_customuser__permission_id_aea3d0e5_fk_auth_perm` (`permission_id`) USING BTREE,
  CONSTRAINT `accounts_customuser__customuser_id_0deaefae_fk_accounts_` FOREIGN KEY (`customuser_id`) REFERENCES `accounts_customuser` (`id`) ON DELETE RESTRICT ON UPDATE RESTRICT,
  CONSTRAINT `accounts_customuser__permission_id_aea3d0e5_fk_auth_perm` FOREIGN KEY (`permission_id`) REFERENCES `auth_permission` (`id`) ON DELETE RESTRICT ON UPDATE RESTRICT
) ENGINE=InnoDB AUTO_INCREMENT=448 DEFAULT CHARSET=utf8mb4 COLLATE=utf8mb4_0900_ai_ci ROW_FORMAT=DYNAMIC;

INSERT INTO accounts_customuser_user_permissions (id, customuser_id, permission_id) VALUES (1, 2, 1);
INSERT INTO accounts_customuser_user_permissions (id, customuser_id, permission_id) VALUES (2, 2, 2);
INSERT INTO accounts_customuser_user_permissions (id, customuser_id, permission_id) VALUES (3, 2, 3);
INSERT INTO accounts_customuser_user_permissions (id, customuser_id, permission_id) VALUES (4, 2, 4);
INSERT INTO accounts_customuser_user_permissions (id, customuser_id, permission_id) VALUES (5, 2, 5);
INSERT INTO accounts_customuser_user_permissions (id, customuser_id, permission_id) VALUES (6, 2, 6);
INSERT INTO accounts_customuser_user_permissions (id, customuser_id, permission_id) VALUES (7, 2, 7);
INSERT INTO accounts_customuser_user_permissions (id, customuser_id, permission_id) VALUES (8, 2, 8);
INSERT INTO accounts_customuser_user_permissions (id, customuser_id, permission_id) VALUES (9, 2, 9);
INSERT INTO accounts_customuser_user_permissions (id, customuser_id, permission_id) VALUES (10, 2, 10);
INSERT INTO accounts_customuser_user_permissions (id, customuser_id, permission_id) VALUES (11, 2, 11);
INSERT INTO accounts_customuser_user_permissions (id, customuser_id, permission_id) VALUES (12, 2, 12);
INSERT INTO accounts_customuser_user_permissions (id, customuser_id, permission_id) VALUES (13, 2, 13);
INSERT INTO accounts_customuser_user_permissions (id, customuser_id, permission_id) VALUES (14, 2, 14);
INSERT INTO accounts_customuser_user_permissions (id, customuser_id, permission_id) VALUES (15, 2, 15);
INSERT INTO accounts_customuser_user_permissions (id, customuser_id, permission_id) VALUES (16, 2, 16);
INSERT INTO accounts_customuser_user_permissions (id, customuser_id, permission_id) VALUES (17, 2, 17);
INSERT INTO accounts_customuser_user_permissions (id, customuser_id, permission_id) VALUES (18, 2, 18);
INSERT INTO accounts_customuser_user_permissions (id, customuser_id, permission_id) VALUES (19, 2, 19);
INSERT INTO accounts_customuser_user_permissions (id, customuser_id, permission_id) VALUES (20, 2, 20);
INSERT INTO accounts_customuser_user_permissions (id, customuser_id, permission_id) VALUES (21, 2, 21);
INSERT INTO accounts_customuser_user_permissions (id, customuser_id, permission_id) VALUES (22, 2, 22);
INSERT INTO accounts_customuser_user_permissions (id, customuser_id, permission_id) VALUES (23, 2, 23);
INSERT INTO accounts_customuser_user_permissions (id, customuser_id, permission_id) VALUES (24, 2, 24);
INSERT INTO accounts_customuser_user_permissions (id, customuser_id, permission_id) VALUES (25, 2, 25);
INSERT INTO accounts_customuser_user_permissions (id, customuser_id, permission_id) VALUES (26, 2, 26);
INSERT INTO accounts_customuser_user_permissions (id, customuser_id, permission_id) VALUES (27, 2, 27);
INSERT INTO accounts_customuser_user_permissions (id, customuser_id, permission_id) VALUES (28, 2, 28);
INSERT INTO accounts_customuser_user_permissions (id, customuser_id, permission_id) VALUES (29, 2, 29);
INSERT INTO accounts_customuser_user_permissions (id, customuser_id, permission_id) VALUES (30, 2, 30);
INSERT INTO accounts_customuser_user_permissions (id, customuser_id, permission_id) VALUES (31, 2, 31);
INSERT INTO accounts_customuser_user_permissions (id, customuser_id, permission_id) VALUES (32, 2, 32);
INSERT INTO accounts_customuser_user_permissions (id, customuser_id, permission_id) VALUES (33, 2, 33);
INSERT INTO accounts_customuser_user_permissions (id, customuser_id, permission_id) VALUES (34, 2, 34);
INSERT INTO accounts_customuser_user_permissions (id, customuser_id, permission_id) VALUES (35, 2, 35);
INSERT INTO accounts_customuser_user_permissions (id, customuser_id, permission_id) VALUES (36, 2, 36);
INSERT INTO accounts_customuser_user_permissions (id, customuser_id, permission_id) VALUES (37, 2, 37);
INSERT INTO accounts_customuser_user_permissions (id, customuser_id, permission_id) VALUES (38, 2, 38);
INSERT INTO accounts_customuser_user_permissions (id, customuser_id, permission_id) VALUES (39, 2, 39);
INSERT INTO accounts_customuser_user_permissions (id, customuser_id, permission_id) VALUES (40, 2, 40);
INSERT INTO accounts_customuser_user_permissions (id, customuser_id, permission_id) VALUES (41, 2, 41);
INSERT INTO accounts_customuser_user_permissions (id, customuser_id, permission_id) VALUES (42, 2, 42);
INSERT INTO accounts_customuser_user_permissions (id, customuser_id, permission_id) VALUES (43, 2, 43);
INSERT INTO accounts_customuser_user_permissions (id, customuser_id, permission_id) VALUES (44, 2, 44);
INSERT INTO accounts_customuser_user_permissions (id, customuser_id, permission_id) VALUES (45, 2, 45);
INSERT INTO accounts_customuser_user_permissions (id, customuser_id, permission_id) VALUES (46, 2, 46);
INSERT INTO accounts_customuser_user_permissions (id, customuser_id, permission_id) VALUES (47, 2, 47);
INSERT INTO accounts_customuser_user_permissions (id, customuser_id, permission_id) VALUES (48, 2, 48);
INSERT INTO accounts_customuser_user_permissions (id, customuser_id, permission_id) VALUES (49, 2, 49);
INSERT INTO accounts_customuser_user_permissions (id, customuser_id, permission_id) VALUES (50, 2, 50);
INSERT INTO accounts_customuser_user_permissions (id, customuser_id, permission_id) VALUES (51, 2, 51);
INSERT INTO accounts_customuser_user_permissions (id, customuser_id, permission_id) VALUES (52, 2, 52);
INSERT INTO accounts_customuser_user_permissions (id, customuser_id, permission_id) VALUES (53, 2, 53);
INSERT INTO accounts_customuser_user_permissions (id, customuser_id, permission_id) VALUES (54, 2, 54);
INSERT INTO accounts_customuser_user_permissions (id, customuser_id, permission_id) VALUES (55, 2, 55);
INSERT INTO accounts_customuser_user_permissions (id, customuser_id, permission_id) VALUES (56, 2, 56);
INSERT INTO accounts_customuser_user_permissions (id, customuser_id, permission_id) VALUES (57, 2, 57);
INSERT INTO accounts_customuser_user_permissions (id, customuser_id, permission_id) VALUES (58, 2, 58);
INSERT INTO accounts_customuser_user_permissions (id, customuser_id, permission_id) VALUES (59, 2, 59);
INSERT INTO accounts_customuser_user_permissions (id, customuser_id, permission_id) VALUES (60, 2, 60);
INSERT INTO accounts_customuser_user_permissions (id, customuser_id, permission_id) VALUES (61, 2, 61);
INSERT INTO accounts_customuser_user_permissions (id, customuser_id, permission_id) VALUES (62, 2, 62);
INSERT INTO accounts_customuser_user_permissions (id, customuser_id, permission_id) VALUES (63, 2, 63);
INSERT INTO accounts_customuser_user_permissions (id, customuser_id, permission_id) VALUES (64, 2, 64);
INSERT INTO accounts_customuser_user_permissions (id, customuser_id, permission_id) VALUES (65, 2, 65);
INSERT INTO accounts_customuser_user_permissions (id, customuser_id, permission_id) VALUES (66, 2, 66);
INSERT INTO accounts_customuser_user_permissions (id, customuser_id, permission_id) VALUES (67, 2, 67);
INSERT INTO accounts_customuser_user_permissions (id, customuser_id, permission_id) VALUES (68, 2, 68);
INSERT INTO accounts_customuser_user_permissions (id, customuser_id, permission_id) VALUES (69, 2, 69);
INSERT INTO accounts_customuser_user_permissions (id, customuser_id, permission_id) VALUES (70, 2, 70);
INSERT INTO accounts_customuser_user_permissions (id, customuser_id, permission_id) VALUES (71, 2, 71);
INSERT INTO accounts_customuser_user_permissions (id, customuser_id, permission_id) VALUES (72, 2, 72);
INSERT INTO accounts_customuser_user_permissions (id, customuser_id, permission_id) VALUES (73, 2, 73);
INSERT INTO accounts_customuser_user_permissions (id, customuser_id, permission_id) VALUES (74, 2, 74);
INSERT INTO accounts_customuser_user_permissions (id, customuser_id, permission_id) VALUES (75, 2, 75);
INSERT INTO accounts_customuser_user_permissions (id, customuser_id, permission_id) VALUES (76, 2, 76);
INSERT INTO accounts_customuser_user_permissions (id, customuser_id, permission_id) VALUES (77, 2, 77);
INSERT INTO accounts_customuser_user_permissions (id, customuser_id, permission_id) VALUES (78, 2, 78);
INSERT INTO accounts_customuser_user_permissions (id, customuser_id, permission_id) VALUES (79, 2, 79);
INSERT INTO accounts_customuser_user_permissions (id, customuser_id, permission_id) VALUES (80, 2, 80);
INSERT INTO accounts_customuser_user_permissions (id, customuser_id, permission_id) VALUES (81, 2, 81);
INSERT INTO accounts_customuser_user_permissions (id, customuser_id, permission_id) VALUES (82, 2, 82);
INSERT INTO accounts_customuser_user_permissions (id, customuser_id, permission_id) VALUES (83, 2, 83);
INSERT INTO accounts_customuser_user_permissions (id, customuser_id, permission_id) VALUES (84, 2, 84);
INSERT INTO accounts_customuser_user_permissions (id, customuser_id, permission_id) VALUES (85, 2, 85);
INSERT INTO accounts_customuser_user_permissions (id, customuser_id, permission_id) VALUES (86, 2, 86);
INSERT INTO accounts_customuser_user_permissions (id, customuser_id, permission_id) VALUES (87, 2, 87);
INSERT INTO accounts_customuser_user_permissions (id, customuser_id, permission_id) VALUES (88, 2, 88);
INSERT INTO accounts_customuser_user_permissions (id, customuser_id, permission_id) VALUES (89, 2, 89);
INSERT INTO accounts_customuser_user_permissions (id, customuser_id, permission_id) VALUES (90, 2, 90);
INSERT INTO accounts_customuser_user_permissions (id, customuser_id, permission_id) VALUES (91, 2, 91);
INSERT INTO accounts_customuser_user_permissions (id, customuser_id, permission_id) VALUES (92, 2, 92);
INSERT INTO accounts_customuser_user_permissions (id, customuser_id, permission_id) VALUES (93, 2, 93);
INSERT INTO accounts_customuser_user_permissions (id, customuser_id, permission_id) VALUES (94, 2, 94);
INSERT INTO accounts_customuser_user_permissions (id, customuser_id, permission_id) VALUES (95, 2, 95);
INSERT INTO accounts_customuser_user_permissions (id, customuser_id, permission_id) VALUES (96, 2, 96);
INSERT INTO accounts_customuser_user_permissions (id, customuser_id, permission_id) VALUES (97, 2, 97);
INSERT INTO accounts_customuser_user_permissions (id, customuser_id, permission_id) VALUES (98, 2, 98);
INSERT INTO accounts_customuser_user_permissions (id, customuser_id, permission_id) VALUES (99, 2, 99);
INSERT INTO accounts_customuser_user_permissions (id, customuser_id, permission_id) VALUES (100, 2, 100);
INSERT INTO accounts_customuser_user_permissions (id, customuser_id, permission_id) VALUES (101, 2, 101);
INSERT INTO accounts_customuser_user_permissions (id, customuser_id, permission_id) VALUES (102, 2, 102);
INSERT INTO accounts_customuser_user_permissions (id, customuser_id, permission_id) VALUES (103, 2, 103);
INSERT INTO accounts_customuser_user_permissions (id, customuser_id, permission_id) VALUES (104, 2, 104);
INSERT INTO accounts_customuser_user_permissions (id, customuser_id, permission_id) VALUES (105, 2, 105);
INSERT INTO accounts_customuser_user_permissions (id, customuser_id, permission_id) VALUES (106, 2, 106);
INSERT INTO accounts_customuser_user_permissions (id, customuser_id, permission_id) VALUES (107, 2, 107);
INSERT INTO accounts_customuser_user_permissions (id, customuser_id, permission_id) VALUES (108, 2, 108);
INSERT INTO accounts_customuser_user_permissions (id, customuser_id, permission_id) VALUES (109, 2, 109);
INSERT INTO accounts_customuser_user_permissions (id, customuser_id, permission_id) VALUES (110, 2, 110);
INSERT INTO accounts_customuser_user_permissions (id, customuser_id, permission_id) VALUES (111, 2, 111);
INSERT INTO accounts_customuser_user_permissions (id, customuser_id, permission_id) VALUES (112, 2, 112);
INSERT INTO accounts_customuser_user_permissions (id, customuser_id, permission_id) VALUES (113, 2, 113);
INSERT INTO accounts_customuser_user_permissions (id, customuser_id, permission_id) VALUES (114, 2, 114);
INSERT INTO accounts_customuser_user_permissions (id, customuser_id, permission_id) VALUES (115, 2, 115);
INSERT INTO accounts_customuser_user_permissions (id, customuser_id, permission_id) VALUES (116, 2, 116);
INSERT INTO accounts_customuser_user_permissions (id, customuser_id, permission_id) VALUES (117, 2, 117);
INSERT INTO accounts_customuser_user_permissions (id, customuser_id, permission_id) VALUES (118, 2, 118);
INSERT INTO accounts_customuser_user_permissions (id, customuser_id, permission_id) VALUES (119, 2, 119);
INSERT INTO accounts_customuser_user_permissions (id, customuser_id, permission_id) VALUES (120, 2, 120);
INSERT INTO accounts_customuser_user_permissions (id, customuser_id, permission_id) VALUES (121, 2, 121);
INSERT INTO accounts_customuser_user_permissions (id, customuser_id, permission_id) VALUES (122, 2, 122);
INSERT INTO accounts_customuser_user_permissions (id, customuser_id, permission_id) VALUES (123, 2, 123);
INSERT INTO accounts_customuser_user_permissions (id, customuser_id, permission_id) VALUES (124, 2, 124);
INSERT INTO accounts_customuser_user_permissions (id, customuser_id, permission_id) VALUES (125, 2, 125);
INSERT INTO accounts_customuser_user_permissions (id, customuser_id, permission_id) VALUES (126, 2, 126);
INSERT INTO accounts_customuser_user_permissions (id, customuser_id, permission_id) VALUES (127, 2, 127);
INSERT INTO accounts_customuser_user_permissions (id, customuser_id, permission_id) VALUES (128, 2, 128);
INSERT INTO accounts_customuser_user_permissions (id, customuser_id, permission_id) VALUES (129, 2, 129);
INSERT INTO accounts_customuser_user_permissions (id, customuser_id, permission_id) VALUES (130, 2, 130);
INSERT INTO accounts_customuser_user_permissions (id, customuser_id, permission_id) VALUES (131, 2, 131);
INSERT INTO accounts_customuser_user_permissions (id, customuser_id, permission_id) VALUES (132, 2, 132);
INSERT INTO accounts_customuser_user_permissions (id, customuser_id, permission_id) VALUES (133, 2, 133);
INSERT INTO accounts_customuser_user_permissions (id, customuser_id, permission_id) VALUES (134, 2, 134);
INSERT INTO accounts_customuser_user_permissions (id, customuser_id, permission_id) VALUES (135, 2, 135);
INSERT INTO accounts_customuser_user_permissions (id, customuser_id, permission_id) VALUES (136, 2, 136);
INSERT INTO accounts_customuser_user_permissions (id, customuser_id, permission_id) VALUES (137, 2, 137);
INSERT INTO accounts_customuser_user_permissions (id, customuser_id, permission_id) VALUES (138, 2, 138);
INSERT INTO accounts_customuser_user_permissions (id, customuser_id, permission_id) VALUES (139, 2, 139);
INSERT INTO accounts_customuser_user_permissions (id, customuser_id, permission_id) VALUES (140, 2, 140);
INSERT INTO accounts_customuser_user_permissions (id, customuser_id, permission_id) VALUES (141, 2, 141);
INSERT INTO accounts_customuser_user_permissions (id, customuser_id, permission_id) VALUES (142, 2, 142);
INSERT INTO accounts_customuser_user_permissions (id, customuser_id, permission_id) VALUES (143, 2, 143);
INSERT INTO accounts_customuser_user_permissions (id, customuser_id, permission_id) VALUES (144, 2, 144);
INSERT INTO accounts_customuser_user_permissions (id, customuser_id, permission_id) VALUES (145, 2, 145);
INSERT INTO accounts_customuser_user_permissions (id, customuser_id, permission_id) VALUES (146, 2, 146);
INSERT INTO accounts_customuser_user_permissions (id, customuser_id, permission_id) VALUES (147, 2, 147);
INSERT INTO accounts_customuser_user_permissions (id, customuser_id, permission_id) VALUES (148, 2, 148);
INSERT INTO accounts_customuser_user_permissions (id, customuser_id, permission_id) VALUES (149, 2, 149);
INSERT INTO accounts_customuser_user_permissions (id, customuser_id, permission_id) VALUES (150, 2, 150);
INSERT INTO accounts_customuser_user_permissions (id, customuser_id, permission_id) VALUES (151, 2, 151);
INSERT INTO accounts_customuser_user_permissions (id, customuser_id, permission_id) VALUES (152, 2, 152);
INSERT INTO accounts_customuser_user_permissions (id, customuser_id, permission_id) VALUES (153, 2, 153);
INSERT INTO accounts_customuser_user_permissions (id, customuser_id, permission_id) VALUES (154, 2, 154);
INSERT INTO accounts_customuser_user_permissions (id, customuser_id, permission_id) VALUES (155, 2, 155);
INSERT INTO accounts_customuser_user_permissions (id, customuser_id, permission_id) VALUES (156, 2, 156);
INSERT INTO accounts_customuser_user_permissions (id, customuser_id, permission_id) VALUES (157, 2, 157);
INSERT INTO accounts_customuser_user_permissions (id, customuser_id, permission_id) VALUES (158, 2, 158);
INSERT INTO accounts_customuser_user_permissions (id, customuser_id, permission_id) VALUES (159, 2, 159);
INSERT INTO accounts_customuser_user_permissions (id, customuser_id, permission_id) VALUES (160, 2, 160);
INSERT INTO accounts_customuser_user_permissions (id, customuser_id, permission_id) VALUES (161, 2, 161);
INSERT INTO accounts_customuser_user_permissions (id, customuser_id, permission_id) VALUES (162, 2, 162);
INSERT INTO accounts_customuser_user_permissions (id, customuser_id, permission_id) VALUES (163, 2, 163);
INSERT INTO accounts_customuser_user_permissions (id, customuser_id, permission_id) VALUES (164, 2, 164);
INSERT INTO accounts_customuser_user_permissions (id, customuser_id, permission_id) VALUES (165, 2, 165);
INSERT INTO accounts_customuser_user_permissions (id, customuser_id, permission_id) VALUES (166, 2, 166);
INSERT INTO accounts_customuser_user_permissions (id, customuser_id, permission_id) VALUES (167, 2, 167);
INSERT INTO accounts_customuser_user_permissions (id, customuser_id, permission_id) VALUES (168, 2, 168);
INSERT INTO accounts_customuser_user_permissions (id, customuser_id, permission_id) VALUES (337, 2, 169);
INSERT INTO accounts_customuser_user_permissions (id, customuser_id, permission_id) VALUES (338, 2, 170);
INSERT INTO accounts_customuser_user_permissions (id, customuser_id, permission_id) VALUES (339, 2, 171);
INSERT INTO accounts_customuser_user_permissions (id, customuser_id, permission_id) VALUES (340, 2, 172);
INSERT INTO accounts_customuser_user_permissions (id, customuser_id, permission_id) VALUES (341, 2, 173);
INSERT INTO accounts_customuser_user_permissions (id, customuser_id, permission_id) VALUES (342, 2, 174);
INSERT INTO accounts_customuser_user_permissions (id, customuser_id, permission_id) VALUES (343, 2, 175);
INSERT INTO accounts_customuser_user_permissions (id, customuser_id, permission_id) VALUES (344, 2, 176);
INSERT INTO accounts_customuser_user_permissions (id, customuser_id, permission_id) VALUES (345, 2, 177);
INSERT INTO accounts_customuser_user_permissions (id, customuser_id, permission_id) VALUES (346, 2, 178);
INSERT INTO accounts_customuser_user_permissions (id, customuser_id, permission_id) VALUES (347, 2, 179);
INSERT INTO accounts_customuser_user_permissions (id, customuser_id, permission_id) VALUES (348, 2, 180);
INSERT INTO accounts_customuser_user_permissions (id, customuser_id, permission_id) VALUES (349, 2, 181);
INSERT INTO accounts_customuser_user_permissions (id, customuser_id, permission_id) VALUES (350, 2, 182);
INSERT INTO accounts_customuser_user_permissions (id, customuser_id, permission_id) VALUES (351, 2, 183);
INSERT INTO accounts_customuser_user_permissions (id, customuser_id, permission_id) VALUES (352, 2, 184);
INSERT INTO accounts_customuser_user_permissions (id, customuser_id, permission_id) VALUES (353, 2, 185);
INSERT INTO accounts_customuser_user_permissions (id, customuser_id, permission_id) VALUES (354, 2, 186);
INSERT INTO accounts_customuser_user_permissions (id, customuser_id, permission_id) VALUES (355, 2, 187);
INSERT INTO accounts_customuser_user_permissions (id, customuser_id, permission_id) VALUES (356, 2, 188);
INSERT INTO accounts_customuser_user_permissions (id, customuser_id, permission_id) VALUES (357, 2, 189);
INSERT INTO accounts_customuser_user_permissions (id, customuser_id, permission_id) VALUES (358, 2, 190);
INSERT INTO accounts_customuser_user_permissions (id, customuser_id, permission_id) VALUES (359, 2, 191);
INSERT INTO accounts_customuser_user_permissions (id, customuser_id, permission_id) VALUES (360, 2, 192);
INSERT INTO accounts_customuser_user_permissions (id, customuser_id, permission_id) VALUES (361, 2, 193);
INSERT INTO accounts_customuser_user_permissions (id, customuser_id, permission_id) VALUES (362, 2, 194);
INSERT INTO accounts_customuser_user_permissions (id, customuser_id, permission_id) VALUES (363, 2, 195);
INSERT INTO accounts_customuser_user_permissions (id, customuser_id, permission_id) VALUES (364, 2, 196);
INSERT INTO accounts_customuser_user_permissions (id, customuser_id, permission_id) VALUES (365, 2, 197);
INSERT INTO accounts_customuser_user_permissions (id, customuser_id, permission_id) VALUES (366, 2, 198);
INSERT INTO accounts_customuser_user_permissions (id, customuser_id, permission_id) VALUES (367, 2, 199);
INSERT INTO accounts_customuser_user_permissions (id, customuser_id, permission_id) VALUES (368, 2, 200);
INSERT INTO accounts_customuser_user_permissions (id, customuser_id, permission_id) VALUES (369, 2, 201);
INSERT INTO accounts_customuser_user_permissions (id, customuser_id, permission_id) VALUES (370, 2, 202);
INSERT INTO accounts_customuser_user_permissions (id, customuser_id, permission_id) VALUES (371, 2, 203);
INSERT INTO accounts_customuser_user_permissions (id, customuser_id, permission_id) VALUES (372, 2, 204);
INSERT INTO accounts_customuser_user_permissions (id, customuser_id, permission_id) VALUES (373, 2, 205);
INSERT INTO accounts_customuser_user_permissions (id, customuser_id, permission_id) VALUES (374, 2, 206);
INSERT INTO accounts_customuser_user_permissions (id, customuser_id, permission_id) VALUES (375, 2, 207);
INSERT INTO accounts_customuser_user_permissions (id, customuser_id, permission_id) VALUES (376, 2, 208);
INSERT INTO accounts_customuser_user_permissions (id, customuser_id, permission_id) VALUES (377, 2, 209);
INSERT INTO accounts_customuser_user_permissions (id, customuser_id, permission_id) VALUES (378, 2, 210);
INSERT INTO accounts_customuser_user_permissions (id, customuser_id, permission_id) VALUES (379, 2, 211);
INSERT INTO accounts_customuser_user_permissions (id, customuser_id, permission_id) VALUES (380, 2, 212);
INSERT INTO accounts_customuser_user_permissions (id, customuser_id, permission_id) VALUES (381, 2, 213);
INSERT INTO accounts_customuser_user_permissions (id, customuser_id, permission_id) VALUES (382, 2, 214);
INSERT INTO accounts_customuser_user_permissions (id, customuser_id, permission_id) VALUES (383, 2, 215);
INSERT INTO accounts_customuser_user_permissions (id, customuser_id, permission_id) VALUES (384, 2, 216);
INSERT INTO accounts_customuser_user_permissions (id, customuser_id, permission_id) VALUES (385, 2, 217);
INSERT INTO accounts_customuser_user_permissions (id, customuser_id, permission_id) VALUES (386, 2, 218);
INSERT INTO accounts_customuser_user_permissions (id, customuser_id, permission_id) VALUES (387, 2, 219);
INSERT INTO accounts_customuser_user_permissions (id, customuser_id, permission_id) VALUES (388, 2, 220);
INSERT INTO accounts_customuser_user_permissions (id, customuser_id, permission_id) VALUES (389, 2, 221);
INSERT INTO accounts_customuser_user_permissions (id, customuser_id, permission_id) VALUES (390, 2, 222);
INSERT INTO accounts_customuser_user_permissions (id, customuser_id, permission_id) VALUES (169, 9, 1);
INSERT INTO accounts_customuser_user_permissions (id, customuser_id, permission_id) VALUES (170, 9, 2);
INSERT INTO accounts_customuser_user_permissions (id, customuser_id, permission_id) VALUES (171, 9, 3);
INSERT INTO accounts_customuser_user_permissions (id, customuser_id, permission_id) VALUES (172, 9, 4);
INSERT INTO accounts_customuser_user_permissions (id, customuser_id, permission_id) VALUES (173, 9, 5);
INSERT INTO accounts_customuser_user_permissions (id, customuser_id, permission_id) VALUES (174, 9, 6);
INSERT INTO accounts_customuser_user_permissions (id, customuser_id, permission_id) VALUES (175, 9, 7);
INSERT INTO accounts_customuser_user_permissions (id, customuser_id, permission_id) VALUES (176, 9, 8);
INSERT INTO accounts_customuser_user_permissions (id, customuser_id, permission_id) VALUES (177, 9, 9);
INSERT INTO accounts_customuser_user_permissions (id, customuser_id, permission_id) VALUES (178, 9, 10);
INSERT INTO accounts_customuser_user_permissions (id, customuser_id, permission_id) VALUES (179, 9, 11);
INSERT INTO accounts_customuser_user_permissions (id, customuser_id, permission_id) VALUES (180, 9, 12);
INSERT INTO accounts_customuser_user_permissions (id, customuser_id, permission_id) VALUES (181, 9, 13);
INSERT INTO accounts_customuser_user_permissions (id, customuser_id, permission_id) VALUES (182, 9, 14);
INSERT INTO accounts_customuser_user_permissions (id, customuser_id, permission_id) VALUES (183, 9, 15);
INSERT INTO accounts_customuser_user_permissions (id, customuser_id, permission_id) VALUES (184, 9, 16);
INSERT INTO accounts_customuser_user_permissions (id, customuser_id, permission_id) VALUES (185, 9, 17);
INSERT INTO accounts_customuser_user_permissions (id, customuser_id, permission_id) VALUES (186, 9, 18);
INSERT INTO accounts_customuser_user_permissions (id, customuser_id, permission_id) VALUES (187, 9, 19);
INSERT INTO accounts_customuser_user_permissions (id, customuser_id, permission_id) VALUES (188, 9, 20);
INSERT INTO accounts_customuser_user_permissions (id, customuser_id, permission_id) VALUES (189, 9, 21);
INSERT INTO accounts_customuser_user_permissions (id, customuser_id, permission_id) VALUES (190, 9, 22);
INSERT INTO accounts_customuser_user_permissions (id, customuser_id, permission_id) VALUES (191, 9, 23);
INSERT INTO accounts_customuser_user_permissions (id, customuser_id, permission_id) VALUES (192, 9, 24);
INSERT INTO accounts_customuser_user_permissions (id, customuser_id, permission_id) VALUES (193, 9, 25);
INSERT INTO accounts_customuser_user_permissions (id, customuser_id, permission_id) VALUES (194, 9, 26);
INSERT INTO accounts_customuser_user_permissions (id, customuser_id, permission_id) VALUES (195, 9, 27);
INSERT INTO accounts_customuser_user_permissions (id, customuser_id, permission_id) VALUES (196, 9, 28);
INSERT INTO accounts_customuser_user_permissions (id, customuser_id, permission_id) VALUES (197, 9, 29);
INSERT INTO accounts_customuser_user_permissions (id, customuser_id, permission_id) VALUES (198, 9, 30);
INSERT INTO accounts_customuser_user_permissions (id, customuser_id, permission_id) VALUES (199, 9, 31);
INSERT INTO accounts_customuser_user_permissions (id, customuser_id, permission_id) VALUES (200, 9, 32);
INSERT INTO accounts_customuser_user_permissions (id, customuser_id, permission_id) VALUES (201, 9, 33);
INSERT INTO accounts_customuser_user_permissions (id, customuser_id, permission_id) VALUES (202, 9, 34);
INSERT INTO accounts_customuser_user_permissions (id, customuser_id, permission_id) VALUES (203, 9, 35);
INSERT INTO accounts_customuser_user_permissions (id, customuser_id, permission_id) VALUES (204, 9, 36);
INSERT INTO accounts_customuser_user_permissions (id, customuser_id, permission_id) VALUES (205, 9, 37);
INSERT INTO accounts_customuser_user_permissions (id, customuser_id, permission_id) VALUES (206, 9, 38);
INSERT INTO accounts_customuser_user_permissions (id, customuser_id, permission_id) VALUES (207, 9, 39);
INSERT INTO accounts_customuser_user_permissions (id, customuser_id, permission_id) VALUES (208, 9, 40);
INSERT INTO accounts_customuser_user_permissions (id, customuser_id, permission_id) VALUES (209, 9, 41);
INSERT INTO accounts_customuser_user_permissions (id, customuser_id, permission_id) VALUES (210, 9, 42);
INSERT INTO accounts_customuser_user_permissions (id, customuser_id, permission_id) VALUES (211, 9, 43);
INSERT INTO accounts_customuser_user_permissions (id, customuser_id, permission_id) VALUES (212, 9, 44);
INSERT INTO accounts_customuser_user_permissions (id, customuser_id, permission_id) VALUES (213, 9, 45);
INSERT INTO accounts_customuser_user_permissions (id, customuser_id, permission_id) VALUES (214, 9, 46);
INSERT INTO accounts_customuser_user_permissions (id, customuser_id, permission_id) VALUES (215, 9, 47);
INSERT INTO accounts_customuser_user_permissions (id, customuser_id, permission_id) VALUES (216, 9, 48);
INSERT INTO accounts_customuser_user_permissions (id, customuser_id, permission_id) VALUES (217, 9, 49);
INSERT INTO accounts_customuser_user_permissions (id, customuser_id, permission_id) VALUES (218, 9, 50);
INSERT INTO accounts_customuser_user_permissions (id, customuser_id, permission_id) VALUES (219, 9, 51);
INSERT INTO accounts_customuser_user_permissions (id, customuser_id, permission_id) VALUES (220, 9, 52);
INSERT INTO accounts_customuser_user_permissions (id, customuser_id, permission_id) VALUES (221, 9, 53);
INSERT INTO accounts_customuser_user_permissions (id, customuser_id, permission_id) VALUES (222, 9, 54);
INSERT INTO accounts_customuser_user_permissions (id, customuser_id, permission_id) VALUES (223, 9, 55);
INSERT INTO accounts_customuser_user_permissions (id, customuser_id, permission_id) VALUES (224, 9, 56);
INSERT INTO accounts_customuser_user_permissions (id, customuser_id, permission_id) VALUES (225, 9, 57);
INSERT INTO accounts_customuser_user_permissions (id, customuser_id, permission_id) VALUES (226, 9, 58);
INSERT INTO accounts_customuser_user_permissions (id, customuser_id, permission_id) VALUES (227, 9, 59);
INSERT INTO accounts_customuser_user_permissions (id, customuser_id, permission_id) VALUES (228, 9, 60);
INSERT INTO accounts_customuser_user_permissions (id, customuser_id, permission_id) VALUES (229, 9, 61);
INSERT INTO accounts_customuser_user_permissions (id, customuser_id, permission_id) VALUES (230, 9, 62);
INSERT INTO accounts_customuser_user_permissions (id, customuser_id, permission_id) VALUES (231, 9, 63);
INSERT INTO accounts_customuser_user_permissions (id, customuser_id, permission_id) VALUES (232, 9, 64);
INSERT INTO accounts_customuser_user_permissions (id, customuser_id, permission_id) VALUES (233, 9, 65);
INSERT INTO accounts_customuser_user_permissions (id, customuser_id, permission_id) VALUES (234, 9, 66);
INSERT INTO accounts_customuser_user_permissions (id, customuser_id, permission_id) VALUES (235, 9, 67);
INSERT INTO accounts_customuser_user_permissions (id, customuser_id, permission_id) VALUES (236, 9, 68);
INSERT INTO accounts_customuser_user_permissions (id, customuser_id, permission_id) VALUES (237, 9, 69);
INSERT INTO accounts_customuser_user_permissions (id, customuser_id, permission_id) VALUES (238, 9, 70);
INSERT INTO accounts_customuser_user_permissions (id, customuser_id, permission_id) VALUES (239, 9, 71);
INSERT INTO accounts_customuser_user_permissions (id, customuser_id, permission_id) VALUES (240, 9, 72);
INSERT INTO accounts_customuser_user_permissions (id, customuser_id, permission_id) VALUES (241, 9, 73);
INSERT INTO accounts_customuser_user_permissions (id, customuser_id, permission_id) VALUES (242, 9, 74);
INSERT INTO accounts_customuser_user_permissions (id, customuser_id, permission_id) VALUES (243, 9, 75);
INSERT INTO accounts_customuser_user_permissions (id, customuser_id, permission_id) VALUES (244, 9, 76);
INSERT INTO accounts_customuser_user_permissions (id, customuser_id, permission_id) VALUES (245, 9, 77);
INSERT INTO accounts_customuser_user_permissions (id, customuser_id, permission_id) VALUES (246, 9, 78);
INSERT INTO accounts_customuser_user_permissions (id, customuser_id, permission_id) VALUES (247, 9, 79);
INSERT INTO accounts_customuser_user_permissions (id, customuser_id, permission_id) VALUES (248, 9, 80);
INSERT INTO accounts_customuser_user_permissions (id, customuser_id, permission_id) VALUES (249, 9, 81);
INSERT INTO accounts_customuser_user_permissions (id, customuser_id, permission_id) VALUES (250, 9, 82);
INSERT INTO accounts_customuser_user_permissions (id, customuser_id, permission_id) VALUES (251, 9, 83);
INSERT INTO accounts_customuser_user_permissions (id, customuser_id, permission_id) VALUES (252, 9, 84);
INSERT INTO accounts_customuser_user_permissions (id, customuser_id, permission_id) VALUES (253, 9, 85);
INSERT INTO accounts_customuser_user_permissions (id, customuser_id, permission_id) VALUES (254, 9, 86);
INSERT INTO accounts_customuser_user_permissions (id, customuser_id, permission_id) VALUES (255, 9, 87);
INSERT INTO accounts_customuser_user_permissions (id, customuser_id, permission_id) VALUES (256, 9, 88);
INSERT INTO accounts_customuser_user_permissions (id, customuser_id, permission_id) VALUES (257, 9, 89);
INSERT INTO accounts_customuser_user_permissions (id, customuser_id, permission_id) VALUES (258, 9, 90);
INSERT INTO accounts_customuser_user_permissions (id, customuser_id, permission_id) VALUES (259, 9, 91);
INSERT INTO accounts_customuser_user_permissions (id, customuser_id, permission_id) VALUES (260, 9, 92);
INSERT INTO accounts_customuser_user_permissions (id, customuser_id, permission_id) VALUES (261, 9, 93);
INSERT INTO accounts_customuser_user_permissions (id, customuser_id, permission_id) VALUES (262, 9, 94);
INSERT INTO accounts_customuser_user_permissions (id, customuser_id, permission_id) VALUES (263, 9, 95);
INSERT INTO accounts_customuser_user_permissions (id, customuser_id, permission_id) VALUES (264, 9, 96);
INSERT INTO accounts_customuser_user_permissions (id, customuser_id, permission_id) VALUES (265, 9, 97);
INSERT INTO accounts_customuser_user_permissions (id, customuser_id, permission_id) VALUES (266, 9, 98);
INSERT INTO accounts_customuser_user_permissions (id, customuser_id, permission_id) VALUES (267, 9, 99);
INSERT INTO accounts_customuser_user_permissions (id, customuser_id, permission_id) VALUES (268, 9, 100);
INSERT INTO accounts_customuser_user_permissions (id, customuser_id, permission_id) VALUES (269, 9, 101);
INSERT INTO accounts_customuser_user_permissions (id, customuser_id, permission_id) VALUES (270, 9, 102);
INSERT INTO accounts_customuser_user_permissions (id, customuser_id, permission_id) VALUES (271, 9, 103);
INSERT INTO accounts_customuser_user_permissions (id, customuser_id, permission_id) VALUES (272, 9, 104);
INSERT INTO accounts_customuser_user_permissions (id, customuser_id, permission_id) VALUES (273, 9, 105);
INSERT INTO accounts_customuser_user_permissions (id, customuser_id, permission_id) VALUES (274, 9, 106);
INSERT INTO accounts_customuser_user_permissions (id, customuser_id, permission_id) VALUES (275, 9, 107);
INSERT INTO accounts_customuser_user_permissions (id, customuser_id, permission_id) VALUES (276, 9, 108);
INSERT INTO accounts_customuser_user_permissions (id, customuser_id, permission_id) VALUES (277, 9, 109);
INSERT INTO accounts_customuser_user_permissions (id, customuser_id, permission_id) VALUES (278, 9, 110);
INSERT INTO accounts_customuser_user_permissions (id, customuser_id, permission_id) VALUES (279, 9, 111);
INSERT INTO accounts_customuser_user_permissions (id, customuser_id, permission_id) VALUES (280, 9, 112);
INSERT INTO accounts_customuser_user_permissions (id, customuser_id, permission_id) VALUES (281, 9, 113);
INSERT INTO accounts_customuser_user_permissions (id, customuser_id, permission_id) VALUES (282, 9, 114);
INSERT INTO accounts_customuser_user_permissions (id, customuser_id, permission_id) VALUES (283, 9, 115);
INSERT INTO accounts_customuser_user_permissions (id, customuser_id, permission_id) VALUES (284, 9, 116);
INSERT INTO accounts_customuser_user_permissions (id, customuser_id, permission_id) VALUES (285, 9, 117);
INSERT INTO accounts_customuser_user_permissions (id, customuser_id, permission_id) VALUES (286, 9, 118);
INSERT INTO accounts_customuser_user_permissions (id, customuser_id, permission_id) VALUES (287, 9, 119);
INSERT INTO accounts_customuser_user_permissions (id, customuser_id, permission_id) VALUES (288, 9, 120);
INSERT INTO accounts_customuser_user_permissions (id, customuser_id, permission_id) VALUES (289, 9, 121);
INSERT INTO accounts_customuser_user_permissions (id, customuser_id, permission_id) VALUES (290, 9, 122);
INSERT INTO accounts_customuser_user_permissions (id, customuser_id, permission_id) VALUES (291, 9, 123);
INSERT INTO accounts_customuser_user_permissions (id, customuser_id, permission_id) VALUES (292, 9, 124);
INSERT INTO accounts_customuser_user_permissions (id, customuser_id, permission_id) VALUES (293, 9, 125);
INSERT INTO accounts_customuser_user_permissions (id, customuser_id, permission_id) VALUES (294, 9, 126);
INSERT INTO accounts_customuser_user_permissions (id, customuser_id, permission_id) VALUES (295, 9, 127);
INSERT INTO accounts_customuser_user_permissions (id, customuser_id, permission_id) VALUES (296, 9, 128);
INSERT INTO accounts_customuser_user_permissions (id, customuser_id, permission_id) VALUES (297, 9, 129);
INSERT INTO accounts_customuser_user_permissions (id, customuser_id, permission_id) VALUES (298, 9, 130);
INSERT INTO accounts_customuser_user_permissions (id, customuser_id, permission_id) VALUES (299, 9, 131);
INSERT INTO accounts_customuser_user_permissions (id, customuser_id, permission_id) VALUES (300, 9, 132);
INSERT INTO accounts_customuser_user_permissions (id, customuser_id, permission_id) VALUES (301, 9, 133);
INSERT INTO accounts_customuser_user_permissions (id, customuser_id, permission_id) VALUES (302, 9, 134);
INSERT INTO accounts_customuser_user_permissions (id, customuser_id, permission_id) VALUES (303, 9, 135);
INSERT INTO accounts_customuser_user_permissions (id, customuser_id, permission_id) VALUES (304, 9, 136);
INSERT INTO accounts_customuser_user_permissions (id, customuser_id, permission_id) VALUES (305, 9, 137);
INSERT INTO accounts_customuser_user_permissions (id, customuser_id, permission_id) VALUES (306, 9, 138);
INSERT INTO accounts_customuser_user_permissions (id, customuser_id, permission_id) VALUES (307, 9, 139);
INSERT INTO accounts_customuser_user_permissions (id, customuser_id, permission_id) VALUES (308, 9, 140);
INSERT INTO accounts_customuser_user_permissions (id, customuser_id, permission_id) VALUES (309, 9, 141);
INSERT INTO accounts_customuser_user_permissions (id, customuser_id, permission_id) VALUES (310, 9, 142);
INSERT INTO accounts_customuser_user_permissions (id, customuser_id, permission_id) VALUES (311, 9, 143);
INSERT INTO accounts_customuser_user_permissions (id, customuser_id, permission_id) VALUES (312, 9, 144);
INSERT INTO accounts_customuser_user_permissions (id, customuser_id, permission_id) VALUES (313, 9, 145);
INSERT INTO accounts_customuser_user_permissions (id, customuser_id, permission_id) VALUES (314, 9, 146);
INSERT INTO accounts_customuser_user_permissions (id, customuser_id, permission_id) VALUES (315, 9, 147);
INSERT INTO accounts_customuser_user_permissions (id, customuser_id, permission_id) VALUES (316, 9, 148);
INSERT INTO accounts_customuser_user_permissions (id, customuser_id, permission_id) VALUES (317, 9, 149);
INSERT INTO accounts_customuser_user_permissions (id, customuser_id, permission_id) VALUES (318, 9, 150);
INSERT INTO accounts_customuser_user_permissions (id, customuser_id, permission_id) VALUES (319, 9, 151);
INSERT INTO accounts_customuser_user_permissions (id, customuser_id, permission_id) VALUES (320, 9, 152);
INSERT INTO accounts_customuser_user_permissions (id, customuser_id, permission_id) VALUES (321, 9, 153);
INSERT INTO accounts_customuser_user_permissions (id, customuser_id, permission_id) VALUES (322, 9, 154);
INSERT INTO accounts_customuser_user_permissions (id, customuser_id, permission_id) VALUES (323, 9, 155);
INSERT INTO accounts_customuser_user_permissions (id, customuser_id, permission_id) VALUES (324, 9, 156);
INSERT INTO accounts_customuser_user_permissions (id, customuser_id, permission_id) VALUES (325, 9, 157);
INSERT INTO accounts_customuser_user_permissions (id, customuser_id, permission_id) VALUES (326, 9, 158);
INSERT INTO accounts_customuser_user_permissions (id, customuser_id, permission_id) VALUES (327, 9, 159);
INSERT INTO accounts_customuser_user_permissions (id, customuser_id, permission_id) VALUES (328, 9, 160);
INSERT INTO accounts_customuser_user_permissions (id, customuser_id, permission_id) VALUES (329, 9, 161);
INSERT INTO accounts_customuser_user_permissions (id, customuser_id, permission_id) VALUES (330, 9, 162);
INSERT INTO accounts_customuser_user_permissions (id, customuser_id, permission_id) VALUES (331, 9, 163);
INSERT INTO accounts_customuser_user_permissions (id, customuser_id, permission_id) VALUES (332, 9, 164);
INSERT INTO accounts_customuser_user_permissions (id, customuser_id, permission_id) VALUES (333, 9, 165);
INSERT INTO accounts_customuser_user_permissions (id, customuser_id, permission_id) VALUES (334, 9, 166);
INSERT INTO accounts_customuser_user_permissions (id, customuser_id, permission_id) VALUES (335, 9, 167);
INSERT INTO accounts_customuser_user_permissions (id, customuser_id, permission_id) VALUES (336, 9, 168);
INSERT INTO accounts_customuser_user_permissions (id, customuser_id, permission_id) VALUES (391, 9, 169);
INSERT INTO accounts_customuser_user_permissions (id, customuser_id, permission_id) VALUES (392, 9, 170);
INSERT INTO accounts_customuser_user_permissions (id, customuser_id, permission_id) VALUES (393, 9, 171);
INSERT INTO accounts_customuser_user_permissions (id, customuser_id, permission_id) VALUES (394, 9, 172);
INSERT INTO accounts_customuser_user_permissions (id, customuser_id, permission_id) VALUES (395, 9, 173);
INSERT INTO accounts_customuser_user_permissions (id, customuser_id, permission_id) VALUES (396, 9, 174);
INSERT INTO accounts_customuser_user_permissions (id, customuser_id, permission_id) VALUES (397, 9, 175);
INSERT INTO accounts_customuser_user_permissions (id, customuser_id, permission_id) VALUES (398, 9, 176);
INSERT INTO accounts_customuser_user_permissions (id, customuser_id, permission_id) VALUES (399, 9, 177);
INSERT INTO accounts_customuser_user_permissions (id, customuser_id, permission_id) VALUES (400, 9, 178);
INSERT INTO accounts_customuser_user_permissions (id, customuser_id, permission_id) VALUES (401, 9, 179);
INSERT INTO accounts_customuser_user_permissions (id, customuser_id, permission_id) VALUES (402, 9, 180);
INSERT INTO accounts_customuser_user_permissions (id, customuser_id, permission_id) VALUES (403, 9, 181);
INSERT INTO accounts_customuser_user_permissions (id, customuser_id, permission_id) VALUES (404, 9, 182);
INSERT INTO accounts_customuser_user_permissions (id, customuser_id, permission_id) VALUES (405, 9, 183);
INSERT INTO accounts_customuser_user_permissions (id, customuser_id, permission_id) VALUES (406, 9, 184);
INSERT INTO accounts_customuser_user_permissions (id, customuser_id, permission_id) VALUES (407, 9, 185);
INSERT INTO accounts_customuser_user_permissions (id, customuser_id, permission_id) VALUES (408, 9, 186);
INSERT INTO accounts_customuser_user_permissions (id, customuser_id, permission_id) VALUES (409, 9, 187);
INSERT INTO accounts_customuser_user_permissions (id, customuser_id, permission_id) VALUES (410, 9, 188);
INSERT INTO accounts_customuser_user_permissions (id, customuser_id, permission_id) VALUES (411, 9, 189);
INSERT INTO accounts_customuser_user_permissions (id, customuser_id, permission_id) VALUES (412, 9, 190);
INSERT INTO accounts_customuser_user_permissions (id, customuser_id, permission_id) VALUES (413, 9, 191);
INSERT INTO accounts_customuser_user_permissions (id, customuser_id, permission_id) VALUES (414, 9, 192);
INSERT INTO accounts_customuser_user_permissions (id, customuser_id, permission_id) VALUES (415, 9, 193);
INSERT INTO accounts_customuser_user_permissions (id, customuser_id, permission_id) VALUES (416, 9, 194);
INSERT INTO accounts_customuser_user_permissions (id, customuser_id, permission_id) VALUES (417, 9, 195);
INSERT INTO accounts_customuser_user_permissions (id, customuser_id, permission_id) VALUES (418, 9, 196);
INSERT INTO accounts_customuser_user_permissions (id, customuser_id, permission_id) VALUES (419, 9, 197);
INSERT INTO accounts_customuser_user_permissions (id, customuser_id, permission_id) VALUES (420, 9, 198);
INSERT INTO accounts_customuser_user_permissions (id, customuser_id, permission_id) VALUES (421, 9, 199);
INSERT INTO accounts_customuser_user_permissions (id, customuser_id, permission_id) VALUES (422, 9, 200);
INSERT INTO accounts_customuser_user_permissions (id, customuser_id, permission_id) VALUES (423, 9, 201);
INSERT INTO accounts_customuser_user_permissions (id, customuser_id, permission_id) VALUES (424, 9, 202);
INSERT INTO accounts_customuser_user_permissions (id, customuser_id, permission_id) VALUES (425, 9, 203);
INSERT INTO accounts_customuser_user_permissions (id, customuser_id, permission_id) VALUES (426, 9, 204);
INSERT INTO accounts_customuser_user_permissions (id, customuser_id, permission_id) VALUES (427, 9, 205);
INSERT INTO accounts_customuser_user_permissions (id, customuser_id, permission_id) VALUES (428, 9, 206);
INSERT INTO accounts_customuser_user_permissions (id, customuser_id, permission_id) VALUES (429, 9, 207);
INSERT INTO accounts_customuser_user_permissions (id, customuser_id, permission_id) VALUES (430, 9, 208);
INSERT INTO accounts_customuser_user_permissions (id, customuser_id, permission_id) VALUES (431, 9, 209);
INSERT INTO accounts_customuser_user_permissions (id, customuser_id, permission_id) VALUES (432, 9, 210);
INSERT INTO accounts_customuser_user_permissions (id, customuser_id, permission_id) VALUES (433, 9, 211);
INSERT INTO accounts_customuser_user_permissions (id, customuser_id, permission_id) VALUES (434, 9, 212);
INSERT INTO accounts_customuser_user_permissions (id, customuser_id, permission_id) VALUES (435, 9, 213);
INSERT INTO accounts_customuser_user_permissions (id, customuser_id, permission_id) VALUES (436, 9, 214);
INSERT INTO accounts_customuser_user_permissions (id, customuser_id, permission_id) VALUES (437, 9, 215);
INSERT INTO accounts_customuser_user_permissions (id, customuser_id, permission_id) VALUES (438, 9, 216);
INSERT INTO accounts_customuser_user_permissions (id, customuser_id, permission_id) VALUES (439, 9, 217);
INSERT INTO accounts_customuser_user_permissions (id, customuser_id, permission_id) VALUES (440, 9, 218);
INSERT INTO accounts_customuser_user_permissions (id, customuser_id, permission_id) VALUES (441, 9, 219);
INSERT INTO accounts_customuser_user_permissions (id, customuser_id, permission_id) VALUES (442, 9, 220);
INSERT INTO accounts_customuser_user_permissions (id, customuser_id, permission_id) VALUES (443, 9, 221);
INSERT INTO accounts_customuser_user_permissions (id, customuser_id, permission_id) VALUES (444, 9, 222);
INSERT INTO accounts_customuser_user_permissions (id, customuser_id, permission_id) VALUES (446, 12, 116);
INSERT INTO accounts_customuser_user_permissions (id, customuser_id, permission_id) VALUES (445, 12, 121);
INSERT INTO accounts_customuser_user_permissions (id, customuser_id, permission_id) VALUES (447, 12, 142);

-- Table: accounts_mygroups
CREATE TABLE `accounts_mygroups` (
  `id` bigint NOT NULL AUTO_INCREMENT,
  `name` varchar(150) CHARACTER SET utf8mb4 COLLATE utf8mb4_0900_ai_ci NOT NULL,
  `description` longtext CHARACTER SET utf8mb4 COLLATE utf8mb4_0900_ai_ci,
  `created_at` datetime(6) NOT NULL,
  `updated_at` datetime(6) NOT NULL,
  PRIMARY KEY (`id`) USING BTREE,
  UNIQUE KEY `name` (`name`) USING BTREE
) ENGINE=InnoDB AUTO_INCREMENT=11 DEFAULT CHARSET=utf8mb4 COLLATE=utf8mb4_0900_ai_ci ROW_FORMAT=DYNAMIC;

INSERT INTO accounts_mygroups (id, name, description, created_at, updated_at) VALUES (1, ' ', '   ', 2025-04-05 05:05:28.127328, 2025-04-09 20:12:24.388388);
INSERT INTO accounts_mygroups (id, name, description, created_at, updated_at) VALUES (2, '    ', '', 2025-04-05 05:05:51.482421, 2025-04-05 05:05:51.510403);
INSERT INTO accounts_mygroups (id, name, description, created_at, updated_at) VALUES (3, ' ', '', 2025-04-05 05:06:09.568162, 2025-04-05 05:06:09.583653);
INSERT INTO accounts_mygroups (id, name, description, created_at, updated_at) VALUES (4, '    ', '    ', 2025-04-05 05:27:59.512797, 2025-04-05 05:27:59.532898);
INSERT INTO accounts_mygroups (id, name, description, created_at, updated_at) VALUES (5, '      ', '      ', 2025-04-05 05:28:22.583513, 2025-04-05 07:21:19.765439);
INSERT INTO accounts_mygroups (id, name, description, created_at, updated_at) VALUES (6, '      ', '      ', 2025-04-05 05:28:32.076597, 2025-04-05 07:21:53.866401);
INSERT INTO accounts_mygroups (id, name, description, created_at, updated_at) VALUES (7, ' /    ', ' /    ', 2025-04-05 05:28:48.612964, 2025-04-05 07:21:31.414349);
INSERT INTO accounts_mygroups (id, name, description, created_at, updated_at) VALUES (8, '      (   )', '      (   )', 2025-04-19 15:37:05.058199, 2025-04-19 15:37:05.080001);
INSERT INTO accounts_mygroups (id, name, description, created_at, updated_at) VALUES (9, '   ', '', 2025-09-11 15:10:16.698527, 2025-09-11 15:13:10.632792);
INSERT INTO accounts_mygroups (id, name, description, created_at, updated_at) VALUES (10, '    ', '', 2025-09-16 17:28:01.276824, 2025-09-16 17:31:35.954543);

-- Table: accounts_mygroups_roles
CREATE TABLE `accounts_mygroups_roles` (
  `id` int NOT NULL AUTO_INCREMENT,
  `mygroup_id` bigint NOT NULL,
  `role_id` bigint NOT NULL,
  PRIMARY KEY (`id`) USING BTREE,
  UNIQUE KEY `accounts_mygroups_roles_mygroup_id_role_id_fd84a847_uniq` (`mygroup_id`,`role_id`) USING BTREE,
  KEY `accounts_mygroups_roles_role_id_6c64e294_fk_accounts_role_id` (`role_id`) USING BTREE,
  CONSTRAINT `accounts_mygroups_ro_mygroup_id_0e3dee22_fk_accounts_` FOREIGN KEY (`mygroup_id`) REFERENCES `accounts_mygroups` (`id`) ON DELETE RESTRICT ON UPDATE RESTRICT,
  CONSTRAINT `accounts_mygroups_roles_role_id_6c64e294_fk_accounts_role_id` FOREIGN KEY (`role_id`) REFERENCES `accounts_role` (`id`) ON DELETE RESTRICT ON UPDATE RESTRICT
) ENGINE=InnoDB AUTO_INCREMENT=12 DEFAULT CHARSET=utf8mb4 COLLATE=utf8mb4_0900_ai_ci ROW_FORMAT=DYNAMIC;

INSERT INTO accounts_mygroups_roles (id, mygroup_id, role_id) VALUES (1, 1, 2);
INSERT INTO accounts_mygroups_roles (id, mygroup_id, role_id) VALUES (2, 2, 3);
INSERT INTO accounts_mygroups_roles (id, mygroup_id, role_id) VALUES (3, 3, 4);
INSERT INTO accounts_mygroups_roles (id, mygroup_id, role_id) VALUES (4, 4, 6);
INSERT INTO accounts_mygroups_roles (id, mygroup_id, role_id) VALUES (5, 5, 6);
INSERT INTO accounts_mygroups_roles (id, mygroup_id, role_id) VALUES (6, 6, 5);
INSERT INTO accounts_mygroups_roles (id, mygroup_id, role_id) VALUES (8, 7, 7);
INSERT INTO accounts_mygroups_roles (id, mygroup_id, role_id) VALUES (7, 8, 8);
INSERT INTO accounts_mygroups_roles (id, mygroup_id, role_id) VALUES (10, 9, 10);
INSERT INTO accounts_mygroups_roles (id, mygroup_id, role_id) VALUES (11, 10, 11);

-- Table: accounts_province
CREATE TABLE `accounts_province` (
  `id` bigint NOT NULL AUTO_INCREMENT,
  `name` varchar(100) CHARACTER SET utf8mb4 COLLATE utf8mb4_0900_ai_ci NOT NULL,
  `code` varchar(2) CHARACTER SET utf8mb4 COLLATE utf8mb4_0900_ai_ci NOT NULL,
  PRIMARY KEY (`id`) USING BTREE,
  UNIQUE KEY `name` (`name`) USING BTREE,
  UNIQUE KEY `code` (`code`) USING BTREE
) ENGINE=InnoDB DEFAULT CHARSET=utf8mb4 COLLATE=utf8mb4_0900_ai_ci ROW_FORMAT=DYNAMIC;


-- Table: accounts_role
CREATE TABLE `accounts_role` (
  `id` bigint NOT NULL AUTO_INCREMENT,
  `name` varchar(150) CHARACTER SET utf8mb4 COLLATE utf8mb4_0900_ai_ci NOT NULL,
  `description` longtext CHARACTER SET utf8mb4 COLLATE utf8mb4_0900_ai_ci,
  `is_active` tinyint(1) NOT NULL,
  `parent_id` bigint DEFAULT NULL,
  `created_at` datetime DEFAULT NULL,
  PRIMARY KEY (`id`) USING BTREE,
  UNIQUE KEY `name` (`name`) USING BTREE,
  KEY `accounts_role_parent_id_526243b4_fk_accounts_role_id` (`parent_id`) USING BTREE,
  CONSTRAINT `accounts_role_parent_id_526243b4_fk_accounts_role_id` FOREIGN KEY (`parent_id`) REFERENCES `accounts_role` (`id`) ON DELETE RESTRICT ON UPDATE RESTRICT
) ENGINE=InnoDB AUTO_INCREMENT=12 DEFAULT CHARSET=utf8mb4 COLLATE=utf8mb4_0900_ai_ci ROW_FORMAT=DYNAMIC;

INSERT INTO accounts_role (id, name, description, is_active, parent_id, created_at) VALUES (2, ' ', ' ', 1, NULL, 2025-09-04 00:02:02);
INSERT INTO accounts_role (id, name, description, is_active, parent_id, created_at) VALUES (3, '  -   ', '  -   ', 1, NULL, 2025-09-04 00:02:02);
INSERT INTO accounts_role (id, name, description, is_active, parent_id, created_at) VALUES (4, ' ', ' ', 1, NULL, 2025-09-04 00:02:02);
INSERT INTO accounts_role (id, name, description, is_active, parent_id, created_at) VALUES (5, '  ', '  ', 1, NULL, 2025-09-04 00:02:02);
INSERT INTO accounts_role (id, name, description, is_active, parent_id, created_at) VALUES (6, '  ', '  ', 1, NULL, 2025-09-04 00:02:02);
INSERT INTO accounts_role (id, name, description, is_active, parent_id, created_at) VALUES (7, ' / -  ', ' / -  ', 1, NULL, 2025-09-04 00:02:02);
INSERT INTO accounts_role (id, name, description, is_active, parent_id, created_at) VALUES (8, '      (   )', '      (   )', 1, NULL, 2025-09-04 00:02:02);
INSERT INTO accounts_role (id, name, description, is_active, parent_id, created_at) VALUES (9, '  (   )', '         /   ', 1, NULL, 2025-09-04 00:02:02);
INSERT INTO accounts_role (id, name, description, is_active, parent_id, created_at) VALUES (10, '   ', '   ', 1, NULL, 2025-09-11 15:12:48);
INSERT INTO accounts_role (id, name, description, is_active, parent_id, created_at) VALUES (11, '', ' ', 1, NULL, 2025-09-16 17:24:19);

-- Table: accounts_role_permissions
CREATE TABLE `accounts_role_permissions` (
  `id` int NOT NULL AUTO_INCREMENT,
  `role_id` bigint NOT NULL,
  `permission_id` int NOT NULL,
  PRIMARY KEY (`id`) USING BTREE,
  UNIQUE KEY `accounts_role_permissions_role_id_permission_id_032c715e_uniq` (`role_id`,`permission_id`) USING BTREE,
  KEY `accounts_role_permis_permission_id_76fe677d_fk_auth_perm` (`permission_id`) USING BTREE,
  CONSTRAINT `accounts_role_permis_permission_id_76fe677d_fk_auth_perm` FOREIGN KEY (`permission_id`) REFERENCES `auth_permission` (`id`) ON DELETE RESTRICT ON UPDATE RESTRICT,
  CONSTRAINT `accounts_role_permissions_role_id_54f107a6_fk_accounts_role_id` FOREIGN KEY (`role_id`) REFERENCES `accounts_role` (`id`) ON DELETE RESTRICT ON UPDATE RESTRICT
) ENGINE=InnoDB AUTO_INCREMENT=2021 DEFAULT CHARSET=utf8mb4 COLLATE=utf8mb4_0900_ai_ci ROW_FORMAT=DYNAMIC;

INSERT INTO accounts_role_permissions (id, role_id, permission_id) VALUES (1661, 2, 21);
INSERT INTO accounts_role_permissions (id, role_id, permission_id) VALUES (1662, 2, 22);
INSERT INTO accounts_role_permissions (id, role_id, permission_id) VALUES (1663, 2, 23);
INSERT INTO accounts_role_permissions (id, role_id, permission_id) VALUES (1664, 2, 24);
INSERT INTO accounts_role_permissions (id, role_id, permission_id) VALUES (185, 2, 25);
INSERT INTO accounts_role_permissions (id, role_id, permission_id) VALUES (186, 2, 26);
INSERT INTO accounts_role_permissions (id, role_id, permission_id) VALUES (187, 2, 27);
INSERT INTO accounts_role_permissions (id, role_id, permission_id) VALUES (188, 2, 28);
INSERT INTO accounts_role_permissions (id, role_id, permission_id) VALUES (189, 2, 29);
INSERT INTO accounts_role_permissions (id, role_id, permission_id) VALUES (190, 2, 30);
INSERT INTO accounts_role_permissions (id, role_id, permission_id) VALUES (191, 2, 31);
INSERT INTO accounts_role_permissions (id, role_id, permission_id) VALUES (192, 2, 32);
INSERT INTO accounts_role_permissions (id, role_id, permission_id) VALUES (193, 2, 33);
INSERT INTO accounts_role_permissions (id, role_id, permission_id) VALUES (194, 2, 34);
INSERT INTO accounts_role_permissions (id, role_id, permission_id) VALUES (195, 2, 35);
INSERT INTO accounts_role_permissions (id, role_id, permission_id) VALUES (196, 2, 36);
INSERT INTO accounts_role_permissions (id, role_id, permission_id) VALUES (197, 2, 37);
INSERT INTO accounts_role_permissions (id, role_id, permission_id) VALUES (198, 2, 38);
INSERT INTO accounts_role_permissions (id, role_id, permission_id) VALUES (199, 2, 39);
INSERT INTO accounts_role_permissions (id, role_id, permission_id) VALUES (200, 2, 40);
INSERT INTO accounts_role_permissions (id, role_id, permission_id) VALUES (201, 2, 41);
INSERT INTO accounts_role_permissions (id, role_id, permission_id) VALUES (202, 2, 42);
INSERT INTO accounts_role_permissions (id, role_id, permission_id) VALUES (203, 2, 43);
INSERT INTO accounts_role_permissions (id, role_id, permission_id) VALUES (204, 2, 44);
INSERT INTO accounts_role_permissions (id, role_id, permission_id) VALUES (205, 2, 45);
INSERT INTO accounts_role_permissions (id, role_id, permission_id) VALUES (206, 2, 46);
INSERT INTO accounts_role_permissions (id, role_id, permission_id) VALUES (207, 2, 47);
INSERT INTO accounts_role_permissions (id, role_id, permission_id) VALUES (208, 2, 48);
INSERT INTO accounts_role_permissions (id, role_id, permission_id) VALUES (209, 2, 49);
INSERT INTO accounts_role_permissions (id, role_id, permission_id) VALUES (210, 2, 50);
INSERT INTO accounts_role_permissions (id, role_id, permission_id) VALUES (211, 2, 51);
INSERT INTO accounts_role_permissions (id, role_id, permission_id) VALUES (212, 2, 52);
INSERT INTO accounts_role_permissions (id, role_id, permission_id) VALUES (213, 2, 53);
INSERT INTO accounts_role_permissions (id, role_id, permission_id) VALUES (214, 2, 54);
INSERT INTO accounts_role_permissions (id, role_id, permission_id) VALUES (215, 2, 55);
INSERT INTO accounts_role_permissions (id, role_id, permission_id) VALUES (216, 2, 56);
INSERT INTO accounts_role_permissions (id, role_id, permission_id) VALUES (217, 2, 57);
INSERT INTO accounts_role_permissions (id, role_id, permission_id) VALUES (218, 2, 58);
INSERT INTO accounts_role_permissions (id, role_id, permission_id) VALUES (219, 2, 59);
INSERT INTO accounts_role_permissions (id, role_id, permission_id) VALUES (220, 2, 60);
INSERT INTO accounts_role_permissions (id, role_id, permission_id) VALUES (221, 2, 61);
INSERT INTO accounts_role_permissions (id, role_id, permission_id) VALUES (222, 2, 62);
INSERT INTO accounts_role_permissions (id, role_id, permission_id) VALUES (223, 2, 63);
INSERT INTO accounts_role_permissions (id, role_id, permission_id) VALUES (224, 2, 64);
INSERT INTO accounts_role_permissions (id, role_id, permission_id) VALUES (225, 2, 65);
INSERT INTO accounts_role_permissions (id, role_id, permission_id) VALUES (226, 2, 66);
INSERT INTO accounts_role_permissions (id, role_id, permission_id) VALUES (227, 2, 67);
INSERT INTO accounts_role_permissions (id, role_id, permission_id) VALUES (228, 2, 68);
INSERT INTO accounts_role_permissions (id, role_id, permission_id) VALUES (229, 2, 69);
INSERT INTO accounts_role_permissions (id, role_id, permission_id) VALUES (230, 2, 70);
INSERT INTO accounts_role_permissions (id, role_id, permission_id) VALUES (231, 2, 71);
INSERT INTO accounts_role_permissions (id, role_id, permission_id) VALUES (232, 2, 72);
INSERT INTO accounts_role_permissions (id, role_id, permission_id) VALUES (233, 2, 73);
INSERT INTO accounts_role_permissions (id, role_id, permission_id) VALUES (234, 2, 74);
INSERT INTO accounts_role_permissions (id, role_id, permission_id) VALUES (235, 2, 75);
INSERT INTO accounts_role_permissions (id, role_id, permission_id) VALUES (236, 2, 76);
INSERT INTO accounts_role_permissions (id, role_id, permission_id) VALUES (237, 2, 77);
INSERT INTO accounts_role_permissions (id, role_id, permission_id) VALUES (238, 2, 78);
INSERT INTO accounts_role_permissions (id, role_id, permission_id) VALUES (239, 2, 79);
INSERT INTO accounts_role_permissions (id, role_id, permission_id) VALUES (240, 2, 80);
INSERT INTO accounts_role_permissions (id, role_id, permission_id) VALUES (241, 2, 81);
INSERT INTO accounts_role_permissions (id, role_id, permission_id) VALUES (242, 2, 82);
INSERT INTO accounts_role_permissions (id, role_id, permission_id) VALUES (243, 2, 83);
INSERT INTO accounts_role_permissions (id, role_id, permission_id) VALUES (244, 2, 84);
INSERT INTO accounts_role_permissions (id, role_id, permission_id) VALUES (245, 2, 85);
INSERT INTO accounts_role_permissions (id, role_id, permission_id) VALUES (246, 2, 86);
INSERT INTO accounts_role_permissions (id, role_id, permission_id) VALUES (247, 2, 87);
INSERT INTO accounts_role_permissions (id, role_id, permission_id) VALUES (248, 2, 88);
INSERT INTO accounts_role_permissions (id, role_id, permission_id) VALUES (249, 2, 89);
INSERT INTO accounts_role_permissions (id, role_id, permission_id) VALUES (250, 2, 90);
INSERT INTO accounts_role_permissions (id, role_id, permission_id) VALUES (251, 2, 91);
INSERT INTO accounts_role_permissions (id, role_id, permission_id) VALUES (252, 2, 92);
INSERT INTO accounts_role_permissions (id, role_id, permission_id) VALUES (253, 2, 93);
INSERT INTO accounts_role_permissions (id, role_id, permission_id) VALUES (254, 2, 94);
INSERT INTO accounts_role_permissions (id, role_id, permission_id) VALUES (255, 2, 95);
INSERT INTO accounts_role_permissions (id, role_id, permission_id) VALUES (256, 2, 96);
INSERT INTO accounts_role_permissions (id, role_id, permission_id) VALUES (257, 2, 97);
INSERT INTO accounts_role_permissions (id, role_id, permission_id) VALUES (258, 2, 98);
INSERT INTO accounts_role_permissions (id, role_id, permission_id) VALUES (259, 2, 99);
INSERT INTO accounts_role_permissions (id, role_id, permission_id) VALUES (260, 2, 100);
INSERT INTO accounts_role_permissions (id, role_id, permission_id) VALUES (261, 2, 101);
INSERT INTO accounts_role_permissions (id, role_id, permission_id) VALUES (262, 2, 102);
INSERT INTO accounts_role_permissions (id, role_id, permission_id) VALUES (263, 2, 103);
INSERT INTO accounts_role_permissions (id, role_id, permission_id) VALUES (264, 2, 104);
INSERT INTO accounts_role_permissions (id, role_id, permission_id) VALUES (265, 2, 105);
INSERT INTO accounts_role_permissions (id, role_id, permission_id) VALUES (266, 2, 106);
INSERT INTO accounts_role_permissions (id, role_id, permission_id) VALUES (267, 2, 107);
INSERT INTO accounts_role_permissions (id, role_id, permission_id) VALUES (268, 2, 108);
INSERT INTO accounts_role_permissions (id, role_id, permission_id) VALUES (269, 2, 109);
INSERT INTO accounts_role_permissions (id, role_id, permission_id) VALUES (270, 2, 110);
INSERT INTO accounts_role_permissions (id, role_id, permission_id) VALUES (271, 2, 111);
INSERT INTO accounts_role_permissions (id, role_id, permission_id) VALUES (272, 2, 112);
INSERT INTO accounts_role_permissions (id, role_id, permission_id) VALUES (273, 2, 113);
INSERT INTO accounts_role_permissions (id, role_id, permission_id) VALUES (274, 2, 114);
INSERT INTO accounts_role_permissions (id, role_id, permission_id) VALUES (275, 2, 115);
INSERT INTO accounts_role_permissions (id, role_id, permission_id) VALUES (276, 2, 116);
INSERT INTO accounts_role_permissions (id, role_id, permission_id) VALUES (277, 2, 117);
INSERT INTO accounts_role_permissions (id, role_id, permission_id) VALUES (278, 2, 118);
INSERT INTO accounts_role_permissions (id, role_id, permission_id) VALUES (279, 2, 119);
INSERT INTO accounts_role_permissions (id, role_id, permission_id) VALUES (280, 2, 120);
INSERT INTO accounts_role_permissions (id, role_id, permission_id) VALUES (281, 2, 121);
INSERT INTO accounts_role_permissions (id, role_id, permission_id) VALUES (282, 2, 122);
INSERT INTO accounts_role_permissions (id, role_id, permission_id) VALUES (283, 2, 123);
INSERT INTO accounts_role_permissions (id, role_id, permission_id) VALUES (284, 2, 124);
INSERT INTO accounts_role_permissions (id, role_id, permission_id) VALUES (285, 2, 125);
INSERT INTO accounts_role_permissions (id, role_id, permission_id) VALUES (286, 2, 126);
INSERT INTO accounts_role_permissions (id, role_id, permission_id) VALUES (287, 2, 127);
INSERT INTO accounts_role_permissions (id, role_id, permission_id) VALUES (288, 2, 128);
INSERT INTO accounts_role_permissions (id, role_id, permission_id) VALUES (289, 2, 129);
INSERT INTO accounts_role_permissions (id, role_id, permission_id) VALUES (290, 2, 130);
INSERT INTO accounts_role_permissions (id, role_id, permission_id) VALUES (291, 2, 131);
INSERT INTO accounts_role_permissions (id, role_id, permission_id) VALUES (292, 2, 132);
INSERT INTO accounts_role_permissions (id, role_id, permission_id) VALUES (293, 2, 133);
INSERT INTO accounts_role_permissions (id, role_id, permission_id) VALUES (294, 2, 134);
INSERT INTO accounts_role_permissions (id, role_id, permission_id) VALUES (295, 2, 135);
INSERT INTO accounts_role_permissions (id, role_id, permission_id) VALUES (296, 2, 136);
INSERT INTO accounts_role_permissions (id, role_id, permission_id) VALUES (297, 2, 137);
INSERT INTO accounts_role_permissions (id, role_id, permission_id) VALUES (298, 2, 138);
INSERT INTO accounts_role_permissions (id, role_id, permission_id) VALUES (299, 2, 139);
INSERT INTO accounts_role_permissions (id, role_id, permission_id) VALUES (300, 2, 140);
INSERT INTO accounts_role_permissions (id, role_id, permission_id) VALUES (301, 2, 141);
INSERT INTO accounts_role_permissions (id, role_id, permission_id) VALUES (302, 2, 142);
INSERT INTO accounts_role_permissions (id, role_id, permission_id) VALUES (303, 2, 143);
INSERT INTO accounts_role_permissions (id, role_id, permission_id) VALUES (304, 2, 144);
INSERT INTO accounts_role_permissions (id, role_id, permission_id) VALUES (305, 2, 145);
INSERT INTO accounts_role_permissions (id, role_id, permission_id) VALUES (306, 2, 146);
INSERT INTO accounts_role_permissions (id, role_id, permission_id) VALUES (307, 2, 147);
INSERT INTO accounts_role_permissions (id, role_id, permission_id) VALUES (308, 2, 148);
INSERT INTO accounts_role_permissions (id, role_id, permission_id) VALUES (309, 2, 149);
INSERT INTO accounts_role_permissions (id, role_id, permission_id) VALUES (310, 2, 150);
INSERT INTO accounts_role_permissions (id, role_id, permission_id) VALUES (311, 2, 151);
INSERT INTO accounts_role_permissions (id, role_id, permission_id) VALUES (312, 2, 152);
INSERT INTO accounts_role_permissions (id, role_id, permission_id) VALUES (313, 2, 153);
INSERT INTO accounts_role_permissions (id, role_id, permission_id) VALUES (314, 2, 154);
INSERT INTO accounts_role_permissions (id, role_id, permission_id) VALUES (315, 2, 155);
INSERT INTO accounts_role_permissions (id, role_id, permission_id) VALUES (316, 2, 156);
INSERT INTO accounts_role_permissions (id, role_id, permission_id) VALUES (317, 2, 157);
INSERT INTO accounts_role_permissions (id, role_id, permission_id) VALUES (318, 2, 158);
INSERT INTO accounts_role_permissions (id, role_id, permission_id) VALUES (319, 2, 159);
INSERT INTO accounts_role_permissions (id, role_id, permission_id) VALUES (320, 2, 160);
INSERT INTO accounts_role_permissions (id, role_id, permission_id) VALUES (686, 2, 161);
INSERT INTO accounts_role_permissions (id, role_id, permission_id) VALUES (687, 2, 162);
INSERT INTO accounts_role_permissions (id, role_id, permission_id) VALUES (688, 2, 163);
INSERT INTO accounts_role_permissions (id, role_id, permission_id) VALUES (689, 2, 164);
INSERT INTO accounts_role_permissions (id, role_id, permission_id) VALUES (528, 2, 165);
INSERT INTO accounts_role_permissions (id, role_id, permission_id) VALUES (529, 2, 166);
INSERT INTO accounts_role_permissions (id, role_id, permission_id) VALUES (530, 2, 167);
INSERT INTO accounts_role_permissions (id, role_id, permission_id) VALUES (527, 2, 168);
INSERT INTO accounts_role_permissions (id, role_id, permission_id) VALUES (643, 2, 169);
INSERT INTO accounts_role_permissions (id, role_id, permission_id) VALUES (690, 2, 170);
INSERT INTO accounts_role_permissions (id, role_id, permission_id) VALUES (691, 2, 171);
INSERT INTO accounts_role_permissions (id, role_id, permission_id) VALUES (692, 2, 172);
INSERT INTO accounts_role_permissions (id, role_id, permission_id) VALUES (693, 2, 173);
INSERT INTO accounts_role_permissions (id, role_id, permission_id) VALUES (694, 2, 174);
INSERT INTO accounts_role_permissions (id, role_id, permission_id) VALUES (695, 2, 175);
INSERT INTO accounts_role_permissions (id, role_id, permission_id) VALUES (696, 2, 176);
INSERT INTO accounts_role_permissions (id, role_id, permission_id) VALUES (697, 2, 177);
INSERT INTO accounts_role_permissions (id, role_id, permission_id) VALUES (649, 2, 178);
INSERT INTO accounts_role_permissions (id, role_id, permission_id) VALUES (1014, 2, 179);
INSERT INTO accounts_role_permissions (id, role_id, permission_id) VALUES (1015, 2, 180);
INSERT INTO accounts_role_permissions (id, role_id, permission_id) VALUES (1016, 2, 181);
INSERT INTO accounts_role_permissions (id, role_id, permission_id) VALUES (1017, 2, 182);
INSERT INTO accounts_role_permissions (id, role_id, permission_id) VALUES (654, 2, 183);
INSERT INTO accounts_role_permissions (id, role_id, permission_id) VALUES (1010, 2, 184);
INSERT INTO accounts_role_permissions (id, role_id, permission_id) VALUES (1011, 2, 185);
INSERT INTO accounts_role_permissions (id, role_id, permission_id) VALUES (1012, 2, 186);
INSERT INTO accounts_role_permissions (id, role_id, permission_id) VALUES (1013, 2, 187);
INSERT INTO accounts_role_permissions (id, role_id, permission_id) VALUES (698, 2, 188);
INSERT INTO accounts_role_permissions (id, role_id, permission_id) VALUES (699, 2, 189);
INSERT INTO accounts_role_permissions (id, role_id, permission_id) VALUES (700, 2, 190);
INSERT INTO accounts_role_permissions (id, role_id, permission_id) VALUES (701, 2, 191);
INSERT INTO accounts_role_permissions (id, role_id, permission_id) VALUES (1625, 2, 192);
INSERT INTO accounts_role_permissions (id, role_id, permission_id) VALUES (1626, 2, 193);
INSERT INTO accounts_role_permissions (id, role_id, permission_id) VALUES (1627, 2, 194);
INSERT INTO accounts_role_permissions (id, role_id, permission_id) VALUES (1628, 2, 195);
INSERT INTO accounts_role_permissions (id, role_id, permission_id) VALUES (706, 2, 196);
INSERT INTO accounts_role_permissions (id, role_id, permission_id) VALUES (707, 2, 197);
INSERT INTO accounts_role_permissions (id, role_id, permission_id) VALUES (657, 2, 198);
INSERT INTO accounts_role_permissions (id, role_id, permission_id) VALUES (658, 2, 199);
INSERT INTO accounts_role_permissions (id, role_id, permission_id) VALUES (659, 2, 200);
INSERT INTO accounts_role_permissions (id, role_id, permission_id) VALUES (660, 2, 201);
INSERT INTO accounts_role_permissions (id, role_id, permission_id) VALUES (661, 2, 202);
INSERT INTO accounts_role_permissions (id, role_id, permission_id) VALUES (662, 2, 203);
INSERT INTO accounts_role_permissions (id, role_id, permission_id) VALUES (663, 2, 204);
INSERT INTO accounts_role_permissions (id, role_id, permission_id) VALUES (664, 2, 205);
INSERT INTO accounts_role_permissions (id, role_id, permission_id) VALUES (665, 2, 206);
INSERT INTO accounts_role_permissions (id, role_id, permission_id) VALUES (666, 2, 207);
INSERT INTO accounts_role_permissions (id, role_id, permission_id) VALUES (667, 2, 208);
INSERT INTO accounts_role_permissions (id, role_id, permission_id) VALUES (668, 2, 209);
INSERT INTO accounts_role_permissions (id, role_id, permission_id) VALUES (669, 2, 210);
INSERT INTO accounts_role_permissions (id, role_id, permission_id) VALUES (670, 2, 211);
INSERT INTO accounts_role_permissions (id, role_id, permission_id) VALUES (671, 2, 212);
INSERT INTO accounts_role_permissions (id, role_id, permission_id) VALUES (672, 2, 213);
INSERT INTO accounts_role_permissions (id, role_id, permission_id) VALUES (673, 2, 214);
INSERT INTO accounts_role_permissions (id, role_id, permission_id) VALUES (674, 2, 215);
INSERT INTO accounts_role_permissions (id, role_id, permission_id) VALUES (675, 2, 216);
INSERT INTO accounts_role_permissions (id, role_id, permission_id) VALUES (676, 2, 217);
INSERT INTO accounts_role_permissions (id, role_id, permission_id) VALUES (677, 2, 218);
INSERT INTO accounts_role_permissions (id, role_id, permission_id) VALUES (678, 2, 219);
INSERT INTO accounts_role_permissions (id, role_id, permission_id) VALUES (679, 2, 220);
INSERT INTO accounts_role_permissions (id, role_id, permission_id) VALUES (680, 2, 221);
INSERT INTO accounts_role_permissions (id, role_id, permission_id) VALUES (681, 2, 222);
INSERT INTO accounts_role_permissions (id, role_id, permission_id) VALUES (708, 2, 223);
INSERT INTO accounts_role_permissions (id, role_id, permission_id) VALUES (709, 2, 224);
INSERT INTO accounts_role_permissions (id, role_id, permission_id) VALUES (710, 2, 225);
INSERT INTO accounts_role_permissions (id, role_id, permission_id) VALUES (711, 2, 226);
INSERT INTO accounts_role_permissions (id, role_id, permission_id) VALUES (712, 2, 227);
INSERT INTO accounts_role_permissions (id, role_id, permission_id) VALUES (713, 2, 228);
INSERT INTO accounts_role_permissions (id, role_id, permission_id) VALUES (714, 2, 229);
INSERT INTO accounts_role_permissions (id, role_id, permission_id) VALUES (715, 2, 230);
INSERT INTO accounts_role_permissions (id, role_id, permission_id) VALUES (716, 2, 231);
INSERT INTO accounts_role_permissions (id, role_id, permission_id) VALUES (717, 2, 232);
INSERT INTO accounts_role_permissions (id, role_id, permission_id) VALUES (718, 2, 233);
INSERT INTO accounts_role_permissions (id, role_id, permission_id) VALUES (719, 2, 234);
INSERT INTO accounts_role_permissions (id, role_id, permission_id) VALUES (721, 2, 235);
INSERT INTO accounts_role_permissions (id, role_id, permission_id) VALUES (722, 2, 236);
INSERT INTO accounts_role_permissions (id, role_id, permission_id) VALUES (723, 2, 237);
INSERT INTO accounts_role_permissions (id, role_id, permission_id) VALUES (724, 2, 238);
INSERT INTO accounts_role_permissions (id, role_id, permission_id) VALUES (725, 2, 239);
INSERT INTO accounts_role_permissions (id, role_id, permission_id) VALUES (726, 2, 240);
INSERT INTO accounts_role_permissions (id, role_id, permission_id) VALUES (727, 2, 241);
INSERT INTO accounts_role_permissions (id, role_id, permission_id) VALUES (728, 2, 242);
INSERT INTO accounts_role_permissions (id, role_id, permission_id) VALUES (729, 2, 243);
INSERT INTO accounts_role_permissions (id, role_id, permission_id) VALUES (730, 2, 244);
INSERT INTO accounts_role_permissions (id, role_id, permission_id) VALUES (731, 2, 245);
INSERT INTO accounts_role_permissions (id, role_id, permission_id) VALUES (732, 2, 246);
INSERT INTO accounts_role_permissions (id, role_id, permission_id) VALUES (733, 2, 247);
INSERT INTO accounts_role_permissions (id, role_id, permission_id) VALUES (734, 2, 248);
INSERT INTO accounts_role_permissions (id, role_id, permission_id) VALUES (735, 2, 249);
INSERT INTO accounts_role_permissions (id, role_id, permission_id) VALUES (736, 2, 250);
INSERT INTO accounts_role_permissions (id, role_id, permission_id) VALUES (737, 2, 251);
INSERT INTO accounts_role_permissions (id, role_id, permission_id) VALUES (738, 2, 252);
INSERT INTO accounts_role_permissions (id, role_id, permission_id) VALUES (739, 2, 253);
INSERT INTO accounts_role_permissions (id, role_id, permission_id) VALUES (740, 2, 254);
INSERT INTO accounts_role_permissions (id, role_id, permission_id) VALUES (741, 2, 255);
INSERT INTO accounts_role_permissions (id, role_id, permission_id) VALUES (720, 2, 256);
INSERT INTO accounts_role_permissions (id, role_id, permission_id) VALUES (994, 2, 257);
INSERT INTO accounts_role_permissions (id, role_id, permission_id) VALUES (995, 2, 258);
INSERT INTO accounts_role_permissions (id, role_id, permission_id) VALUES (998, 2, 259);
INSERT INTO accounts_role_permissions (id, role_id, permission_id) VALUES (999, 2, 260);
INSERT INTO accounts_role_permissions (id, role_id, permission_id) VALUES (1000, 2, 261);
INSERT INTO accounts_role_permissions (id, role_id, permission_id) VALUES (1001, 2, 262);
INSERT INTO accounts_role_permissions (id, role_id, permission_id) VALUES (1022, 2, 263);
INSERT INTO accounts_role_permissions (id, role_id, permission_id) VALUES (1023, 2, 264);
INSERT INTO accounts_role_permissions (id, role_id, permission_id) VALUES (1024, 2, 265);
INSERT INTO accounts_role_permissions (id, role_id, permission_id) VALUES (1025, 2, 266);
INSERT INTO accounts_role_permissions (id, role_id, permission_id) VALUES (1026, 2, 267);
INSERT INTO accounts_role_permissions (id, role_id, permission_id) VALUES (1027, 2, 268);
INSERT INTO accounts_role_permissions (id, role_id, permission_id) VALUES (1028, 2, 269);
INSERT INTO accounts_role_permissions (id, role_id, permission_id) VALUES (1029, 2, 270);
INSERT INTO accounts_role_permissions (id, role_id, permission_id) VALUES (1030, 2, 271);
INSERT INTO accounts_role_permissions (id, role_id, permission_id) VALUES (1031, 2, 272);
INSERT INTO accounts_role_permissions (id, role_id, permission_id) VALUES (1032, 2, 273);
INSERT INTO accounts_role_permissions (id, role_id, permission_id) VALUES (1033, 2, 274);
INSERT INTO accounts_role_permissions (id, role_id, permission_id) VALUES (1034, 2, 275);
INSERT INTO accounts_role_permissions (id, role_id, permission_id) VALUES (1035, 2, 276);
INSERT INTO accounts_role_permissions (id, role_id, permission_id) VALUES (1036, 2, 277);
INSERT INTO accounts_role_permissions (id, role_id, permission_id) VALUES (1037, 2, 278);
INSERT INTO accounts_role_permissions (id, role_id, permission_id) VALUES (1054, 2, 279);
INSERT INTO accounts_role_permissions (id, role_id, permission_id) VALUES (1077, 2, 280);
INSERT INTO accounts_role_permissions (id, role_id, permission_id) VALUES (1078, 2, 281);
INSERT INTO accounts_role_permissions (id, role_id, permission_id) VALUES (1079, 2, 282);
INSERT INTO accounts_role_permissions (id, role_id, permission_id) VALUES (1080, 2, 283);
INSERT INTO accounts_role_permissions (id, role_id, permission_id) VALUES (1081, 2, 284);
INSERT INTO accounts_role_permissions (id, role_id, permission_id) VALUES (1082, 2, 285);
INSERT INTO accounts_role_permissions (id, role_id, permission_id) VALUES (1629, 2, 286);
INSERT INTO accounts_role_permissions (id, role_id, permission_id) VALUES (1632, 2, 287);
INSERT INTO accounts_role_permissions (id, role_id, permission_id) VALUES (1654, 2, 288);
INSERT INTO accounts_role_permissions (id, role_id, permission_id) VALUES (1655, 2, 289);
INSERT INTO accounts_role_permissions (id, role_id, permission_id) VALUES (1656, 2, 290);
INSERT INTO accounts_role_permissions (id, role_id, permission_id) VALUES (1657, 2, 291);
INSERT INTO accounts_role_permissions (id, role_id, permission_id) VALUES (1658, 2, 292);
INSERT INTO accounts_role_permissions (id, role_id, permission_id) VALUES (1092, 2, 293);
INSERT INTO accounts_role_permissions (id, role_id, permission_id) VALUES (1093, 2, 294);
INSERT INTO accounts_role_permissions (id, role_id, permission_id) VALUES (1094, 2, 295);
INSERT INTO accounts_role_permissions (id, role_id, permission_id) VALUES (1091, 2, 296);
INSERT INTO accounts_role_permissions (id, role_id, permission_id) VALUES (1659, 2, 297);
INSERT INTO accounts_role_permissions (id, role_id, permission_id) VALUES (1660, 2, 298);
INSERT INTO accounts_role_permissions (id, role_id, permission_id) VALUES (1941, 2, 299);
INSERT INTO accounts_role_permissions (id, role_id, permission_id) VALUES (1942, 2, 300);
INSERT INTO accounts_role_permissions (id, role_id, permission_id) VALUES (1943, 2, 301);
INSERT INTO accounts_role_permissions (id, role_id, permission_id) VALUES (1944, 2, 302);
INSERT INTO accounts_role_permissions (id, role_id, permission_id) VALUES (1945, 2, 304);
INSERT INTO accounts_role_permissions (id, role_id, permission_id) VALUES (1946, 2, 305);
INSERT INTO accounts_role_permissions (id, role_id, permission_id) VALUES (1947, 2, 306);
INSERT INTO accounts_role_permissions (id, role_id, permission_id) VALUES (1948, 2, 307);
INSERT INTO accounts_role_permissions (id, role_id, permission_id) VALUES (1109, 3, 19);
INSERT INTO accounts_role_permissions (id, role_id, permission_id) VALUES (1113, 3, 20);
INSERT INTO accounts_role_permissions (id, role_id, permission_id) VALUES (324, 3, 58);
INSERT INTO accounts_role_permissions (id, role_id, permission_id) VALUES (1124, 3, 71);
INSERT INTO accounts_role_permissions (id, role_id, permission_id) VALUES (343, 3, 86);
INSERT INTO accounts_role_permissions (id, role_id, permission_id) VALUES (1125, 3, 93);
INSERT INTO accounts_role_permissions (id, role_id, permission_id) VALUES (351, 3, 94);
INSERT INTO accounts_role_permissions (id, role_id, permission_id) VALUES (352, 3, 95);
INSERT INTO accounts_role_permissions (id, role_id, permission_id) VALUES (1063, 3, 97);
INSERT INTO accounts_role_permissions (id, role_id, permission_id) VALUES (356, 3, 99);
INSERT INTO accounts_role_permissions (id, role_id, permission_id) VALUES (1065, 3, 100);
INSERT INTO accounts_role_permissions (id, role_id, permission_id) VALUES (1066, 3, 101);
INSERT INTO accounts_role_permissions (id, role_id, permission_id) VALUES (1090, 3, 102);
INSERT INTO accounts_role_permissions (id, role_id, permission_id) VALUES (360, 3, 103);
INSERT INTO accounts_role_permissions (id, role_id, permission_id) VALUES (361, 3, 104);
INSERT INTO accounts_role_permissions (id, role_id, permission_id) VALUES (363, 3, 106);
INSERT INTO accounts_role_permissions (id, role_id, permission_id) VALUES (364, 3, 107);
INSERT INTO accounts_role_permissions (id, role_id, permission_id) VALUES (1095, 3, 109);
INSERT INTO accounts_role_permissions (id, role_id, permission_id) VALUES (1126, 3, 110);
INSERT INTO accounts_role_permissions (id, role_id, permission_id) VALUES (1127, 3, 111);
INSERT INTO accounts_role_permissions (id, role_id, permission_id) VALUES (369, 3, 112);
INSERT INTO accounts_role_permissions (id, role_id, permission_id) VALUES (1128, 3, 113);
INSERT INTO accounts_role_permissions (id, role_id, permission_id) VALUES (372, 3, 115);
INSERT INTO accounts_role_permissions (id, role_id, permission_id) VALUES (1133, 3, 116);
INSERT INTO accounts_role_permissions (id, role_id, permission_id) VALUES (1134, 3, 117);
INSERT INTO accounts_role_permissions (id, role_id, permission_id) VALUES (1135, 3, 118);
INSERT INTO accounts_role_permissions (id, role_id, permission_id) VALUES (1136, 3, 119);
INSERT INTO accounts_role_permissions (id, role_id, permission_id) VALUES (1137, 3, 121);
INSERT INTO accounts_role_permissions (id, role_id, permission_id) VALUES (1138, 3, 122);
INSERT INTO accounts_role_permissions (id, role_id, permission_id) VALUES (1129, 3, 125);
INSERT INTO accounts_role_permissions (id, role_id, permission_id) VALUES (1130, 3, 126);
INSERT INTO accounts_role_permissions (id, role_id, permission_id) VALUES (321, 3, 128);
INSERT INTO accounts_role_permissions (id, role_id, permission_id) VALUES (1100, 3, 129);
INSERT INTO accounts_role_permissions (id, role_id, permission_id) VALUES (1101, 3, 130);
INSERT INTO accounts_role_permissions (id, role_id, permission_id) VALUES (1102, 3, 131);
INSERT INTO accounts_role_permissions (id, role_id, permission_id) VALUES (1103, 3, 132);
INSERT INTO accounts_role_permissions (id, role_id, permission_id) VALUES (1131, 3, 133);
INSERT INTO accounts_role_permissions (id, role_id, permission_id) VALUES (1104, 3, 134);
INSERT INTO accounts_role_permissions (id, role_id, permission_id) VALUES (1105, 3, 135);
INSERT INTO accounts_role_permissions (id, role_id, permission_id) VALUES (1106, 3, 136);
INSERT INTO accounts_role_permissions (id, role_id, permission_id) VALUES (1107, 3, 137);
INSERT INTO accounts_role_permissions (id, role_id, permission_id) VALUES (1108, 3, 139);
INSERT INTO accounts_role_permissions (id, role_id, permission_id) VALUES (1132, 3, 143);
INSERT INTO accounts_role_permissions (id, role_id, permission_id) VALUES (1115, 3, 147);
INSERT INTO accounts_role_permissions (id, role_id, permission_id) VALUES (1114, 3, 152);
INSERT INTO accounts_role_permissions (id, role_id, permission_id) VALUES (1096, 3, 156);
INSERT INTO accounts_role_permissions (id, role_id, permission_id) VALUES (1139, 3, 157);
INSERT INTO accounts_role_permissions (id, role_id, permission_id) VALUES (1117, 3, 162);
INSERT INTO accounts_role_permissions (id, role_id, permission_id) VALUES (1118, 3, 163);
INSERT INTO accounts_role_permissions (id, role_id, permission_id) VALUES (1119, 3, 164);
INSERT INTO accounts_role_permissions (id, role_id, permission_id) VALUES (1097, 3, 165);
INSERT INTO accounts_role_permissions (id, role_id, permission_id) VALUES (1120, 3, 166);
INSERT INTO accounts_role_permissions (id, role_id, permission_id) VALUES (1121, 3, 169);
INSERT INTO accounts_role_permissions (id, role_id, permission_id) VALUES (1122, 3, 175);
INSERT INTO accounts_role_permissions (id, role_id, permission_id) VALUES (1123, 3, 176);
INSERT INTO accounts_role_permissions (id, role_id, permission_id) VALUES (1110, 3, 275);
INSERT INTO accounts_role_permissions (id, role_id, permission_id) VALUES (1111, 3, 276);
INSERT INTO accounts_role_permissions (id, role_id, permission_id) VALUES (1112, 3, 277);
INSERT INTO accounts_role_permissions (id, role_id, permission_id) VALUES (1074, 3, 279);
INSERT INTO accounts_role_permissions (id, role_id, permission_id) VALUES (1634, 3, 287);
INSERT INTO accounts_role_permissions (id, role_id, permission_id) VALUES (378, 4, 56);
INSERT INTO accounts_role_permissions (id, role_id, permission_id) VALUES (379, 4, 57);
INSERT INTO accounts_role_permissions (id, role_id, permission_id) VALUES (380, 4, 58);
INSERT INTO accounts_role_permissions (id, role_id, permission_id) VALUES (381, 4, 59);
INSERT INTO accounts_role_permissions (id, role_id, permission_id) VALUES (382, 4, 60);
INSERT INTO accounts_role_permissions (id, role_id, permission_id) VALUES (383, 4, 61);
INSERT INTO accounts_role_permissions (id, role_id, permission_id) VALUES (384, 4, 64);
INSERT INTO accounts_role_permissions (id, role_id, permission_id) VALUES (385, 4, 72);
INSERT INTO accounts_role_permissions (id, role_id, permission_id) VALUES (386, 4, 73);
INSERT INTO accounts_role_permissions (id, role_id, permission_id) VALUES (387, 4, 74);
INSERT INTO accounts_role_permissions (id, role_id, permission_id) VALUES (388, 4, 75);
INSERT INTO accounts_role_permissions (id, role_id, permission_id) VALUES (389, 4, 76);
INSERT INTO accounts_role_permissions (id, role_id, permission_id) VALUES (390, 4, 77);
INSERT INTO accounts_role_permissions (id, role_id, permission_id) VALUES (391, 4, 78);
INSERT INTO accounts_role_permissions (id, role_id, permission_id) VALUES (392, 4, 79);
INSERT INTO accounts_role_permissions (id, role_id, permission_id) VALUES (393, 4, 80);
INSERT INTO accounts_role_permissions (id, role_id, permission_id) VALUES (394, 4, 81);
INSERT INTO accounts_role_permissions (id, role_id, permission_id) VALUES (395, 4, 82);
INSERT INTO accounts_role_permissions (id, role_id, permission_id) VALUES (396, 4, 83);
INSERT INTO accounts_role_permissions (id, role_id, permission_id) VALUES (397, 4, 84);
INSERT INTO accounts_role_permissions (id, role_id, permission_id) VALUES (398, 4, 85);
INSERT INTO accounts_role_permissions (id, role_id, permission_id) VALUES (399, 4, 86);
INSERT INTO accounts_role_permissions (id, role_id, permission_id) VALUES (400, 4, 87);
INSERT INTO accounts_role_permissions (id, role_id, permission_id) VALUES (401, 4, 88);
INSERT INTO accounts_role_permissions (id, role_id, permission_id) VALUES (402, 4, 89);
INSERT INTO accounts_role_permissions (id, role_id, permission_id) VALUES (403, 4, 92);
INSERT INTO accounts_role_permissions (id, role_id, permission_id) VALUES (404, 4, 94);
INSERT INTO accounts_role_permissions (id, role_id, permission_id) VALUES (405, 4, 95);
INSERT INTO accounts_role_permissions (id, role_id, permission_id) VALUES (406, 4, 98);
INSERT INTO accounts_role_permissions (id, role_id, permission_id) VALUES (407, 4, 100);
INSERT INTO accounts_role_permissions (id, role_id, permission_id) VALUES (408, 4, 103);
INSERT INTO accounts_role_permissions (id, role_id, permission_id) VALUES (409, 4, 104);
INSERT INTO accounts_role_permissions (id, role_id, permission_id) VALUES (410, 4, 105);
INSERT INTO accounts_role_permissions (id, role_id, permission_id) VALUES (411, 4, 106);
INSERT INTO accounts_role_permissions (id, role_id, permission_id) VALUES (412, 4, 107);
INSERT INTO accounts_role_permissions (id, role_id, permission_id) VALUES (413, 4, 108);
INSERT INTO accounts_role_permissions (id, role_id, permission_id) VALUES (414, 4, 109);
INSERT INTO accounts_role_permissions (id, role_id, permission_id) VALUES (422, 4, 117);
INSERT INTO accounts_role_permissions (id, role_id, permission_id) VALUES (423, 4, 118);
INSERT INTO accounts_role_permissions (id, role_id, permission_id) VALUES (424, 4, 119);
INSERT INTO accounts_role_permissions (id, role_id, permission_id) VALUES (1951, 4, 132);
INSERT INTO accounts_role_permissions (id, role_id, permission_id) VALUES (1950, 4, 135);
INSERT INTO accounts_role_permissions (id, role_id, permission_id) VALUES (1949, 4, 136);
INSERT INTO accounts_role_permissions (id, role_id, permission_id) VALUES (1953, 4, 150);
INSERT INTO accounts_role_permissions (id, role_id, permission_id) VALUES (644, 4, 169);
INSERT INTO accounts_role_permissions (id, role_id, permission_id) VALUES (1635, 4, 287);
INSERT INTO accounts_role_permissions (id, role_id, permission_id) VALUES (1667, 4, 293);
INSERT INTO accounts_role_permissions (id, role_id, permission_id) VALUES (1952, 4, 301);
INSERT INTO accounts_role_permissions (id, role_id, permission_id) VALUES (425, 5, 25);
INSERT INTO accounts_role_permissions (id, role_id, permission_id) VALUES (426, 5, 26);
INSERT INTO accounts_role_permissions (id, role_id, permission_id) VALUES (427, 5, 27);
INSERT INTO accounts_role_permissions (id, role_id, permission_id) VALUES (428, 5, 28);
INSERT INTO accounts_role_permissions (id, role_id, permission_id) VALUES (429, 5, 35);
INSERT INTO accounts_role_permissions (id, role_id, permission_id) VALUES (430, 5, 38);
INSERT INTO accounts_role_permissions (id, role_id, permission_id) VALUES (431, 5, 40);
INSERT INTO accounts_role_permissions (id, role_id, permission_id) VALUES (432, 5, 41);
INSERT INTO accounts_role_permissions (id, role_id, permission_id) VALUES (433, 5, 42);
INSERT INTO accounts_role_permissions (id, role_id, permission_id) VALUES (434, 5, 43);
INSERT INTO accounts_role_permissions (id, role_id, permission_id) VALUES (435, 5, 48);
INSERT INTO accounts_role_permissions (id, role_id, permission_id) VALUES (436, 5, 52);
INSERT INTO accounts_role_permissions (id, role_id, permission_id) VALUES (437, 5, 53);
INSERT INTO accounts_role_permissions (id, role_id, permission_id) VALUES (438, 5, 54);
INSERT INTO accounts_role_permissions (id, role_id, permission_id) VALUES (439, 5, 56);
INSERT INTO accounts_role_permissions (id, role_id, permission_id) VALUES (440, 5, 57);
INSERT INTO accounts_role_permissions (id, role_id, permission_id) VALUES (441, 5, 58);
INSERT INTO accounts_role_permissions (id, role_id, permission_id) VALUES (442, 5, 59);
INSERT INTO accounts_role_permissions (id, role_id, permission_id) VALUES (443, 5, 60);
INSERT INTO accounts_role_permissions (id, role_id, permission_id) VALUES (444, 5, 61);
INSERT INTO accounts_role_permissions (id, role_id, permission_id) VALUES (445, 5, 62);
INSERT INTO accounts_role_permissions (id, role_id, permission_id) VALUES (446, 5, 63);
INSERT INTO accounts_role_permissions (id, role_id, permission_id) VALUES (447, 5, 64);
INSERT INTO accounts_role_permissions (id, role_id, permission_id) VALUES (448, 5, 72);
INSERT INTO accounts_role_permissions (id, role_id, permission_id) VALUES (449, 5, 73);
INSERT INTO accounts_role_permissions (id, role_id, permission_id) VALUES (450, 5, 74);
INSERT INTO accounts_role_permissions (id, role_id, permission_id) VALUES (451, 5, 75);
INSERT INTO accounts_role_permissions (id, role_id, permission_id) VALUES (452, 5, 77);
INSERT INTO accounts_role_permissions (id, role_id, permission_id) VALUES (453, 5, 78);
INSERT INTO accounts_role_permissions (id, role_id, permission_id) VALUES (454, 5, 79);
INSERT INTO accounts_role_permissions (id, role_id, permission_id) VALUES (455, 5, 80);
INSERT INTO accounts_role_permissions (id, role_id, permission_id) VALUES (456, 5, 82);
INSERT INTO accounts_role_permissions (id, role_id, permission_id) VALUES (457, 5, 83);
INSERT INTO accounts_role_permissions (id, role_id, permission_id) VALUES (458, 5, 84);
INSERT INTO accounts_role_permissions (id, role_id, permission_id) VALUES (459, 5, 86);
INSERT INTO accounts_role_permissions (id, role_id, permission_id) VALUES (460, 5, 87);
INSERT INTO accounts_role_permissions (id, role_id, permission_id) VALUES (461, 5, 88);
INSERT INTO accounts_role_permissions (id, role_id, permission_id) VALUES (462, 5, 90);
INSERT INTO accounts_role_permissions (id, role_id, permission_id) VALUES (463, 5, 91);
INSERT INTO accounts_role_permissions (id, role_id, permission_id) VALUES (464, 5, 92);
INSERT INTO accounts_role_permissions (id, role_id, permission_id) VALUES (465, 5, 93);
INSERT INTO accounts_role_permissions (id, role_id, permission_id) VALUES (466, 5, 94);
INSERT INTO accounts_role_permissions (id, role_id, permission_id) VALUES (467, 5, 95);
INSERT INTO accounts_role_permissions (id, role_id, permission_id) VALUES (468, 5, 96);
INSERT INTO accounts_role_permissions (id, role_id, permission_id) VALUES (469, 5, 97);
INSERT INTO accounts_role_permissions (id, role_id, permission_id) VALUES (470, 5, 98);
INSERT INTO accounts_role_permissions (id, role_id, permission_id) VALUES (471, 5, 99);
INSERT INTO accounts_role_permissions (id, role_id, permission_id) VALUES (472, 5, 101);
INSERT INTO accounts_role_permissions (id, role_id, permission_id) VALUES (473, 5, 102);
INSERT INTO accounts_role_permissions (id, role_id, permission_id) VALUES (474, 5, 103);
INSERT INTO accounts_role_permissions (id, role_id, permission_id) VALUES (475, 5, 104);
INSERT INTO accounts_role_permissions (id, role_id, permission_id) VALUES (476, 5, 105);
INSERT INTO accounts_role_permissions (id, role_id, permission_id) VALUES (477, 5, 106);
INSERT INTO accounts_role_permissions (id, role_id, permission_id) VALUES (478, 5, 107);
INSERT INTO accounts_role_permissions (id, role_id, permission_id) VALUES (479, 5, 108);
INSERT INTO accounts_role_permissions (id, role_id, permission_id) VALUES (480, 5, 109);
INSERT INTO accounts_role_permissions (id, role_id, permission_id) VALUES (481, 5, 110);
INSERT INTO accounts_role_permissions (id, role_id, permission_id) VALUES (482, 5, 111);
INSERT INTO accounts_role_permissions (id, role_id, permission_id) VALUES (483, 5, 112);
INSERT INTO accounts_role_permissions (id, role_id, permission_id) VALUES (484, 5, 113);
INSERT INTO accounts_role_permissions (id, role_id, permission_id) VALUES (485, 5, 114);
INSERT INTO accounts_role_permissions (id, role_id, permission_id) VALUES (486, 5, 115);
INSERT INTO accounts_role_permissions (id, role_id, permission_id) VALUES (487, 5, 116);
INSERT INTO accounts_role_permissions (id, role_id, permission_id) VALUES (488, 5, 117);
INSERT INTO accounts_role_permissions (id, role_id, permission_id) VALUES (489, 5, 118);
INSERT INTO accounts_role_permissions (id, role_id, permission_id) VALUES (540, 5, 165);
INSERT INTO accounts_role_permissions (id, role_id, permission_id) VALUES (541, 5, 166);
INSERT INTO accounts_role_permissions (id, role_id, permission_id) VALUES (542, 5, 167);
INSERT INTO accounts_role_permissions (id, role_id, permission_id) VALUES (539, 5, 168);
INSERT INTO accounts_role_permissions (id, role_id, permission_id) VALUES (646, 5, 169);
INSERT INTO accounts_role_permissions (id, role_id, permission_id) VALUES (1638, 5, 287);
INSERT INTO accounts_role_permissions (id, role_id, permission_id) VALUES (490, 6, 56);
INSERT INTO accounts_role_permissions (id, role_id, permission_id) VALUES (491, 6, 57);
INSERT INTO accounts_role_permissions (id, role_id, permission_id) VALUES (492, 6, 58);
INSERT INTO accounts_role_permissions (id, role_id, permission_id) VALUES (493, 6, 59);
INSERT INTO accounts_role_permissions (id, role_id, permission_id) VALUES (494, 6, 60);
INSERT INTO accounts_role_permissions (id, role_id, permission_id) VALUES (495, 6, 64);
INSERT INTO accounts_role_permissions (id, role_id, permission_id) VALUES (496, 6, 72);
INSERT INTO accounts_role_permissions (id, role_id, permission_id) VALUES (497, 6, 73);
INSERT INTO accounts_role_permissions (id, role_id, permission_id) VALUES (498, 6, 74);
INSERT INTO accounts_role_permissions (id, role_id, permission_id) VALUES (499, 6, 77);
INSERT INTO accounts_role_permissions (id, role_id, permission_id) VALUES (500, 6, 80);
INSERT INTO accounts_role_permissions (id, role_id, permission_id) VALUES (501, 6, 84);
INSERT INTO accounts_role_permissions (id, role_id, permission_id) VALUES (502, 6, 86);
INSERT INTO accounts_role_permissions (id, role_id, permission_id) VALUES (503, 6, 87);
INSERT INTO accounts_role_permissions (id, role_id, permission_id) VALUES (504, 6, 88);
INSERT INTO accounts_role_permissions (id, role_id, permission_id) VALUES (505, 6, 91);
INSERT INTO accounts_role_permissions (id, role_id, permission_id) VALUES (506, 6, 92);
INSERT INTO accounts_role_permissions (id, role_id, permission_id) VALUES (507, 6, 95);
INSERT INTO accounts_role_permissions (id, role_id, permission_id) VALUES (508, 6, 96);
INSERT INTO accounts_role_permissions (id, role_id, permission_id) VALUES (509, 6, 97);
INSERT INTO accounts_role_permissions (id, role_id, permission_id) VALUES (510, 6, 101);
INSERT INTO accounts_role_permissions (id, role_id, permission_id) VALUES (511, 6, 102);
INSERT INTO accounts_role_permissions (id, role_id, permission_id) VALUES (512, 6, 103);
INSERT INTO accounts_role_permissions (id, role_id, permission_id) VALUES (513, 6, 104);
INSERT INTO accounts_role_permissions (id, role_id, permission_id) VALUES (514, 6, 105);
INSERT INTO accounts_role_permissions (id, role_id, permission_id) VALUES (515, 6, 106);
INSERT INTO accounts_role_permissions (id, role_id, permission_id) VALUES (516, 6, 107);
INSERT INTO accounts_role_permissions (id, role_id, permission_id) VALUES (517, 6, 108);
INSERT INTO accounts_role_permissions (id, role_id, permission_id) VALUES (518, 6, 111);
INSERT INTO accounts_role_permissions (id, role_id, permission_id) VALUES (519, 6, 112);
INSERT INTO accounts_role_permissions (id, role_id, permission_id) VALUES (520, 6, 113);
INSERT INTO accounts_role_permissions (id, role_id, permission_id) VALUES (521, 6, 114);
INSERT INTO accounts_role_permissions (id, role_id, permission_id) VALUES (522, 6, 115);
INSERT INTO accounts_role_permissions (id, role_id, permission_id) VALUES (523, 6, 116);
INSERT INTO accounts_role_permissions (id, role_id, permission_id) VALUES (524, 6, 117);
INSERT INTO accounts_role_permissions (id, role_id, permission_id) VALUES (525, 6, 118);
INSERT INTO accounts_role_permissions (id, role_id, permission_id) VALUES (526, 6, 119);
INSERT INTO accounts_role_permissions (id, role_id, permission_id) VALUES (1332, 6, 122);
INSERT INTO accounts_role_permissions (id, role_id, permission_id) VALUES (1328, 6, 132);
INSERT INTO accounts_role_permissions (id, role_id, permission_id) VALUES (1329, 6, 133);
INSERT INTO accounts_role_permissions (id, role_id, permission_id) VALUES (1330, 6, 135);
INSERT INTO accounts_role_permissions (id, role_id, permission_id) VALUES (1331, 6, 136);
INSERT INTO accounts_role_permissions (id, role_id, permission_id) VALUES (1327, 6, 146);
INSERT INTO accounts_role_permissions (id, role_id, permission_id) VALUES (1326, 6, 148);
INSERT INTO accounts_role_permissions (id, role_id, permission_id) VALUES (1140, 6, 156);
INSERT INTO accounts_role_permissions (id, role_id, permission_id) VALUES (642, 6, 169);
INSERT INTO accounts_role_permissions (id, role_id, permission_id) VALUES (1061, 6, 263);
INSERT INTO accounts_role_permissions (id, role_id, permission_id) VALUES (1060, 6, 265);
INSERT INTO accounts_role_permissions (id, role_id, permission_id) VALUES (1633, 6, 287);
INSERT INTO accounts_role_permissions (id, role_id, permission_id) VALUES (551, 7, 25);
INSERT INTO accounts_role_permissions (id, role_id, permission_id) VALUES (552, 7, 26);
INSERT INTO accounts_role_permissions (id, role_id, permission_id) VALUES (553, 7, 27);
INSERT INTO accounts_role_permissions (id, role_id, permission_id) VALUES (554, 7, 28);
INSERT INTO accounts_role_permissions (id, role_id, permission_id) VALUES (557, 7, 31);
INSERT INTO accounts_role_permissions (id, role_id, permission_id) VALUES (575, 7, 49);
INSERT INTO accounts_role_permissions (id, role_id, permission_id) VALUES (578, 7, 52);
INSERT INTO accounts_role_permissions (id, role_id, permission_id) VALUES (1216, 7, 66);
INSERT INTO accounts_role_permissions (id, role_id, permission_id) VALUES (1217, 7, 67);
INSERT INTO accounts_role_permissions (id, role_id, permission_id) VALUES (1218, 7, 68);
INSERT INTO accounts_role_permissions (id, role_id, permission_id) VALUES (1219, 7, 69);
INSERT INTO accounts_role_permissions (id, role_id, permission_id) VALUES (590, 7, 72);
INSERT INTO accounts_role_permissions (id, role_id, permission_id) VALUES (596, 7, 78);
INSERT INTO accounts_role_permissions (id, role_id, permission_id) VALUES (600, 7, 82);
INSERT INTO accounts_role_permissions (id, role_id, permission_id) VALUES (601, 7, 83);
INSERT INTO accounts_role_permissions (id, role_id, permission_id) VALUES (602, 7, 84);
INSERT INTO accounts_role_permissions (id, role_id, permission_id) VALUES (603, 7, 85);
INSERT INTO accounts_role_permissions (id, role_id, permission_id) VALUES (604, 7, 86);
INSERT INTO accounts_role_permissions (id, role_id, permission_id) VALUES (605, 7, 87);
INSERT INTO accounts_role_permissions (id, role_id, permission_id) VALUES (608, 7, 90);
INSERT INTO accounts_role_permissions (id, role_id, permission_id) VALUES (618, 7, 100);
INSERT INTO accounts_role_permissions (id, role_id, permission_id) VALUES (619, 7, 101);
INSERT INTO accounts_role_permissions (id, role_id, permission_id) VALUES (620, 7, 102);
INSERT INTO accounts_role_permissions (id, role_id, permission_id) VALUES (621, 7, 103);
INSERT INTO accounts_role_permissions (id, role_id, permission_id) VALUES (622, 7, 104);
INSERT INTO accounts_role_permissions (id, role_id, permission_id) VALUES (623, 7, 105);
INSERT INTO accounts_role_permissions (id, role_id, permission_id) VALUES (624, 7, 106);
INSERT INTO accounts_role_permissions (id, role_id, permission_id) VALUES (625, 7, 107);
INSERT INTO accounts_role_permissions (id, role_id, permission_id) VALUES (626, 7, 108);
INSERT INTO accounts_role_permissions (id, role_id, permission_id) VALUES (627, 7, 109);
INSERT INTO accounts_role_permissions (id, role_id, permission_id) VALUES (1340, 7, 117);
INSERT INTO accounts_role_permissions (id, role_id, permission_id) VALUES (1705, 7, 118);
INSERT INTO accounts_role_permissions (id, role_id, permission_id) VALUES (1706, 7, 119);
INSERT INTO accounts_role_permissions (id, role_id, permission_id) VALUES (1707, 7, 120);
INSERT INTO accounts_role_permissions (id, role_id, permission_id) VALUES (1708, 7, 121);
INSERT INTO accounts_role_permissions (id, role_id, permission_id) VALUES (1188, 7, 122);
INSERT INTO accounts_role_permissions (id, role_id, permission_id) VALUES (1343, 7, 123);
INSERT INTO accounts_role_permissions (id, role_id, permission_id) VALUES (1344, 7, 124);
INSERT INTO accounts_role_permissions (id, role_id, permission_id) VALUES (1191, 7, 125);
INSERT INTO accounts_role_permissions (id, role_id, permission_id) VALUES (1709, 7, 126);
INSERT INTO accounts_role_permissions (id, role_id, permission_id) VALUES (1346, 7, 127);
INSERT INTO accounts_role_permissions (id, role_id, permission_id) VALUES (1668, 7, 128);
INSERT INTO accounts_role_permissions (id, role_id, permission_id) VALUES (1669, 7, 129);
INSERT INTO accounts_role_permissions (id, role_id, permission_id) VALUES (1670, 7, 130);
INSERT INTO accounts_role_permissions (id, role_id, permission_id) VALUES (1336, 7, 131);
INSERT INTO accounts_role_permissions (id, role_id, permission_id) VALUES (1337, 7, 132);
INSERT INTO accounts_role_permissions (id, role_id, permission_id) VALUES (1671, 7, 133);
INSERT INTO accounts_role_permissions (id, role_id, permission_id) VALUES (1672, 7, 134);
INSERT INTO accounts_role_permissions (id, role_id, permission_id) VALUES (1148, 7, 135);
INSERT INTO accounts_role_permissions (id, role_id, permission_id) VALUES (1149, 7, 136);
INSERT INTO accounts_role_permissions (id, role_id, permission_id) VALUES (1150, 7, 137);
INSERT INTO accounts_role_permissions (id, role_id, permission_id) VALUES (1151, 7, 138);
INSERT INTO accounts_role_permissions (id, role_id, permission_id) VALUES (1152, 7, 139);
INSERT INTO accounts_role_permissions (id, role_id, permission_id) VALUES (1673, 7, 140);
INSERT INTO accounts_role_permissions (id, role_id, permission_id) VALUES (1674, 7, 141);
INSERT INTO accounts_role_permissions (id, role_id, permission_id) VALUES (1155, 7, 142);
INSERT INTO accounts_role_permissions (id, role_id, permission_id) VALUES (1675, 7, 143);
INSERT INTO accounts_role_permissions (id, role_id, permission_id) VALUES (1676, 7, 144);
INSERT INTO accounts_role_permissions (id, role_id, permission_id) VALUES (1677, 7, 145);
INSERT INTO accounts_role_permissions (id, role_id, permission_id) VALUES (1678, 7, 146);
INSERT INTO accounts_role_permissions (id, role_id, permission_id) VALUES (1679, 7, 147);
INSERT INTO accounts_role_permissions (id, role_id, permission_id) VALUES (1680, 7, 148);
INSERT INTO accounts_role_permissions (id, role_id, permission_id) VALUES (1681, 7, 149);
INSERT INTO accounts_role_permissions (id, role_id, permission_id) VALUES (1163, 7, 150);
INSERT INTO accounts_role_permissions (id, role_id, permission_id) VALUES (1682, 7, 151);
INSERT INTO accounts_role_permissions (id, role_id, permission_id) VALUES (1165, 7, 152);
INSERT INTO accounts_role_permissions (id, role_id, permission_id) VALUES (1166, 7, 153);
INSERT INTO accounts_role_permissions (id, role_id, permission_id) VALUES (1167, 7, 154);
INSERT INTO accounts_role_permissions (id, role_id, permission_id) VALUES (1683, 7, 155);
INSERT INTO accounts_role_permissions (id, role_id, permission_id) VALUES (1684, 7, 156);
INSERT INTO accounts_role_permissions (id, role_id, permission_id) VALUES (1685, 7, 157);
INSERT INTO accounts_role_permissions (id, role_id, permission_id) VALUES (1686, 7, 158);
INSERT INTO accounts_role_permissions (id, role_id, permission_id) VALUES (1172, 7, 159);
INSERT INTO accounts_role_permissions (id, role_id, permission_id) VALUES (1173, 7, 160);
INSERT INTO accounts_role_permissions (id, role_id, permission_id) VALUES (1174, 7, 161);
INSERT INTO accounts_role_permissions (id, role_id, permission_id) VALUES (1175, 7, 162);
INSERT INTO accounts_role_permissions (id, role_id, permission_id) VALUES (1176, 7, 163);
INSERT INTO accounts_role_permissions (id, role_id, permission_id) VALUES (1177, 7, 164);
INSERT INTO accounts_role_permissions (id, role_id, permission_id) VALUES (1687, 7, 166);
INSERT INTO accounts_role_permissions (id, role_id, permission_id) VALUES (640, 7, 167);
INSERT INTO accounts_role_permissions (id, role_id, permission_id) VALUES (641, 7, 168);
INSERT INTO accounts_role_permissions (id, role_id, permission_id) VALUES (1688, 7, 169);
INSERT INTO accounts_role_permissions (id, role_id, permission_id) VALUES (1178, 7, 170);
INSERT INTO accounts_role_permissions (id, role_id, permission_id) VALUES (1179, 7, 171);
INSERT INTO accounts_role_permissions (id, role_id, permission_id) VALUES (1180, 7, 172);
INSERT INTO accounts_role_permissions (id, role_id, permission_id) VALUES (1181, 7, 173);
INSERT INTO accounts_role_permissions (id, role_id, permission_id) VALUES (1182, 7, 174);
INSERT INTO accounts_role_permissions (id, role_id, permission_id) VALUES (1183, 7, 175);
INSERT INTO accounts_role_permissions (id, role_id, permission_id) VALUES (1184, 7, 176);
INSERT INTO accounts_role_permissions (id, role_id, permission_id) VALUES (1185, 7, 177);
INSERT INTO accounts_role_permissions (id, role_id, permission_id) VALUES (1222, 7, 178);
INSERT INTO accounts_role_permissions (id, role_id, permission_id) VALUES (1692, 7, 179);
INSERT INTO accounts_role_permissions (id, role_id, permission_id) VALUES (1693, 7, 180);
INSERT INTO accounts_role_permissions (id, role_id, permission_id) VALUES (1694, 7, 181);
INSERT INTO accounts_role_permissions (id, role_id, permission_id) VALUES (1695, 7, 182);
INSERT INTO accounts_role_permissions (id, role_id, permission_id) VALUES (1696, 7, 183);
INSERT INTO accounts_role_permissions (id, role_id, permission_id) VALUES (1697, 7, 184);
INSERT INTO accounts_role_permissions (id, role_id, permission_id) VALUES (1698, 7, 185);
INSERT INTO accounts_role_permissions (id, role_id, permission_id) VALUES (1699, 7, 186);
INSERT INTO accounts_role_permissions (id, role_id, permission_id) VALUES (1700, 7, 187);
INSERT INTO accounts_role_permissions (id, role_id, permission_id) VALUES (1701, 7, 188);
INSERT INTO accounts_role_permissions (id, role_id, permission_id) VALUES (1233, 7, 189);
INSERT INTO accounts_role_permissions (id, role_id, permission_id) VALUES (1702, 7, 190);
INSERT INTO accounts_role_permissions (id, role_id, permission_id) VALUES (1703, 7, 191);
INSERT INTO accounts_role_permissions (id, role_id, permission_id) VALUES (1704, 7, 192);
INSERT INTO accounts_role_permissions (id, role_id, permission_id) VALUES (1267, 7, 223);
INSERT INTO accounts_role_permissions (id, role_id, permission_id) VALUES (1274, 7, 230);
INSERT INTO accounts_role_permissions (id, role_id, permission_id) VALUES (1278, 7, 234);
INSERT INTO accounts_role_permissions (id, role_id, permission_id) VALUES (1279, 7, 235);
INSERT INTO accounts_role_permissions (id, role_id, permission_id) VALUES (1280, 7, 236);
INSERT INTO accounts_role_permissions (id, role_id, permission_id) VALUES (1281, 7, 237);
INSERT INTO accounts_role_permissions (id, role_id, permission_id) VALUES (1282, 7, 238);
INSERT INTO accounts_role_permissions (id, role_id, permission_id) VALUES (1283, 7, 239);
INSERT INTO accounts_role_permissions (id, role_id, permission_id) VALUES (1284, 7, 240);
INSERT INTO accounts_role_permissions (id, role_id, permission_id) VALUES (1285, 7, 241);
INSERT INTO accounts_role_permissions (id, role_id, permission_id) VALUES (1286, 7, 242);
INSERT INTO accounts_role_permissions (id, role_id, permission_id) VALUES (1287, 7, 243);
INSERT INTO accounts_role_permissions (id, role_id, permission_id) VALUES (1288, 7, 244);
INSERT INTO accounts_role_permissions (id, role_id, permission_id) VALUES (1289, 7, 245);
INSERT INTO accounts_role_permissions (id, role_id, permission_id) VALUES (1290, 7, 246);
INSERT INTO accounts_role_permissions (id, role_id, permission_id) VALUES (1291, 7, 247);
INSERT INTO accounts_role_permissions (id, role_id, permission_id) VALUES (1292, 7, 248);
INSERT INTO accounts_role_permissions (id, role_id, permission_id) VALUES (1293, 7, 249);
INSERT INTO accounts_role_permissions (id, role_id, permission_id) VALUES (1294, 7, 250);
INSERT INTO accounts_role_permissions (id, role_id, permission_id) VALUES (1295, 7, 251);
INSERT INTO accounts_role_permissions (id, role_id, permission_id) VALUES (1296, 7, 252);
INSERT INTO accounts_role_permissions (id, role_id, permission_id) VALUES (1297, 7, 253);
INSERT INTO accounts_role_permissions (id, role_id, permission_id) VALUES (1298, 7, 254);
INSERT INTO accounts_role_permissions (id, role_id, permission_id) VALUES (1299, 7, 255);
INSERT INTO accounts_role_permissions (id, role_id, permission_id) VALUES (1300, 7, 256);
INSERT INTO accounts_role_permissions (id, role_id, permission_id) VALUES (1301, 7, 257);
INSERT INTO accounts_role_permissions (id, role_id, permission_id) VALUES (1302, 7, 258);
INSERT INTO accounts_role_permissions (id, role_id, permission_id) VALUES (1303, 7, 259);
INSERT INTO accounts_role_permissions (id, role_id, permission_id) VALUES (1304, 7, 260);
INSERT INTO accounts_role_permissions (id, role_id, permission_id) VALUES (1305, 7, 261);
INSERT INTO accounts_role_permissions (id, role_id, permission_id) VALUES (1306, 7, 262);
INSERT INTO accounts_role_permissions (id, role_id, permission_id) VALUES (1307, 7, 263);
INSERT INTO accounts_role_permissions (id, role_id, permission_id) VALUES (1308, 7, 264);
INSERT INTO accounts_role_permissions (id, role_id, permission_id) VALUES (1309, 7, 265);
INSERT INTO accounts_role_permissions (id, role_id, permission_id) VALUES (1310, 7, 266);
INSERT INTO accounts_role_permissions (id, role_id, permission_id) VALUES (1311, 7, 267);
INSERT INTO accounts_role_permissions (id, role_id, permission_id) VALUES (1312, 7, 268);
INSERT INTO accounts_role_permissions (id, role_id, permission_id) VALUES (1313, 7, 269);
INSERT INTO accounts_role_permissions (id, role_id, permission_id) VALUES (1314, 7, 270);
INSERT INTO accounts_role_permissions (id, role_id, permission_id) VALUES (1315, 7, 271);
INSERT INTO accounts_role_permissions (id, role_id, permission_id) VALUES (1316, 7, 272);
INSERT INTO accounts_role_permissions (id, role_id, permission_id) VALUES (1317, 7, 273);
INSERT INTO accounts_role_permissions (id, role_id, permission_id) VALUES (1318, 7, 274);
INSERT INTO accounts_role_permissions (id, role_id, permission_id) VALUES (1319, 7, 275);
INSERT INTO accounts_role_permissions (id, role_id, permission_id) VALUES (1320, 7, 276);
INSERT INTO accounts_role_permissions (id, role_id, permission_id) VALUES (1321, 7, 277);
INSERT INTO accounts_role_permissions (id, role_id, permission_id) VALUES (1322, 7, 278);
INSERT INTO accounts_role_permissions (id, role_id, permission_id) VALUES (1323, 7, 279);
INSERT INTO accounts_role_permissions (id, role_id, permission_id) VALUES (1324, 7, 280);
INSERT INTO accounts_role_permissions (id, role_id, permission_id) VALUES (1325, 7, 281);
INSERT INTO accounts_role_permissions (id, role_id, permission_id) VALUES (1650, 7, 282);
INSERT INTO accounts_role_permissions (id, role_id, permission_id) VALUES (1651, 7, 283);
INSERT INTO accounts_role_permissions (id, role_id, permission_id) VALUES (1652, 7, 284);
INSERT INTO accounts_role_permissions (id, role_id, permission_id) VALUES (1653, 7, 285);
INSERT INTO accounts_role_permissions (id, role_id, permission_id) VALUES (1631, 7, 286);
INSERT INTO accounts_role_permissions (id, role_id, permission_id) VALUES (1637, 7, 287);
INSERT INTO accounts_role_permissions (id, role_id, permission_id) VALUES (1640, 7, 288);
INSERT INTO accounts_role_permissions (id, role_id, permission_id) VALUES (1644, 7, 293);
INSERT INTO accounts_role_permissions (id, role_id, permission_id) VALUES (1689, 7, 299);
INSERT INTO accounts_role_permissions (id, role_id, permission_id) VALUES (1690, 7, 300);
INSERT INTO accounts_role_permissions (id, role_id, permission_id) VALUES (1666, 7, 301);
INSERT INTO accounts_role_permissions (id, role_id, permission_id) VALUES (1691, 7, 302);
INSERT INTO accounts_role_permissions (id, role_id, permission_id) VALUES (742, 8, 1);
INSERT INTO accounts_role_permissions (id, role_id, permission_id) VALUES (743, 8, 2);
INSERT INTO accounts_role_permissions (id, role_id, permission_id) VALUES (744, 8, 3);
INSERT INTO accounts_role_permissions (id, role_id, permission_id) VALUES (745, 8, 4);
INSERT INTO accounts_role_permissions (id, role_id, permission_id) VALUES (746, 8, 5);
INSERT INTO accounts_role_permissions (id, role_id, permission_id) VALUES (747, 8, 6);
INSERT INTO accounts_role_permissions (id, role_id, permission_id) VALUES (748, 8, 7);
INSERT INTO accounts_role_permissions (id, role_id, permission_id) VALUES (749, 8, 8);
INSERT INTO accounts_role_permissions (id, role_id, permission_id) VALUES (750, 8, 9);
INSERT INTO accounts_role_permissions (id, role_id, permission_id) VALUES (751, 8, 10);
INSERT INTO accounts_role_permissions (id, role_id, permission_id) VALUES (752, 8, 11);
INSERT INTO accounts_role_permissions (id, role_id, permission_id) VALUES (753, 8, 12);
INSERT INTO accounts_role_permissions (id, role_id, permission_id) VALUES (754, 8, 13);
INSERT INTO accounts_role_permissions (id, role_id, permission_id) VALUES (755, 8, 14);
INSERT INTO accounts_role_permissions (id, role_id, permission_id) VALUES (756, 8, 15);
INSERT INTO accounts_role_permissions (id, role_id, permission_id) VALUES (757, 8, 16);
INSERT INTO accounts_role_permissions (id, role_id, permission_id) VALUES (758, 8, 17);
INSERT INTO accounts_role_permissions (id, role_id, permission_id) VALUES (759, 8, 18);
INSERT INTO accounts_role_permissions (id, role_id, permission_id) VALUES (760, 8, 19);
INSERT INTO accounts_role_permissions (id, role_id, permission_id) VALUES (761, 8, 20);
INSERT INTO accounts_role_permissions (id, role_id, permission_id) VALUES (762, 8, 21);
INSERT INTO accounts_role_permissions (id, role_id, permission_id) VALUES (763, 8, 22);
INSERT INTO accounts_role_permissions (id, role_id, permission_id) VALUES (764, 8, 23);
INSERT INTO accounts_role_permissions (id, role_id, permission_id) VALUES (765, 8, 24);
INSERT INTO accounts_role_permissions (id, role_id, permission_id) VALUES (766, 8, 25);
INSERT INTO accounts_role_permissions (id, role_id, permission_id) VALUES (767, 8, 26);
INSERT INTO accounts_role_permissions (id, role_id, permission_id) VALUES (768, 8, 27);
INSERT INTO accounts_role_permissions (id, role_id, permission_id) VALUES (769, 8, 28);
INSERT INTO accounts_role_permissions (id, role_id, permission_id) VALUES (770, 8, 29);
INSERT INTO accounts_role_permissions (id, role_id, permission_id) VALUES (771, 8, 30);
INSERT INTO accounts_role_permissions (id, role_id, permission_id) VALUES (772, 8, 31);
INSERT INTO accounts_role_permissions (id, role_id, permission_id) VALUES (773, 8, 32);
INSERT INTO accounts_role_permissions (id, role_id, permission_id) VALUES (774, 8, 33);
INSERT INTO accounts_role_permissions (id, role_id, permission_id) VALUES (775, 8, 34);
INSERT INTO accounts_role_permissions (id, role_id, permission_id) VALUES (776, 8, 35);
INSERT INTO accounts_role_permissions (id, role_id, permission_id) VALUES (777, 8, 36);
INSERT INTO accounts_role_permissions (id, role_id, permission_id) VALUES (778, 8, 37);
INSERT INTO accounts_role_permissions (id, role_id, permission_id) VALUES (779, 8, 38);
INSERT INTO accounts_role_permissions (id, role_id, permission_id) VALUES (780, 8, 39);
INSERT INTO accounts_role_permissions (id, role_id, permission_id) VALUES (781, 8, 40);
INSERT INTO accounts_role_permissions (id, role_id, permission_id) VALUES (782, 8, 41);
INSERT INTO accounts_role_permissions (id, role_id, permission_id) VALUES (783, 8, 42);
INSERT INTO accounts_role_permissions (id, role_id, permission_id) VALUES (784, 8, 43);
INSERT INTO accounts_role_permissions (id, role_id, permission_id) VALUES (785, 8, 44);
INSERT INTO accounts_role_permissions (id, role_id, permission_id) VALUES (786, 8, 45);
INSERT INTO accounts_role_permissions (id, role_id, permission_id) VALUES (787, 8, 46);
INSERT INTO accounts_role_permissions (id, role_id, permission_id) VALUES (788, 8, 47);
INSERT INTO accounts_role_permissions (id, role_id, permission_id) VALUES (789, 8, 48);
INSERT INTO accounts_role_permissions (id, role_id, permission_id) VALUES (790, 8, 49);
INSERT INTO accounts_role_permissions (id, role_id, permission_id) VALUES (791, 8, 50);
INSERT INTO accounts_role_permissions (id, role_id, permission_id) VALUES (792, 8, 51);
INSERT INTO accounts_role_permissions (id, role_id, permission_id) VALUES (793, 8, 52);
INSERT INTO accounts_role_permissions (id, role_id, permission_id) VALUES (794, 8, 53);
INSERT INTO accounts_role_permissions (id, role_id, permission_id) VALUES (795, 8, 54);
INSERT INTO accounts_role_permissions (id, role_id, permission_id) VALUES (796, 8, 55);
INSERT INTO accounts_role_permissions (id, role_id, permission_id) VALUES (797, 8, 56);
INSERT INTO accounts_role_permissions (id, role_id, permission_id) VALUES (798, 8, 57);
INSERT INTO accounts_role_permissions (id, role_id, permission_id) VALUES (799, 8, 58);
INSERT INTO accounts_role_permissions (id, role_id, permission_id) VALUES (800, 8, 59);
INSERT INTO accounts_role_permissions (id, role_id, permission_id) VALUES (801, 8, 60);
INSERT INTO accounts_role_permissions (id, role_id, permission_id) VALUES (802, 8, 61);
INSERT INTO accounts_role_permissions (id, role_id, permission_id) VALUES (803, 8, 62);
INSERT INTO accounts_role_permissions (id, role_id, permission_id) VALUES (804, 8, 63);
INSERT INTO accounts_role_permissions (id, role_id, permission_id) VALUES (805, 8, 64);
INSERT INTO accounts_role_permissions (id, role_id, permission_id) VALUES (806, 8, 65);
INSERT INTO accounts_role_permissions (id, role_id, permission_id) VALUES (807, 8, 66);
INSERT INTO accounts_role_permissions (id, role_id, permission_id) VALUES (808, 8, 67);
INSERT INTO accounts_role_permissions (id, role_id, permission_id) VALUES (809, 8, 68);
INSERT INTO accounts_role_permissions (id, role_id, permission_id) VALUES (810, 8, 69);
INSERT INTO accounts_role_permissions (id, role_id, permission_id) VALUES (811, 8, 70);
INSERT INTO accounts_role_permissions (id, role_id, permission_id) VALUES (812, 8, 71);
INSERT INTO accounts_role_permissions (id, role_id, permission_id) VALUES (813, 8, 72);
INSERT INTO accounts_role_permissions (id, role_id, permission_id) VALUES (814, 8, 73);
INSERT INTO accounts_role_permissions (id, role_id, permission_id) VALUES (815, 8, 74);
INSERT INTO accounts_role_permissions (id, role_id, permission_id) VALUES (816, 8, 75);
INSERT INTO accounts_role_permissions (id, role_id, permission_id) VALUES (817, 8, 76);
INSERT INTO accounts_role_permissions (id, role_id, permission_id) VALUES (818, 8, 77);
INSERT INTO accounts_role_permissions (id, role_id, permission_id) VALUES (819, 8, 78);
INSERT INTO accounts_role_permissions (id, role_id, permission_id) VALUES (820, 8, 79);
INSERT INTO accounts_role_permissions (id, role_id, permission_id) VALUES (821, 8, 80);
INSERT INTO accounts_role_permissions (id, role_id, permission_id) VALUES (822, 8, 81);
INSERT INTO accounts_role_permissions (id, role_id, permission_id) VALUES (823, 8, 82);
INSERT INTO accounts_role_permissions (id, role_id, permission_id) VALUES (824, 8, 83);
INSERT INTO accounts_role_permissions (id, role_id, permission_id) VALUES (825, 8, 84);
INSERT INTO accounts_role_permissions (id, role_id, permission_id) VALUES (826, 8, 85);
INSERT INTO accounts_role_permissions (id, role_id, permission_id) VALUES (827, 8, 86);
INSERT INTO accounts_role_permissions (id, role_id, permission_id) VALUES (828, 8, 87);
INSERT INTO accounts_role_permissions (id, role_id, permission_id) VALUES (829, 8, 88);
INSERT INTO accounts_role_permissions (id, role_id, permission_id) VALUES (830, 8, 89);
INSERT INTO accounts_role_permissions (id, role_id, permission_id) VALUES (831, 8, 90);
INSERT INTO accounts_role_permissions (id, role_id, permission_id) VALUES (832, 8, 91);
INSERT INTO accounts_role_permissions (id, role_id, permission_id) VALUES (833, 8, 92);
INSERT INTO accounts_role_permissions (id, role_id, permission_id) VALUES (834, 8, 93);
INSERT INTO accounts_role_permissions (id, role_id, permission_id) VALUES (835, 8, 94);
INSERT INTO accounts_role_permissions (id, role_id, permission_id) VALUES (836, 8, 95);
INSERT INTO accounts_role_permissions (id, role_id, permission_id) VALUES (837, 8, 96);
INSERT INTO accounts_role_permissions (id, role_id, permission_id) VALUES (838, 8, 97);
INSERT INTO accounts_role_permissions (id, role_id, permission_id) VALUES (839, 8, 98);
INSERT INTO accounts_role_permissions (id, role_id, permission_id) VALUES (840, 8, 99);
INSERT INTO accounts_role_permissions (id, role_id, permission_id) VALUES (841, 8, 100);
INSERT INTO accounts_role_permissions (id, role_id, permission_id) VALUES (842, 8, 101);
INSERT INTO accounts_role_permissions (id, role_id, permission_id) VALUES (843, 8, 102);
INSERT INTO accounts_role_permissions (id, role_id, permission_id) VALUES (844, 8, 103);
INSERT INTO accounts_role_permissions (id, role_id, permission_id) VALUES (845, 8, 104);
INSERT INTO accounts_role_permissions (id, role_id, permission_id) VALUES (846, 8, 105);
INSERT INTO accounts_role_permissions (id, role_id, permission_id) VALUES (847, 8, 106);
INSERT INTO accounts_role_permissions (id, role_id, permission_id) VALUES (848, 8, 107);
INSERT INTO accounts_role_permissions (id, role_id, permission_id) VALUES (849, 8, 108);
INSERT INTO accounts_role_permissions (id, role_id, permission_id) VALUES (850, 8, 109);
INSERT INTO accounts_role_permissions (id, role_id, permission_id) VALUES (851, 8, 110);
INSERT INTO accounts_role_permissions (id, role_id, permission_id) VALUES (852, 8, 111);
INSERT INTO accounts_role_permissions (id, role_id, permission_id) VALUES (853, 8, 112);
INSERT INTO accounts_role_permissions (id, role_id, permission_id) VALUES (854, 8, 113);
INSERT INTO accounts_role_permissions (id, role_id, permission_id) VALUES (855, 8, 114);
INSERT INTO accounts_role_permissions (id, role_id, permission_id) VALUES (856, 8, 115);
INSERT INTO accounts_role_permissions (id, role_id, permission_id) VALUES (857, 8, 116);
INSERT INTO accounts_role_permissions (id, role_id, permission_id) VALUES (858, 8, 117);
INSERT INTO accounts_role_permissions (id, role_id, permission_id) VALUES (859, 8, 118);
INSERT INTO accounts_role_permissions (id, role_id, permission_id) VALUES (860, 8, 119);
INSERT INTO accounts_role_permissions (id, role_id, permission_id) VALUES (861, 8, 120);
INSERT INTO accounts_role_permissions (id, role_id, permission_id) VALUES (862, 8, 121);
INSERT INTO accounts_role_permissions (id, role_id, permission_id) VALUES (863, 8, 122);
INSERT INTO accounts_role_permissions (id, role_id, permission_id) VALUES (864, 8, 123);
INSERT INTO accounts_role_permissions (id, role_id, permission_id) VALUES (865, 8, 124);
INSERT INTO accounts_role_permissions (id, role_id, permission_id) VALUES (866, 8, 125);
INSERT INTO accounts_role_permissions (id, role_id, permission_id) VALUES (867, 8, 126);
INSERT INTO accounts_role_permissions (id, role_id, permission_id) VALUES (868, 8, 127);
INSERT INTO accounts_role_permissions (id, role_id, permission_id) VALUES (869, 8, 128);
INSERT INTO accounts_role_permissions (id, role_id, permission_id) VALUES (870, 8, 129);
INSERT INTO accounts_role_permissions (id, role_id, permission_id) VALUES (871, 8, 130);
INSERT INTO accounts_role_permissions (id, role_id, permission_id) VALUES (872, 8, 131);
INSERT INTO accounts_role_permissions (id, role_id, permission_id) VALUES (873, 8, 132);
INSERT INTO accounts_role_permissions (id, role_id, permission_id) VALUES (874, 8, 133);
INSERT INTO accounts_role_permissions (id, role_id, permission_id) VALUES (875, 8, 134);
INSERT INTO accounts_role_permissions (id, role_id, permission_id) VALUES (876, 8, 135);
INSERT INTO accounts_role_permissions (id, role_id, permission_id) VALUES (877, 8, 136);
INSERT INTO accounts_role_permissions (id, role_id, permission_id) VALUES (878, 8, 137);
INSERT INTO accounts_role_permissions (id, role_id, permission_id) VALUES (879, 8, 138);
INSERT INTO accounts_role_permissions (id, role_id, permission_id) VALUES (880, 8, 139);
INSERT INTO accounts_role_permissions (id, role_id, permission_id) VALUES (881, 8, 140);
INSERT INTO accounts_role_permissions (id, role_id, permission_id) VALUES (882, 8, 141);
INSERT INTO accounts_role_permissions (id, role_id, permission_id) VALUES (883, 8, 142);
INSERT INTO accounts_role_permissions (id, role_id, permission_id) VALUES (884, 8, 143);
INSERT INTO accounts_role_permissions (id, role_id, permission_id) VALUES (885, 8, 144);
INSERT INTO accounts_role_permissions (id, role_id, permission_id) VALUES (886, 8, 145);
INSERT INTO accounts_role_permissions (id, role_id, permission_id) VALUES (887, 8, 146);
INSERT INTO accounts_role_permissions (id, role_id, permission_id) VALUES (888, 8, 147);
INSERT INTO accounts_role_permissions (id, role_id, permission_id) VALUES (889, 8, 148);
INSERT INTO accounts_role_permissions (id, role_id, permission_id) VALUES (890, 8, 149);
INSERT INTO accounts_role_permissions (id, role_id, permission_id) VALUES (891, 8, 150);
INSERT INTO accounts_role_permissions (id, role_id, permission_id) VALUES (892, 8, 151);
INSERT INTO accounts_role_permissions (id, role_id, permission_id) VALUES (893, 8, 152);
INSERT INTO accounts_role_permissions (id, role_id, permission_id) VALUES (894, 8, 153);
INSERT INTO accounts_role_permissions (id, role_id, permission_id) VALUES (895, 8, 154);
INSERT INTO accounts_role_permissions (id, role_id, permission_id) VALUES (896, 8, 155);
INSERT INTO accounts_role_permissions (id, role_id, permission_id) VALUES (897, 8, 156);
INSERT INTO accounts_role_permissions (id, role_id, permission_id) VALUES (898, 8, 157);
INSERT INTO accounts_role_permissions (id, role_id, permission_id) VALUES (899, 8, 158);
INSERT INTO accounts_role_permissions (id, role_id, permission_id) VALUES (900, 8, 159);
INSERT INTO accounts_role_permissions (id, role_id, permission_id) VALUES (901, 8, 160);
INSERT INTO accounts_role_permissions (id, role_id, permission_id) VALUES (902, 8, 161);
INSERT INTO accounts_role_permissions (id, role_id, permission_id) VALUES (903, 8, 162);
INSERT INTO accounts_role_permissions (id, role_id, permission_id) VALUES (904, 8, 163);
INSERT INTO accounts_role_permissions (id, role_id, permission_id) VALUES (905, 8, 164);
INSERT INTO accounts_role_permissions (id, role_id, permission_id) VALUES (906, 8, 165);
INSERT INTO accounts_role_permissions (id, role_id, permission_id) VALUES (907, 8, 166);
INSERT INTO accounts_role_permissions (id, role_id, permission_id) VALUES (908, 8, 167);
INSERT INTO accounts_role_permissions (id, role_id, permission_id) VALUES (909, 8, 168);
INSERT INTO accounts_role_permissions (id, role_id, permission_id) VALUES (910, 8, 169);
INSERT INTO accounts_role_permissions (id, role_id, permission_id) VALUES (911, 8, 170);
INSERT INTO accounts_role_permissions (id, role_id, permission_id) VALUES (912, 8, 171);
INSERT INTO accounts_role_permissions (id, role_id, permission_id) VALUES (913, 8, 172);
INSERT INTO accounts_role_permissions (id, role_id, permission_id) VALUES (914, 8, 173);
INSERT INTO accounts_role_permissions (id, role_id, permission_id) VALUES (915, 8, 174);
INSERT INTO accounts_role_permissions (id, role_id, permission_id) VALUES (916, 8, 175);
INSERT INTO accounts_role_permissions (id, role_id, permission_id) VALUES (917, 8, 176);
INSERT INTO accounts_role_permissions (id, role_id, permission_id) VALUES (918, 8, 177);
INSERT INTO accounts_role_permissions (id, role_id, permission_id) VALUES (919, 8, 178);
INSERT INTO accounts_role_permissions (id, role_id, permission_id) VALUES (1018, 8, 179);
INSERT INTO accounts_role_permissions (id, role_id, permission_id) VALUES (1019, 8, 180);
INSERT INTO accounts_role_permissions (id, role_id, permission_id) VALUES (1020, 8, 181);
INSERT INTO accounts_role_permissions (id, role_id, permission_id) VALUES (1021, 8, 182);
INSERT INTO accounts_role_permissions (id, role_id, permission_id) VALUES (924, 8, 183);
INSERT INTO accounts_role_permissions (id, role_id, permission_id) VALUES (1006, 8, 184);
INSERT INTO accounts_role_permissions (id, role_id, permission_id) VALUES (1007, 8, 185);
INSERT INTO accounts_role_permissions (id, role_id, permission_id) VALUES (1008, 8, 186);
INSERT INTO accounts_role_permissions (id, role_id, permission_id) VALUES (1009, 8, 187);
INSERT INTO accounts_role_permissions (id, role_id, permission_id) VALUES (925, 8, 188);
INSERT INTO accounts_role_permissions (id, role_id, permission_id) VALUES (926, 8, 189);
INSERT INTO accounts_role_permissions (id, role_id, permission_id) VALUES (927, 8, 190);
INSERT INTO accounts_role_permissions (id, role_id, permission_id) VALUES (928, 8, 191);
INSERT INTO accounts_role_permissions (id, role_id, permission_id) VALUES (933, 8, 196);
INSERT INTO accounts_role_permissions (id, role_id, permission_id) VALUES (934, 8, 197);
INSERT INTO accounts_role_permissions (id, role_id, permission_id) VALUES (935, 8, 198);
INSERT INTO accounts_role_permissions (id, role_id, permission_id) VALUES (936, 8, 199);
INSERT INTO accounts_role_permissions (id, role_id, permission_id) VALUES (937, 8, 200);
INSERT INTO accounts_role_permissions (id, role_id, permission_id) VALUES (938, 8, 201);
INSERT INTO accounts_role_permissions (id, role_id, permission_id) VALUES (939, 8, 202);
INSERT INTO accounts_role_permissions (id, role_id, permission_id) VALUES (940, 8, 203);
INSERT INTO accounts_role_permissions (id, role_id, permission_id) VALUES (941, 8, 204);
INSERT INTO accounts_role_permissions (id, role_id, permission_id) VALUES (942, 8, 205);
INSERT INTO accounts_role_permissions (id, role_id, permission_id) VALUES (943, 8, 206);
INSERT INTO accounts_role_permissions (id, role_id, permission_id) VALUES (944, 8, 207);
INSERT INTO accounts_role_permissions (id, role_id, permission_id) VALUES (945, 8, 208);
INSERT INTO accounts_role_permissions (id, role_id, permission_id) VALUES (946, 8, 209);
INSERT INTO accounts_role_permissions (id, role_id, permission_id) VALUES (947, 8, 210);
INSERT INTO accounts_role_permissions (id, role_id, permission_id) VALUES (948, 8, 211);
INSERT INTO accounts_role_permissions (id, role_id, permission_id) VALUES (949, 8, 212);
INSERT INTO accounts_role_permissions (id, role_id, permission_id) VALUES (950, 8, 213);
INSERT INTO accounts_role_permissions (id, role_id, permission_id) VALUES (951, 8, 214);
INSERT INTO accounts_role_permissions (id, role_id, permission_id) VALUES (952, 8, 215);
INSERT INTO accounts_role_permissions (id, role_id, permission_id) VALUES (953, 8, 216);
INSERT INTO accounts_role_permissions (id, role_id, permission_id) VALUES (954, 8, 217);
INSERT INTO accounts_role_permissions (id, role_id, permission_id) VALUES (955, 8, 218);
INSERT INTO accounts_role_permissions (id, role_id, permission_id) VALUES (956, 8, 219);
INSERT INTO accounts_role_permissions (id, role_id, permission_id) VALUES (957, 8, 220);
INSERT INTO accounts_role_permissions (id, role_id, permission_id) VALUES (958, 8, 221);
INSERT INTO accounts_role_permissions (id, role_id, permission_id) VALUES (959, 8, 222);
INSERT INTO accounts_role_permissions (id, role_id, permission_id) VALUES (960, 8, 223);
INSERT INTO accounts_role_permissions (id, role_id, permission_id) VALUES (961, 8, 224);
INSERT INTO accounts_role_permissions (id, role_id, permission_id) VALUES (962, 8, 225);
INSERT INTO accounts_role_permissions (id, role_id, permission_id) VALUES (963, 8, 226);
INSERT INTO accounts_role_permissions (id, role_id, permission_id) VALUES (964, 8, 227);
INSERT INTO accounts_role_permissions (id, role_id, permission_id) VALUES (965, 8, 228);
INSERT INTO accounts_role_permissions (id, role_id, permission_id) VALUES (966, 8, 229);
INSERT INTO accounts_role_permissions (id, role_id, permission_id) VALUES (967, 8, 230);
INSERT INTO accounts_role_permissions (id, role_id, permission_id) VALUES (968, 8, 231);
INSERT INTO accounts_role_permissions (id, role_id, permission_id) VALUES (969, 8, 232);
INSERT INTO accounts_role_permissions (id, role_id, permission_id) VALUES (970, 8, 233);
INSERT INTO accounts_role_permissions (id, role_id, permission_id) VALUES (971, 8, 234);
INSERT INTO accounts_role_permissions (id, role_id, permission_id) VALUES (972, 8, 235);
INSERT INTO accounts_role_permissions (id, role_id, permission_id) VALUES (973, 8, 236);
INSERT INTO accounts_role_permissions (id, role_id, permission_id) VALUES (974, 8, 237);
INSERT INTO accounts_role_permissions (id, role_id, permission_id) VALUES (975, 8, 238);
INSERT INTO accounts_role_permissions (id, role_id, permission_id) VALUES (976, 8, 239);
INSERT INTO accounts_role_permissions (id, role_id, permission_id) VALUES (977, 8, 240);
INSERT INTO accounts_role_permissions (id, role_id, permission_id) VALUES (978, 8, 241);
INSERT INTO accounts_role_permissions (id, role_id, permission_id) VALUES (979, 8, 242);
INSERT INTO accounts_role_permissions (id, role_id, permission_id) VALUES (980, 8, 243);
INSERT INTO accounts_role_permissions (id, role_id, permission_id) VALUES (981, 8, 244);
INSERT INTO accounts_role_permissions (id, role_id, permission_id) VALUES (982, 8, 245);
INSERT INTO accounts_role_permissions (id, role_id, permission_id) VALUES (983, 8, 246);
INSERT INTO accounts_role_permissions (id, role_id, permission_id) VALUES (984, 8, 247);
INSERT INTO accounts_role_permissions (id, role_id, permission_id) VALUES (985, 8, 248);
INSERT INTO accounts_role_permissions (id, role_id, permission_id) VALUES (986, 8, 249);
INSERT INTO accounts_role_permissions (id, role_id, permission_id) VALUES (987, 8, 250);
INSERT INTO accounts_role_permissions (id, role_id, permission_id) VALUES (988, 8, 251);
INSERT INTO accounts_role_permissions (id, role_id, permission_id) VALUES (989, 8, 252);
INSERT INTO accounts_role_permissions (id, role_id, permission_id) VALUES (990, 8, 253);
INSERT INTO accounts_role_permissions (id, role_id, permission_id) VALUES (991, 8, 254);
INSERT INTO accounts_role_permissions (id, role_id, permission_id) VALUES (992, 8, 255);
INSERT INTO accounts_role_permissions (id, role_id, permission_id) VALUES (993, 8, 256);
INSERT INTO accounts_role_permissions (id, role_id, permission_id) VALUES (996, 8, 257);
INSERT INTO accounts_role_permissions (id, role_id, permission_id) VALUES (997, 8, 258);
INSERT INTO accounts_role_permissions (id, role_id, permission_id) VALUES (1002, 8, 259);
INSERT INTO accounts_role_permissions (id, role_id, permission_id) VALUES (1003, 8, 260);
INSERT INTO accounts_role_permissions (id, role_id, permission_id) VALUES (1004, 8, 261);
INSERT INTO accounts_role_permissions (id, role_id, permission_id) VALUES (1005, 8, 262);
INSERT INTO accounts_role_permissions (id, role_id, permission_id) VALUES (1038, 8, 263);
INSERT INTO accounts_role_permissions (id, role_id, permission_id) VALUES (1039, 8, 264);
INSERT INTO accounts_role_permissions (id, role_id, permission_id) VALUES (1040, 8, 265);
INSERT INTO accounts_role_permissions (id, role_id, permission_id) VALUES (1041, 8, 266);
INSERT INTO accounts_role_permissions (id, role_id, permission_id) VALUES (1042, 8, 267);
INSERT INTO accounts_role_permissions (id, role_id, permission_id) VALUES (1043, 8, 268);
INSERT INTO accounts_role_permissions (id, role_id, permission_id) VALUES (1044, 8, 269);
INSERT INTO accounts_role_permissions (id, role_id, permission_id) VALUES (1045, 8, 270);
INSERT INTO accounts_role_permissions (id, role_id, permission_id) VALUES (1046, 8, 271);
INSERT INTO accounts_role_permissions (id, role_id, permission_id) VALUES (1047, 8, 272);
INSERT INTO accounts_role_permissions (id, role_id, permission_id) VALUES (1048, 8, 273);
INSERT INTO accounts_role_permissions (id, role_id, permission_id) VALUES (1049, 8, 274);
INSERT INTO accounts_role_permissions (id, role_id, permission_id) VALUES (1050, 8, 275);
INSERT INTO accounts_role_permissions (id, role_id, permission_id) VALUES (1051, 8, 276);
INSERT INTO accounts_role_permissions (id, role_id, permission_id) VALUES (1052, 8, 277);
INSERT INTO accounts_role_permissions (id, role_id, permission_id) VALUES (1053, 8, 278);
INSERT INTO accounts_role_permissions (id, role_id, permission_id) VALUES (1055, 8, 279);
INSERT INTO accounts_role_permissions (id, role_id, permission_id) VALUES (1056, 8, 280);
INSERT INTO accounts_role_permissions (id, role_id, permission_id) VALUES (1057, 8, 281);
INSERT INTO accounts_role_permissions (id, role_id, permission_id) VALUES (1058, 8, 282);
INSERT INTO accounts_role_permissions (id, role_id, permission_id) VALUES (1059, 8, 283);
INSERT INTO accounts_role_permissions (id, role_id, permission_id) VALUES (1083, 8, 284);
INSERT INTO accounts_role_permissions (id, role_id, permission_id) VALUES (1084, 8, 285);
INSERT INTO accounts_role_permissions (id, role_id, permission_id) VALUES (1087, 8, 286);
INSERT INTO accounts_role_permissions (id, role_id, permission_id) VALUES (1088, 8, 287);
INSERT INTO accounts_role_permissions (id, role_id, permission_id) VALUES (1085, 8, 288);
INSERT INTO accounts_role_permissions (id, role_id, permission_id) VALUES (1086, 8, 289);
INSERT INTO accounts_role_permissions (id, role_id, permission_id) VALUES (1089, 8, 290);
INSERT INTO accounts_role_permissions (id, role_id, permission_id) VALUES (1368, 9, 25);
INSERT INTO accounts_role_permissions (id, role_id, permission_id) VALUES (1369, 9, 26);
INSERT INTO accounts_role_permissions (id, role_id, permission_id) VALUES (1370, 9, 27);
INSERT INTO accounts_role_permissions (id, role_id, permission_id) VALUES (1371, 9, 28);
INSERT INTO accounts_role_permissions (id, role_id, permission_id) VALUES (1372, 9, 29);
INSERT INTO accounts_role_permissions (id, role_id, permission_id) VALUES (1373, 9, 30);
INSERT INTO accounts_role_permissions (id, role_id, permission_id) VALUES (1374, 9, 31);
INSERT INTO accounts_role_permissions (id, role_id, permission_id) VALUES (1375, 9, 32);
INSERT INTO accounts_role_permissions (id, role_id, permission_id) VALUES (1376, 9, 33);
INSERT INTO accounts_role_permissions (id, role_id, permission_id) VALUES (1377, 9, 34);
INSERT INTO accounts_role_permissions (id, role_id, permission_id) VALUES (1378, 9, 35);
INSERT INTO accounts_role_permissions (id, role_id, permission_id) VALUES (1379, 9, 36);
INSERT INTO accounts_role_permissions (id, role_id, permission_id) VALUES (1380, 9, 37);
INSERT INTO accounts_role_permissions (id, role_id, permission_id) VALUES (1381, 9, 38);
INSERT INTO accounts_role_permissions (id, role_id, permission_id) VALUES (1382, 9, 39);
INSERT INTO accounts_role_permissions (id, role_id, permission_id) VALUES (1383, 9, 40);
INSERT INTO accounts_role_permissions (id, role_id, permission_id) VALUES (1384, 9, 41);
INSERT INTO accounts_role_permissions (id, role_id, permission_id) VALUES (1385, 9, 42);
INSERT INTO accounts_role_permissions (id, role_id, permission_id) VALUES (1386, 9, 43);
INSERT INTO accounts_role_permissions (id, role_id, permission_id) VALUES (1387, 9, 44);
INSERT INTO accounts_role_permissions (id, role_id, permission_id) VALUES (1388, 9, 45);
INSERT INTO accounts_role_permissions (id, role_id, permission_id) VALUES (1389, 9, 46);
INSERT INTO accounts_role_permissions (id, role_id, permission_id) VALUES (1390, 9, 47);
INSERT INTO accounts_role_permissions (id, role_id, permission_id) VALUES (1391, 9, 48);
INSERT INTO accounts_role_permissions (id, role_id, permission_id) VALUES (1392, 9, 49);
INSERT INTO accounts_role_permissions (id, role_id, permission_id) VALUES (1393, 9, 50);
INSERT INTO accounts_role_permissions (id, role_id, permission_id) VALUES (1394, 9, 51);
INSERT INTO accounts_role_permissions (id, role_id, permission_id) VALUES (1395, 9, 52);
INSERT INTO accounts_role_permissions (id, role_id, permission_id) VALUES (1396, 9, 53);
INSERT INTO accounts_role_permissions (id, role_id, permission_id) VALUES (1397, 9, 54);
INSERT INTO accounts_role_permissions (id, role_id, permission_id) VALUES (1398, 9, 55);
INSERT INTO accounts_role_permissions (id, role_id, permission_id) VALUES (1399, 9, 56);
INSERT INTO accounts_role_permissions (id, role_id, permission_id) VALUES (1400, 9, 57);
INSERT INTO accounts_role_permissions (id, role_id, permission_id) VALUES (1401, 9, 58);
INSERT INTO accounts_role_permissions (id, role_id, permission_id) VALUES (1402, 9, 59);
INSERT INTO accounts_role_permissions (id, role_id, permission_id) VALUES (1403, 9, 60);
INSERT INTO accounts_role_permissions (id, role_id, permission_id) VALUES (1404, 9, 61);
INSERT INTO accounts_role_permissions (id, role_id, permission_id) VALUES (1405, 9, 62);
INSERT INTO accounts_role_permissions (id, role_id, permission_id) VALUES (1406, 9, 63);
INSERT INTO accounts_role_permissions (id, role_id, permission_id) VALUES (1407, 9, 64);
INSERT INTO accounts_role_permissions (id, role_id, permission_id) VALUES (1408, 9, 65);
INSERT INTO accounts_role_permissions (id, role_id, permission_id) VALUES (1409, 9, 66);
INSERT INTO accounts_role_permissions (id, role_id, permission_id) VALUES (1410, 9, 67);
INSERT INTO accounts_role_permissions (id, role_id, permission_id) VALUES (1411, 9, 68);
INSERT INTO accounts_role_permissions (id, role_id, permission_id) VALUES (1412, 9, 69);
INSERT INTO accounts_role_permissions (id, role_id, permission_id) VALUES (1413, 9, 70);
INSERT INTO accounts_role_permissions (id, role_id, permission_id) VALUES (1414, 9, 71);
INSERT INTO accounts_role_permissions (id, role_id, permission_id) VALUES (1415, 9, 72);
INSERT INTO accounts_role_permissions (id, role_id, permission_id) VALUES (1416, 9, 73);
INSERT INTO accounts_role_permissions (id, role_id, permission_id) VALUES (1417, 9, 74);
INSERT INTO accounts_role_permissions (id, role_id, permission_id) VALUES (1418, 9, 75);
INSERT INTO accounts_role_permissions (id, role_id, permission_id) VALUES (1419, 9, 76);
INSERT INTO accounts_role_permissions (id, role_id, permission_id) VALUES (1420, 9, 77);
INSERT INTO accounts_role_permissions (id, role_id, permission_id) VALUES (1421, 9, 78);
INSERT INTO accounts_role_permissions (id, role_id, permission_id) VALUES (1422, 9, 79);
INSERT INTO accounts_role_permissions (id, role_id, permission_id) VALUES (1423, 9, 80);
INSERT INTO accounts_role_permissions (id, role_id, permission_id) VALUES (1424, 9, 81);
INSERT INTO accounts_role_permissions (id, role_id, permission_id) VALUES (1425, 9, 82);
INSERT INTO accounts_role_permissions (id, role_id, permission_id) VALUES (1426, 9, 83);
INSERT INTO accounts_role_permissions (id, role_id, permission_id) VALUES (1427, 9, 84);
INSERT INTO accounts_role_permissions (id, role_id, permission_id) VALUES (1428, 9, 85);
INSERT INTO accounts_role_permissions (id, role_id, permission_id) VALUES (1429, 9, 86);
INSERT INTO accounts_role_permissions (id, role_id, permission_id) VALUES (1430, 9, 87);
INSERT INTO accounts_role_permissions (id, role_id, permission_id) VALUES (1431, 9, 88);
INSERT INTO accounts_role_permissions (id, role_id, permission_id) VALUES (1432, 9, 89);
INSERT INTO accounts_role_permissions (id, role_id, permission_id) VALUES (1433, 9, 90);
INSERT INTO accounts_role_permissions (id, role_id, permission_id) VALUES (1434, 9, 91);
INSERT INTO accounts_role_permissions (id, role_id, permission_id) VALUES (1435, 9, 92);
INSERT INTO accounts_role_permissions (id, role_id, permission_id) VALUES (1436, 9, 93);
INSERT INTO accounts_role_permissions (id, role_id, permission_id) VALUES (1437, 9, 94);
INSERT INTO accounts_role_permissions (id, role_id, permission_id) VALUES (1438, 9, 95);
INSERT INTO accounts_role_permissions (id, role_id, permission_id) VALUES (1439, 9, 96);
INSERT INTO accounts_role_permissions (id, role_id, permission_id) VALUES (1440, 9, 97);
INSERT INTO accounts_role_permissions (id, role_id, permission_id) VALUES (1441, 9, 98);
INSERT INTO accounts_role_permissions (id, role_id, permission_id) VALUES (1442, 9, 99);
INSERT INTO accounts_role_permissions (id, role_id, permission_id) VALUES (1443, 9, 100);
INSERT INTO accounts_role_permissions (id, role_id, permission_id) VALUES (1444, 9, 101);
INSERT INTO accounts_role_permissions (id, role_id, permission_id) VALUES (1445, 9, 102);
INSERT INTO accounts_role_permissions (id, role_id, permission_id) VALUES (1446, 9, 103);
INSERT INTO accounts_role_permissions (id, role_id, permission_id) VALUES (1447, 9, 104);
INSERT INTO accounts_role_permissions (id, role_id, permission_id) VALUES (1448, 9, 105);
INSERT INTO accounts_role_permissions (id, role_id, permission_id) VALUES (1449, 9, 106);
INSERT INTO accounts_role_permissions (id, role_id, permission_id) VALUES (1450, 9, 107);
INSERT INTO accounts_role_permissions (id, role_id, permission_id) VALUES (1451, 9, 108);
INSERT INTO accounts_role_permissions (id, role_id, permission_id) VALUES (1452, 9, 109);
INSERT INTO accounts_role_permissions (id, role_id, permission_id) VALUES (1453, 9, 110);
INSERT INTO accounts_role_permissions (id, role_id, permission_id) VALUES (1454, 9, 111);
INSERT INTO accounts_role_permissions (id, role_id, permission_id) VALUES (1455, 9, 112);
INSERT INTO accounts_role_permissions (id, role_id, permission_id) VALUES (1456, 9, 113);
INSERT INTO accounts_role_permissions (id, role_id, permission_id) VALUES (1457, 9, 114);
INSERT INTO accounts_role_permissions (id, role_id, permission_id) VALUES (1458, 9, 115);
INSERT INTO accounts_role_permissions (id, role_id, permission_id) VALUES (1459, 9, 116);
INSERT INTO accounts_role_permissions (id, role_id, permission_id) VALUES (1536, 9, 193);
INSERT INTO accounts_role_permissions (id, role_id, permission_id) VALUES (1537, 9, 194);
INSERT INTO accounts_role_permissions (id, role_id, permission_id) VALUES (1538, 9, 195);
INSERT INTO accounts_role_permissions (id, role_id, permission_id) VALUES (1539, 9, 196);
INSERT INTO accounts_role_permissions (id, role_id, permission_id) VALUES (1540, 9, 197);
INSERT INTO accounts_role_permissions (id, role_id, permission_id) VALUES (1541, 9, 198);
INSERT INTO accounts_role_permissions (id, role_id, permission_id) VALUES (1542, 9, 199);
INSERT INTO accounts_role_permissions (id, role_id, permission_id) VALUES (1543, 9, 200);
INSERT INTO accounts_role_permissions (id, role_id, permission_id) VALUES (1544, 9, 201);
INSERT INTO accounts_role_permissions (id, role_id, permission_id) VALUES (1545, 9, 202);
INSERT INTO accounts_role_permissions (id, role_id, permission_id) VALUES (1546, 9, 203);
INSERT INTO accounts_role_permissions (id, role_id, permission_id) VALUES (1547, 9, 204);
INSERT INTO accounts_role_permissions (id, role_id, permission_id) VALUES (1548, 9, 205);
INSERT INTO accounts_role_permissions (id, role_id, permission_id) VALUES (1549, 9, 206);
INSERT INTO accounts_role_permissions (id, role_id, permission_id) VALUES (1550, 9, 207);
INSERT INTO accounts_role_permissions (id, role_id, permission_id) VALUES (1551, 9, 208);
INSERT INTO accounts_role_permissions (id, role_id, permission_id) VALUES (1552, 9, 209);
INSERT INTO accounts_role_permissions (id, role_id, permission_id) VALUES (1553, 9, 210);
INSERT INTO accounts_role_permissions (id, role_id, permission_id) VALUES (1554, 9, 211);
INSERT INTO accounts_role_permissions (id, role_id, permission_id) VALUES (1555, 9, 212);
INSERT INTO accounts_role_permissions (id, role_id, permission_id) VALUES (1556, 9, 213);
INSERT INTO accounts_role_permissions (id, role_id, permission_id) VALUES (1557, 9, 214);
INSERT INTO accounts_role_permissions (id, role_id, permission_id) VALUES (1558, 9, 215);
INSERT INTO accounts_role_permissions (id, role_id, permission_id) VALUES (1559, 9, 216);
INSERT INTO accounts_role_permissions (id, role_id, permission_id) VALUES (1560, 9, 217);
INSERT INTO accounts_role_permissions (id, role_id, permission_id) VALUES (1561, 9, 218);
INSERT INTO accounts_role_permissions (id, role_id, permission_id) VALUES (1562, 9, 219);
INSERT INTO accounts_role_permissions (id, role_id, permission_id) VALUES (1563, 9, 220);
INSERT INTO accounts_role_permissions (id, role_id, permission_id) VALUES (1564, 9, 221);
INSERT INTO accounts_role_permissions (id, role_id, permission_id) VALUES (1565, 9, 222);
INSERT INTO accounts_role_permissions (id, role_id, permission_id) VALUES (1566, 9, 223);
INSERT INTO accounts_role_permissions (id, role_id, permission_id) VALUES (1567, 9, 224);
INSERT INTO accounts_role_permissions (id, role_id, permission_id) VALUES (1568, 9, 225);
INSERT INTO accounts_role_permissions (id, role_id, permission_id) VALUES (1569, 9, 226);
INSERT INTO accounts_role_permissions (id, role_id, permission_id) VALUES (1570, 9, 227);
INSERT INTO accounts_role_permissions (id, role_id, permission_id) VALUES (1571, 9, 228);
INSERT INTO accounts_role_permissions (id, role_id, permission_id) VALUES (1572, 9, 229);
INSERT INTO accounts_role_permissions (id, role_id, permission_id) VALUES (1573, 9, 230);
INSERT INTO accounts_role_permissions (id, role_id, permission_id) VALUES (1574, 9, 231);
INSERT INTO accounts_role_permissions (id, role_id, permission_id) VALUES (1575, 9, 232);
INSERT INTO accounts_role_permissions (id, role_id, permission_id) VALUES (1576, 9, 233);
INSERT INTO accounts_role_permissions (id, role_id, permission_id) VALUES (1577, 9, 234);
INSERT INTO accounts_role_permissions (id, role_id, permission_id) VALUES (1578, 9, 235);
INSERT INTO accounts_role_permissions (id, role_id, permission_id) VALUES (1579, 9, 236);
INSERT INTO accounts_role_permissions (id, role_id, permission_id) VALUES (1580, 9, 237);
INSERT INTO accounts_role_permissions (id, role_id, permission_id) VALUES (1581, 9, 238);
INSERT INTO accounts_role_permissions (id, role_id, permission_id) VALUES (1582, 9, 239);
INSERT INTO accounts_role_permissions (id, role_id, permission_id) VALUES (1583, 9, 240);
INSERT INTO accounts_role_permissions (id, role_id, permission_id) VALUES (1584, 9, 241);
INSERT INTO accounts_role_permissions (id, role_id, permission_id) VALUES (1585, 9, 242);
INSERT INTO accounts_role_permissions (id, role_id, permission_id) VALUES (1586, 9, 243);
INSERT INTO accounts_role_permissions (id, role_id, permission_id) VALUES (1587, 9, 244);
INSERT INTO accounts_role_permissions (id, role_id, permission_id) VALUES (1588, 9, 245);
INSERT INTO accounts_role_permissions (id, role_id, permission_id) VALUES (1589, 9, 246);
INSERT INTO accounts_role_permissions (id, role_id, permission_id) VALUES (1590, 9, 247);
INSERT INTO accounts_role_permissions (id, role_id, permission_id) VALUES (1591, 9, 248);
INSERT INTO accounts_role_permissions (id, role_id, permission_id) VALUES (1592, 9, 249);
INSERT INTO accounts_role_permissions (id, role_id, permission_id) VALUES (1593, 9, 250);
INSERT INTO accounts_role_permissions (id, role_id, permission_id) VALUES (1594, 9, 251);
INSERT INTO accounts_role_permissions (id, role_id, permission_id) VALUES (1595, 9, 252);
INSERT INTO accounts_role_permissions (id, role_id, permission_id) VALUES (1596, 9, 253);
INSERT INTO accounts_role_permissions (id, role_id, permission_id) VALUES (1597, 9, 254);
INSERT INTO accounts_role_permissions (id, role_id, permission_id) VALUES (1598, 9, 255);
INSERT INTO accounts_role_permissions (id, role_id, permission_id) VALUES (1599, 9, 256);
INSERT INTO accounts_role_permissions (id, role_id, permission_id) VALUES (1600, 9, 257);
INSERT INTO accounts_role_permissions (id, role_id, permission_id) VALUES (1601, 9, 258);
INSERT INTO accounts_role_permissions (id, role_id, permission_id) VALUES (1602, 9, 259);
INSERT INTO accounts_role_permissions (id, role_id, permission_id) VALUES (1603, 9, 260);
INSERT INTO accounts_role_permissions (id, role_id, permission_id) VALUES (1604, 9, 261);
INSERT INTO accounts_role_permissions (id, role_id, permission_id) VALUES (1605, 9, 262);
INSERT INTO accounts_role_permissions (id, role_id, permission_id) VALUES (1606, 9, 263);
INSERT INTO accounts_role_permissions (id, role_id, permission_id) VALUES (1607, 9, 264);
INSERT INTO accounts_role_permissions (id, role_id, permission_id) VALUES (1608, 9, 265);
INSERT INTO accounts_role_permissions (id, role_id, permission_id) VALUES (1609, 9, 266);
INSERT INTO accounts_role_permissions (id, role_id, permission_id) VALUES (1610, 9, 267);
INSERT INTO accounts_role_permissions (id, role_id, permission_id) VALUES (1611, 9, 268);
INSERT INTO accounts_role_permissions (id, role_id, permission_id) VALUES (1612, 9, 269);
INSERT INTO accounts_role_permissions (id, role_id, permission_id) VALUES (1613, 9, 270);
INSERT INTO accounts_role_permissions (id, role_id, permission_id) VALUES (1614, 9, 271);
INSERT INTO accounts_role_permissions (id, role_id, permission_id) VALUES (1615, 9, 272);
INSERT INTO accounts_role_permissions (id, role_id, permission_id) VALUES (1616, 9, 273);
INSERT INTO accounts_role_permissions (id, role_id, permission_id) VALUES (1617, 9, 274);
INSERT INTO accounts_role_permissions (id, role_id, permission_id) VALUES (1618, 9, 275);
INSERT INTO accounts_role_permissions (id, role_id, permission_id) VALUES (1619, 9, 276);
INSERT INTO accounts_role_permissions (id, role_id, permission_id) VALUES (1620, 9, 277);
INSERT INTO accounts_role_permissions (id, role_id, permission_id) VALUES (1621, 9, 278);
INSERT INTO accounts_role_permissions (id, role_id, permission_id) VALUES (1622, 9, 279);
INSERT INTO accounts_role_permissions (id, role_id, permission_id) VALUES (1623, 9, 280);
INSERT INTO accounts_role_permissions (id, role_id, permission_id) VALUES (1624, 9, 281);
INSERT INTO accounts_role_permissions (id, role_id, permission_id) VALUES (1636, 9, 287);
INSERT INTO accounts_role_permissions (id, role_id, permission_id) VALUES (1665, 9, 289);
INSERT INTO accounts_role_permissions (id, role_id, permission_id) VALUES (1711, 10, 21);
INSERT INTO accounts_role_permissions (id, role_id, permission_id) VALUES (1712, 10, 22);
INSERT INTO accounts_role_permissions (id, role_id, permission_id) VALUES (1713, 10, 23);
INSERT INTO accounts_role_permissions (id, role_id, permission_id) VALUES (1714, 10, 24);
INSERT INTO accounts_role_permissions (id, role_id, permission_id) VALUES (1715, 10, 25);
INSERT INTO accounts_role_permissions (id, role_id, permission_id) VALUES (1716, 10, 26);
INSERT INTO accounts_role_permissions (id, role_id, permission_id) VALUES (1717, 10, 27);
INSERT INTO accounts_role_permissions (id, role_id, permission_id) VALUES (1718, 10, 28);
INSERT INTO accounts_role_permissions (id, role_id, permission_id) VALUES (1719, 10, 29);
INSERT INTO accounts_role_permissions (id, role_id, permission_id) VALUES (1720, 10, 30);
INSERT INTO accounts_role_permissions (id, role_id, permission_id) VALUES (1721, 10, 31);
INSERT INTO accounts_role_permissions (id, role_id, permission_id) VALUES (1722, 10, 32);
INSERT INTO accounts_role_permissions (id, role_id, permission_id) VALUES (1723, 10, 33);
INSERT INTO accounts_role_permissions (id, role_id, permission_id) VALUES (1724, 10, 34);
INSERT INTO accounts_role_permissions (id, role_id, permission_id) VALUES (1725, 10, 35);
INSERT INTO accounts_role_permissions (id, role_id, permission_id) VALUES (1726, 10, 36);
INSERT INTO accounts_role_permissions (id, role_id, permission_id) VALUES (1727, 10, 37);
INSERT INTO accounts_role_permissions (id, role_id, permission_id) VALUES (1728, 10, 38);
INSERT INTO accounts_role_permissions (id, role_id, permission_id) VALUES (1729, 10, 39);
INSERT INTO accounts_role_permissions (id, role_id, permission_id) VALUES (1730, 10, 40);
INSERT INTO accounts_role_permissions (id, role_id, permission_id) VALUES (1731, 10, 41);
INSERT INTO accounts_role_permissions (id, role_id, permission_id) VALUES (1732, 10, 42);
INSERT INTO accounts_role_permissions (id, role_id, permission_id) VALUES (1733, 10, 43);
INSERT INTO accounts_role_permissions (id, role_id, permission_id) VALUES (1734, 10, 44);
INSERT INTO accounts_role_permissions (id, role_id, permission_id) VALUES (1735, 10, 45);
INSERT INTO accounts_role_permissions (id, role_id, permission_id) VALUES (1736, 10, 46);
INSERT INTO accounts_role_permissions (id, role_id, permission_id) VALUES (1737, 10, 47);
INSERT INTO accounts_role_permissions (id, role_id, permission_id) VALUES (1738, 10, 48);
INSERT INTO accounts_role_permissions (id, role_id, permission_id) VALUES (1739, 10, 49);
INSERT INTO accounts_role_permissions (id, role_id, permission_id) VALUES (1740, 10, 50);
INSERT INTO accounts_role_permissions (id, role_id, permission_id) VALUES (1741, 10, 51);
INSERT INTO accounts_role_permissions (id, role_id, permission_id) VALUES (1742, 10, 52);
INSERT INTO accounts_role_permissions (id, role_id, permission_id) VALUES (1743, 10, 53);
INSERT INTO accounts_role_permissions (id, role_id, permission_id) VALUES (1744, 10, 54);
INSERT INTO accounts_role_permissions (id, role_id, permission_id) VALUES (1745, 10, 55);
INSERT INTO accounts_role_permissions (id, role_id, permission_id) VALUES (1746, 10, 56);
INSERT INTO accounts_role_permissions (id, role_id, permission_id) VALUES (1747, 10, 57);
INSERT INTO accounts_role_permissions (id, role_id, permission_id) VALUES (1748, 10, 58);
INSERT INTO accounts_role_permissions (id, role_id, permission_id) VALUES (1749, 10, 59);
INSERT INTO accounts_role_permissions (id, role_id, permission_id) VALUES (1750, 10, 60);
INSERT INTO accounts_role_permissions (id, role_id, permission_id) VALUES (1751, 10, 61);
INSERT INTO accounts_role_permissions (id, role_id, permission_id) VALUES (1752, 10, 62);
INSERT INTO accounts_role_permissions (id, role_id, permission_id) VALUES (1753, 10, 63);
INSERT INTO accounts_role_permissions (id, role_id, permission_id) VALUES (1754, 10, 64);
INSERT INTO accounts_role_permissions (id, role_id, permission_id) VALUES (1755, 10, 65);
INSERT INTO accounts_role_permissions (id, role_id, permission_id) VALUES (1756, 10, 66);
INSERT INTO accounts_role_permissions (id, role_id, permission_id) VALUES (1757, 10, 67);
INSERT INTO accounts_role_permissions (id, role_id, permission_id) VALUES (1758, 10, 68);
INSERT INTO accounts_role_permissions (id, role_id, permission_id) VALUES (1759, 10, 69);
INSERT INTO accounts_role_permissions (id, role_id, permission_id) VALUES (1760, 10, 70);
INSERT INTO accounts_role_permissions (id, role_id, permission_id) VALUES (1761, 10, 71);
INSERT INTO accounts_role_permissions (id, role_id, permission_id) VALUES (1762, 10, 72);
INSERT INTO accounts_role_permissions (id, role_id, permission_id) VALUES (1763, 10, 73);
INSERT INTO accounts_role_permissions (id, role_id, permission_id) VALUES (1764, 10, 74);
INSERT INTO accounts_role_permissions (id, role_id, permission_id) VALUES (1765, 10, 75);
INSERT INTO accounts_role_permissions (id, role_id, permission_id) VALUES (1766, 10, 76);
INSERT INTO accounts_role_permissions (id, role_id, permission_id) VALUES (1767, 10, 77);
INSERT INTO accounts_role_permissions (id, role_id, permission_id) VALUES (1768, 10, 78);
INSERT INTO accounts_role_permissions (id, role_id, permission_id) VALUES (1769, 10, 79);
INSERT INTO accounts_role_permissions (id, role_id, permission_id) VALUES (1770, 10, 80);
INSERT INTO accounts_role_permissions (id, role_id, permission_id) VALUES (1771, 10, 81);
INSERT INTO accounts_role_permissions (id, role_id, permission_id) VALUES (1772, 10, 82);
INSERT INTO accounts_role_permissions (id, role_id, permission_id) VALUES (1773, 10, 83);
INSERT INTO accounts_role_permissions (id, role_id, permission_id) VALUES (1774, 10, 84);
INSERT INTO accounts_role_permissions (id, role_id, permission_id) VALUES (1775, 10, 85);
INSERT INTO accounts_role_permissions (id, role_id, permission_id) VALUES (1776, 10, 86);
INSERT INTO accounts_role_permissions (id, role_id, permission_id) VALUES (1777, 10, 87);
INSERT INTO accounts_role_permissions (id, role_id, permission_id) VALUES (1778, 10, 88);
INSERT INTO accounts_role_permissions (id, role_id, permission_id) VALUES (1779, 10, 89);
INSERT INTO accounts_role_permissions (id, role_id, permission_id) VALUES (1780, 10, 90);
INSERT INTO accounts_role_permissions (id, role_id, permission_id) VALUES (1781, 10, 91);
INSERT INTO accounts_role_permissions (id, role_id, permission_id) VALUES (1782, 10, 92);
INSERT INTO accounts_role_permissions (id, role_id, permission_id) VALUES (1783, 10, 93);
INSERT INTO accounts_role_permissions (id, role_id, permission_id) VALUES (1784, 10, 94);
INSERT INTO accounts_role_permissions (id, role_id, permission_id) VALUES (1785, 10, 95);
INSERT INTO accounts_role_permissions (id, role_id, permission_id) VALUES (1786, 10, 96);
INSERT INTO accounts_role_permissions (id, role_id, permission_id) VALUES (1787, 10, 97);
INSERT INTO accounts_role_permissions (id, role_id, permission_id) VALUES (1788, 10, 98);
INSERT INTO accounts_role_permissions (id, role_id, permission_id) VALUES (1789, 10, 99);
INSERT INTO accounts_role_permissions (id, role_id, permission_id) VALUES (1790, 10, 100);
INSERT INTO accounts_role_permissions (id, role_id, permission_id) VALUES (1791, 10, 101);
INSERT INTO accounts_role_permissions (id, role_id, permission_id) VALUES (1792, 10, 102);
INSERT INTO accounts_role_permissions (id, role_id, permission_id) VALUES (1793, 10, 103);
INSERT INTO accounts_role_permissions (id, role_id, permission_id) VALUES (1794, 10, 104);
INSERT INTO accounts_role_permissions (id, role_id, permission_id) VALUES (1795, 10, 105);
INSERT INTO accounts_role_permissions (id, role_id, permission_id) VALUES (1796, 10, 106);
INSERT INTO accounts_role_permissions (id, role_id, permission_id) VALUES (1797, 10, 107);
INSERT INTO accounts_role_permissions (id, role_id, permission_id) VALUES (1798, 10, 108);
INSERT INTO accounts_role_permissions (id, role_id, permission_id) VALUES (1799, 10, 109);
INSERT INTO accounts_role_permissions (id, role_id, permission_id) VALUES (1800, 10, 117);
INSERT INTO accounts_role_permissions (id, role_id, permission_id) VALUES (1801, 10, 118);
INSERT INTO accounts_role_permissions (id, role_id, permission_id) VALUES (1802, 10, 119);
INSERT INTO accounts_role_permissions (id, role_id, permission_id) VALUES (1803, 10, 120);
INSERT INTO accounts_role_permissions (id, role_id, permission_id) VALUES (1804, 10, 121);
INSERT INTO accounts_role_permissions (id, role_id, permission_id) VALUES (1805, 10, 122);
INSERT INTO accounts_role_permissions (id, role_id, permission_id) VALUES (1806, 10, 123);
INSERT INTO accounts_role_permissions (id, role_id, permission_id) VALUES (1807, 10, 124);
INSERT INTO accounts_role_permissions (id, role_id, permission_id) VALUES (1808, 10, 125);
INSERT INTO accounts_role_permissions (id, role_id, permission_id) VALUES (1809, 10, 126);
INSERT INTO accounts_role_permissions (id, role_id, permission_id) VALUES (1810, 10, 127);
INSERT INTO accounts_role_permissions (id, role_id, permission_id) VALUES (1811, 10, 128);
INSERT INTO accounts_role_permissions (id, role_id, permission_id) VALUES (1812, 10, 129);
INSERT INTO accounts_role_permissions (id, role_id, permission_id) VALUES (1813, 10, 130);
INSERT INTO accounts_role_permissions (id, role_id, permission_id) VALUES (1814, 10, 131);
INSERT INTO accounts_role_permissions (id, role_id, permission_id) VALUES (1815, 10, 132);
INSERT INTO accounts_role_permissions (id, role_id, permission_id) VALUES (1816, 10, 133);
INSERT INTO accounts_role_permissions (id, role_id, permission_id) VALUES (1817, 10, 134);
INSERT INTO accounts_role_permissions (id, role_id, permission_id) VALUES (1818, 10, 135);
INSERT INTO accounts_role_permissions (id, role_id, permission_id) VALUES (1819, 10, 136);
INSERT INTO accounts_role_permissions (id, role_id, permission_id) VALUES (1820, 10, 137);
INSERT INTO accounts_role_permissions (id, role_id, permission_id) VALUES (1821, 10, 138);
INSERT INTO accounts_role_permissions (id, role_id, permission_id) VALUES (1822, 10, 139);
INSERT INTO accounts_role_permissions (id, role_id, permission_id) VALUES (1823, 10, 140);
INSERT INTO accounts_role_permissions (id, role_id, permission_id) VALUES (1824, 10, 141);
INSERT INTO accounts_role_permissions (id, role_id, permission_id) VALUES (1825, 10, 142);
INSERT INTO accounts_role_permissions (id, role_id, permission_id) VALUES (1826, 10, 143);
INSERT INTO accounts_role_permissions (id, role_id, permission_id) VALUES (1827, 10, 144);
INSERT INTO accounts_role_permissions (id, role_id, permission_id) VALUES (1828, 10, 145);
INSERT INTO accounts_role_permissions (id, role_id, permission_id) VALUES (1829, 10, 146);
INSERT INTO accounts_role_permissions (id, role_id, permission_id) VALUES (1830, 10, 147);
INSERT INTO accounts_role_permissions (id, role_id, permission_id) VALUES (1831, 10, 148);
INSERT INTO accounts_role_permissions (id, role_id, permission_id) VALUES (1832, 10, 149);
INSERT INTO accounts_role_permissions (id, role_id, permission_id) VALUES (1833, 10, 150);
INSERT INTO accounts_role_permissions (id, role_id, permission_id) VALUES (1834, 10, 151);
INSERT INTO accounts_role_permissions (id, role_id, permission_id) VALUES (1835, 10, 152);
INSERT INTO accounts_role_permissions (id, role_id, permission_id) VALUES (1836, 10, 153);
INSERT INTO accounts_role_permissions (id, role_id, permission_id) VALUES (1837, 10, 154);
INSERT INTO accounts_role_permissions (id, role_id, permission_id) VALUES (1838, 10, 155);
INSERT INTO accounts_role_permissions (id, role_id, permission_id) VALUES (1839, 10, 156);
INSERT INTO accounts_role_permissions (id, role_id, permission_id) VALUES (1840, 10, 157);
INSERT INTO accounts_role_permissions (id, role_id, permission_id) VALUES (1841, 10, 158);
INSERT INTO accounts_role_permissions (id, role_id, permission_id) VALUES (1842, 10, 159);
INSERT INTO accounts_role_permissions (id, role_id, permission_id) VALUES (1843, 10, 160);
INSERT INTO accounts_role_permissions (id, role_id, permission_id) VALUES (1844, 10, 161);
INSERT INTO accounts_role_permissions (id, role_id, permission_id) VALUES (1845, 10, 162);
INSERT INTO accounts_role_permissions (id, role_id, permission_id) VALUES (1846, 10, 163);
INSERT INTO accounts_role_permissions (id, role_id, permission_id) VALUES (1847, 10, 164);
INSERT INTO accounts_role_permissions (id, role_id, permission_id) VALUES (1848, 10, 165);
INSERT INTO accounts_role_permissions (id, role_id, permission_id) VALUES (1849, 10, 166);
INSERT INTO accounts_role_permissions (id, role_id, permission_id) VALUES (1850, 10, 167);
INSERT INTO accounts_role_permissions (id, role_id, permission_id) VALUES (1851, 10, 168);
INSERT INTO accounts_role_permissions (id, role_id, permission_id) VALUES (1852, 10, 169);
INSERT INTO accounts_role_permissions (id, role_id, permission_id) VALUES (1853, 10, 170);
INSERT INTO accounts_role_permissions (id, role_id, permission_id) VALUES (1854, 10, 171);
INSERT INTO accounts_role_permissions (id, role_id, permission_id) VALUES (1855, 10, 172);
INSERT INTO accounts_role_permissions (id, role_id, permission_id) VALUES (1856, 10, 173);
INSERT INTO accounts_role_permissions (id, role_id, permission_id) VALUES (1857, 10, 174);
INSERT INTO accounts_role_permissions (id, role_id, permission_id) VALUES (1858, 10, 175);
INSERT INTO accounts_role_permissions (id, role_id, permission_id) VALUES (1859, 10, 176);
INSERT INTO accounts_role_permissions (id, role_id, permission_id) VALUES (1860, 10, 177);
INSERT INTO accounts_role_permissions (id, role_id, permission_id) VALUES (1861, 10, 178);
INSERT INTO accounts_role_permissions (id, role_id, permission_id) VALUES (1862, 10, 179);
INSERT INTO accounts_role_permissions (id, role_id, permission_id) VALUES (1863, 10, 180);
INSERT INTO accounts_role_permissions (id, role_id, permission_id) VALUES (1864, 10, 181);
INSERT INTO accounts_role_permissions (id, role_id, permission_id) VALUES (1865, 10, 182);
INSERT INTO accounts_role_permissions (id, role_id, permission_id) VALUES (1866, 10, 183);
INSERT INTO accounts_role_permissions (id, role_id, permission_id) VALUES (1867, 10, 184);
INSERT INTO accounts_role_permissions (id, role_id, permission_id) VALUES (1868, 10, 185);
INSERT INTO accounts_role_permissions (id, role_id, permission_id) VALUES (1869, 10, 186);
INSERT INTO accounts_role_permissions (id, role_id, permission_id) VALUES (1870, 10, 187);
INSERT INTO accounts_role_permissions (id, role_id, permission_id) VALUES (1871, 10, 188);
INSERT INTO accounts_role_permissions (id, role_id, permission_id) VALUES (1872, 10, 189);
INSERT INTO accounts_role_permissions (id, role_id, permission_id) VALUES (1873, 10, 190);
INSERT INTO accounts_role_permissions (id, role_id, permission_id) VALUES (1874, 10, 191);
INSERT INTO accounts_role_permissions (id, role_id, permission_id) VALUES (1875, 10, 192);
INSERT INTO accounts_role_permissions (id, role_id, permission_id) VALUES (1876, 10, 234);
INSERT INTO accounts_role_permissions (id, role_id, permission_id) VALUES (1877, 10, 235);
INSERT INTO accounts_role_permissions (id, role_id, permission_id) VALUES (1878, 10, 236);
INSERT INTO accounts_role_permissions (id, role_id, permission_id) VALUES (1879, 10, 237);
INSERT INTO accounts_role_permissions (id, role_id, permission_id) VALUES (1880, 10, 238);
INSERT INTO accounts_role_permissions (id, role_id, permission_id) VALUES (1881, 10, 239);
INSERT INTO accounts_role_permissions (id, role_id, permission_id) VALUES (1882, 10, 240);
INSERT INTO accounts_role_permissions (id, role_id, permission_id) VALUES (1883, 10, 241);
INSERT INTO accounts_role_permissions (id, role_id, permission_id) VALUES (1884, 10, 242);
INSERT INTO accounts_role_permissions (id, role_id, permission_id) VALUES (1885, 10, 243);
INSERT INTO accounts_role_permissions (id, role_id, permission_id) VALUES (1886, 10, 244);
INSERT INTO accounts_role_permissions (id, role_id, permission_id) VALUES (1887, 10, 245);
INSERT INTO accounts_role_permissions (id, role_id, permission_id) VALUES (1888, 10, 246);
INSERT INTO accounts_role_permissions (id, role_id, permission_id) VALUES (1889, 10, 247);
INSERT INTO accounts_role_permissions (id, role_id, permission_id) VALUES (1890, 10, 248);
INSERT INTO accounts_role_permissions (id, role_id, permission_id) VALUES (1891, 10, 249);
INSERT INTO accounts_role_permissions (id, role_id, permission_id) VALUES (1892, 10, 250);
INSERT INTO accounts_role_permissions (id, role_id, permission_id) VALUES (1893, 10, 251);
INSERT INTO accounts_role_permissions (id, role_id, permission_id) VALUES (1894, 10, 252);
INSERT INTO accounts_role_permissions (id, role_id, permission_id) VALUES (1895, 10, 253);
INSERT INTO accounts_role_permissions (id, role_id, permission_id) VALUES (1896, 10, 254);
INSERT INTO accounts_role_permissions (id, role_id, permission_id) VALUES (1897, 10, 255);
INSERT INTO accounts_role_permissions (id, role_id, permission_id) VALUES (1898, 10, 256);
INSERT INTO accounts_role_permissions (id, role_id, permission_id) VALUES (1899, 10, 257);
INSERT INTO accounts_role_permissions (id, role_id, permission_id) VALUES (1900, 10, 258);
INSERT INTO accounts_role_permissions (id, role_id, permission_id) VALUES (1901, 10, 259);
INSERT INTO accounts_role_permissions (id, role_id, permission_id) VALUES (1902, 10, 260);
INSERT INTO accounts_role_permissions (id, role_id, permission_id) VALUES (1903, 10, 261);
INSERT INTO accounts_role_permissions (id, role_id, permission_id) VALUES (1904, 10, 262);
INSERT INTO accounts_role_permissions (id, role_id, permission_id) VALUES (1905, 10, 263);
INSERT INTO accounts_role_permissions (id, role_id, permission_id) VALUES (1906, 10, 264);
INSERT INTO accounts_role_permissions (id, role_id, permission_id) VALUES (1907, 10, 265);
INSERT INTO accounts_role_permissions (id, role_id, permission_id) VALUES (1908, 10, 266);
INSERT INTO accounts_role_permissions (id, role_id, permission_id) VALUES (1909, 10, 267);
INSERT INTO accounts_role_permissions (id, role_id, permission_id) VALUES (1910, 10, 268);
INSERT INTO accounts_role_permissions (id, role_id, permission_id) VALUES (1911, 10, 269);
INSERT INTO accounts_role_permissions (id, role_id, permission_id) VALUES (1912, 10, 270);
INSERT INTO accounts_role_permissions (id, role_id, permission_id) VALUES (1913, 10, 271);
INSERT INTO accounts_role_permissions (id, role_id, permission_id) VALUES (1914, 10, 272);
INSERT INTO accounts_role_permissions (id, role_id, permission_id) VALUES (1915, 10, 273);
INSERT INTO accounts_role_permissions (id, role_id, permission_id) VALUES (1916, 10, 274);
INSERT INTO accounts_role_permissions (id, role_id, permission_id) VALUES (1917, 10, 275);
INSERT INTO accounts_role_permissions (id, role_id, permission_id) VALUES (1918, 10, 276);
INSERT INTO accounts_role_permissions (id, role_id, permission_id) VALUES (1919, 10, 277);
INSERT INTO accounts_role_permissions (id, role_id, permission_id) VALUES (1920, 10, 278);
INSERT INTO accounts_role_permissions (id, role_id, permission_id) VALUES (1921, 10, 279);
INSERT INTO accounts_role_permissions (id, role_id, permission_id) VALUES (1922, 10, 280);
INSERT INTO accounts_role_permissions (id, role_id, permission_id) VALUES (1923, 10, 281);
INSERT INTO accounts_role_permissions (id, role_id, permission_id) VALUES (1924, 10, 282);
INSERT INTO accounts_role_permissions (id, role_id, permission_id) VALUES (1925, 10, 283);
INSERT INTO accounts_role_permissions (id, role_id, permission_id) VALUES (1926, 10, 284);
INSERT INTO accounts_role_permissions (id, role_id, permission_id) VALUES (1927, 10, 285);
INSERT INTO accounts_role_permissions (id, role_id, permission_id) VALUES (1928, 10, 286);
INSERT INTO accounts_role_permissions (id, role_id, permission_id) VALUES (1929, 10, 287);
INSERT INTO accounts_role_permissions (id, role_id, permission_id) VALUES (1930, 10, 288);
INSERT INTO accounts_role_permissions (id, role_id, permission_id) VALUES (1940, 10, 293);
INSERT INTO accounts_role_permissions (id, role_id, permission_id) VALUES (1931, 10, 295);
INSERT INTO accounts_role_permissions (id, role_id, permission_id) VALUES (1932, 10, 296);
INSERT INTO accounts_role_permissions (id, role_id, permission_id) VALUES (1933, 10, 297);
INSERT INTO accounts_role_permissions (id, role_id, permission_id) VALUES (1934, 10, 298);
INSERT INTO accounts_role_permissions (id, role_id, permission_id) VALUES (1935, 10, 299);
INSERT INTO accounts_role_permissions (id, role_id, permission_id) VALUES (1936, 10, 300);
INSERT INTO accounts_role_permissions (id, role_id, permission_id) VALUES (1937, 10, 301);
INSERT INTO accounts_role_permissions (id, role_id, permission_id) VALUES (1938, 10, 302);
INSERT INTO accounts_role_permissions (id, role_id, permission_id) VALUES (1939, 10, 303);
INSERT INTO accounts_role_permissions (id, role_id, permission_id) VALUES (1965, 11, 22);
INSERT INTO accounts_role_permissions (id, role_id, permission_id) VALUES (1967, 11, 23);
INSERT INTO accounts_role_permissions (id, role_id, permission_id) VALUES (1968, 11, 25);
INSERT INTO accounts_role_permissions (id, role_id, permission_id) VALUES (1971, 11, 26);
INSERT INTO accounts_role_permissions (id, role_id, permission_id) VALUES (1973, 11, 27);
INSERT INTO accounts_role_permissions (id, role_id, permission_id) VALUES (1975, 11, 28);
INSERT INTO accounts_role_permissions (id, role_id, permission_id) VALUES (1976, 11, 29);
INSERT INTO accounts_role_permissions (id, role_id, permission_id) VALUES (1977, 11, 31);
INSERT INTO accounts_role_permissions (id, role_id, permission_id) VALUES (1978, 11, 35);
INSERT INTO accounts_role_permissions (id, role_id, permission_id) VALUES (1979, 11, 37);
INSERT INTO accounts_role_permissions (id, role_id, permission_id) VALUES (1980, 11, 40);
INSERT INTO accounts_role_permissions (id, role_id, permission_id) VALUES (1982, 11, 43);
INSERT INTO accounts_role_permissions (id, role_id, permission_id) VALUES (1983, 11, 44);
INSERT INTO accounts_role_permissions (id, role_id, permission_id) VALUES (1984, 11, 49);
INSERT INTO accounts_role_permissions (id, role_id, permission_id) VALUES (1985, 11, 52);
INSERT INTO accounts_role_permissions (id, role_id, permission_id) VALUES (1986, 11, 55);
INSERT INTO accounts_role_permissions (id, role_id, permission_id) VALUES (1987, 11, 59);
INSERT INTO accounts_role_permissions (id, role_id, permission_id) VALUES (1988, 11, 61);
INSERT INTO accounts_role_permissions (id, role_id, permission_id) VALUES (1989, 11, 62);
INSERT INTO accounts_role_permissions (id, role_id, permission_id) VALUES (1990, 11, 68);
INSERT INTO accounts_role_permissions (id, role_id, permission_id) VALUES (1991, 11, 72);
INSERT INTO accounts_role_permissions (id, role_id, permission_id) VALUES (1992, 11, 75);
INSERT INTO accounts_role_permissions (id, role_id, permission_id) VALUES (1993, 11, 77);
INSERT INTO accounts_role_permissions (id, role_id, permission_id) VALUES (1994, 11, 78);
INSERT INTO accounts_role_permissions (id, role_id, permission_id) VALUES (1995, 11, 84);
INSERT INTO accounts_role_permissions (id, role_id, permission_id) VALUES (1996, 11, 86);
INSERT INTO accounts_role_permissions (id, role_id, permission_id) VALUES (1997, 11, 87);
INSERT INTO accounts_role_permissions (id, role_id, permission_id) VALUES (1998, 11, 90);
INSERT INTO accounts_role_permissions (id, role_id, permission_id) VALUES (1999, 11, 94);
INSERT INTO accounts_role_permissions (id, role_id, permission_id) VALUES (2000, 11, 96);
INSERT INTO accounts_role_permissions (id, role_id, permission_id) VALUES (2001, 11, 100);
INSERT INTO accounts_role_permissions (id, role_id, permission_id) VALUES (2002, 11, 101);
INSERT INTO accounts_role_permissions (id, role_id, permission_id) VALUES (2003, 11, 102);
INSERT INTO accounts_role_permissions (id, role_id, permission_id) VALUES (2004, 11, 103);
INSERT INTO accounts_role_permissions (id, role_id, permission_id) VALUES (2005, 11, 105);
INSERT INTO accounts_role_permissions (id, role_id, permission_id) VALUES (2006, 11, 106);
INSERT INTO accounts_role_permissions (id, role_id, permission_id) VALUES (2007, 11, 107);
INSERT INTO accounts_role_permissions (id, role_id, permission_id) VALUES (2009, 11, 108);
INSERT INTO accounts_role_permissions (id, role_id, permission_id) VALUES (2011, 11, 109);
INSERT INTO accounts_role_permissions (id, role_id, permission_id) VALUES (2008, 11, 236);
INSERT INTO accounts_role_permissions (id, role_id, permission_id) VALUES (2010, 11, 238);
INSERT INTO accounts_role_permissions (id, role_id, permission_id) VALUES (2012, 11, 240);
INSERT INTO accounts_role_permissions (id, role_id, permission_id) VALUES (2013, 11, 243);
INSERT INTO accounts_role_permissions (id, role_id, permission_id) VALUES (2014, 11, 244);
INSERT INTO accounts_role_permissions (id, role_id, permission_id) VALUES (2015, 11, 245);
INSERT INTO accounts_role_permissions (id, role_id, permission_id) VALUES (2016, 11, 246);
INSERT INTO accounts_role_permissions (id, role_id, permission_id) VALUES (2017, 11, 247);
INSERT INTO accounts_role_permissions (id, role_id, permission_id) VALUES (2018, 11, 249);
INSERT INTO accounts_role_permissions (id, role_id, permission_id) VALUES (2019, 11, 251);
INSERT INTO accounts_role_permissions (id, role_id, permission_id) VALUES (2020, 11, 255);
INSERT INTO accounts_role_permissions (id, role_id, permission_id) VALUES (1954, 11, 256);
INSERT INTO accounts_role_permissions (id, role_id, permission_id) VALUES (1955, 11, 258);
INSERT INTO accounts_role_permissions (id, role_id, permission_id) VALUES (1956, 11, 261);
INSERT INTO accounts_role_permissions (id, role_id, permission_id) VALUES (1957, 11, 262);
INSERT INTO accounts_role_permissions (id, role_id, permission_id) VALUES (1958, 11, 265);
INSERT INTO accounts_role_permissions (id, role_id, permission_id) VALUES (1959, 11, 266);
INSERT INTO accounts_role_permissions (id, role_id, permission_id) VALUES (1960, 11, 268);
INSERT INTO accounts_role_permissions (id, role_id, permission_id) VALUES (1961, 11, 272);
INSERT INTO accounts_role_permissions (id, role_id, permission_id) VALUES (1962, 11, 274);
INSERT INTO accounts_role_permissions (id, role_id, permission_id) VALUES (1963, 11, 276);
INSERT INTO accounts_role_permissions (id, role_id, permission_id) VALUES (1964, 11, 278);
INSERT INTO accounts_role_permissions (id, role_id, permission_id) VALUES (1966, 11, 280);
INSERT INTO accounts_role_permissions (id, role_id, permission_id) VALUES (1969, 11, 283);
INSERT INTO accounts_role_permissions (id, role_id, permission_id) VALUES (1970, 11, 284);
INSERT INTO accounts_role_permissions (id, role_id, permission_id) VALUES (1972, 11, 286);
INSERT INTO accounts_role_permissions (id, role_id, permission_id) VALUES (1974, 11, 288);
INSERT INTO accounts_role_permissions (id, role_id, permission_id) VALUES (1981, 11, 297);

-- Table: accounts_timelockmodel
CREATE TABLE `accounts_timelockmodel` (
  `id` bigint NOT NULL AUTO_INCREMENT,
  `lock_key` longtext CHARACTER SET utf8mb4 COLLATE utf8mb4_0900_ai_ci NOT NULL,
  `hash_value` varchar(64) CHARACTER SET utf8mb4 COLLATE utf8mb4_0900_ai_ci NOT NULL,
  `salt` varchar(32) CHARACTER SET utf8mb4 COLLATE utf8mb4_0900_ai_ci NOT NULL,
  `created_at` datetime(6) NOT NULL,
  `is_active` tinyint(1) NOT NULL,
  `organization_name` varchar(255) CHARACTER SET utf8mb4 COLLATE utf8mb4_0900_ai_ci NOT NULL,
  PRIMARY KEY (`id`) USING BTREE,
  UNIQUE KEY `hash_value` (`hash_value`) USING BTREE,
  UNIQUE KEY `salt` (`salt`) USING BTREE
) ENGINE=InnoDB AUTO_INCREMENT=2 DEFAULT CHARSET=utf8mb4 COLLATE=utf8mb4_0900_ai_ci ROW_FORMAT=DYNAMIC;

INSERT INTO accounts_timelockmodel (id, lock_key, hash_value, salt, created_at, is_active, organization_name) VALUES (1, 'gAAAAABn8PKe9ZLet8FxagGbtOgYQNpV0GGNwXqrfI-CFJqh9PS7KNI779-KJbbKOVAPARVEuLEg6RIDT9-4n7WFMzicys0y5vTBt1P1cZP2FXmoVnOj0A0nmk1GM37Efs9AL1F1qQKZNpIA_LIfzQJLt3Y1bl0lWPWVfUrfjUO35bTpUyJy79AnhgA6DZOjdo8_WMLpX7Po', '7fdc178ff5b2692e5dffe118399ce8e3943bd290c75c94f1175580b0f784c6fb', '40264839317cdc60d33f0a9580f5f54d', 2025-04-05 09:06:38.315375, 1, '  ');

-- Table: admin_interface_theme
CREATE TABLE `admin_interface_theme` (
  `id` int NOT NULL AUTO_INCREMENT,
  `name` varchar(50) CHARACTER SET utf8mb4 COLLATE utf8mb4_0900_ai_ci NOT NULL,
  `active` tinyint(1) NOT NULL,
  `title` varchar(50) CHARACTER SET utf8mb4 COLLATE utf8mb4_0900_ai_ci NOT NULL,
  `title_visible` tinyint(1) NOT NULL,
  `logo` varchar(100) CHARACTER SET utf8mb4 COLLATE utf8mb4_0900_ai_ci NOT NULL,
  `logo_visible` tinyint(1) NOT NULL,
  `css_header_background_color` varchar(10) CHARACTER SET utf8mb4 COLLATE utf8mb4_0900_ai_ci NOT NULL,
  `title_color` varchar(10) CHARACTER SET utf8mb4 COLLATE utf8mb4_0900_ai_ci NOT NULL,
  `css_header_text_color` varchar(10) CHARACTER SET utf8mb4 COLLATE utf8mb4_0900_ai_ci NOT NULL,
  `css_header_link_color` varchar(10) CHARACTER SET utf8mb4 COLLATE utf8mb4_0900_ai_ci NOT NULL,
  `css_header_link_hover_color` varchar(10) CHARACTER SET utf8mb4 COLLATE utf8mb4_0900_ai_ci NOT NULL,
  `css_module_background_color` varchar(10) CHARACTER SET utf8mb4 COLLATE utf8mb4_0900_ai_ci NOT NULL,
  `css_module_text_color` varchar(10) CHARACTER SET utf8mb4 COLLATE utf8mb4_0900_ai_ci NOT NULL,
  `css_module_link_color` varchar(10) CHARACTER SET utf8mb4 COLLATE utf8mb4_0900_ai_ci NOT NULL,
  `css_module_link_hover_color` varchar(10) CHARACTER SET utf8mb4 COLLATE utf8mb4_0900_ai_ci NOT NULL,
  `css_module_rounded_corners` tinyint(1) NOT NULL,
  `css_generic_link_color` varchar(10) CHARACTER SET utf8mb4 COLLATE utf8mb4_0900_ai_ci NOT NULL,
  `css_generic_link_hover_color` varchar(10) CHARACTER SET utf8mb4 COLLATE utf8mb4_0900_ai_ci NOT NULL,
  `css_save_button_background_color` varchar(10) CHARACTER SET utf8mb4 COLLATE utf8mb4_0900_ai_ci NOT NULL,
  `css_save_button_background_hover_color` varchar(10) CHARACTER SET utf8mb4 COLLATE utf8mb4_0900_ai_ci NOT NULL,
  `css_save_button_text_color` varchar(10) CHARACTER SET utf8mb4 COLLATE utf8mb4_0900_ai_ci NOT NULL,
  `css_delete_button_background_color` varchar(10) CHARACTER SET utf8mb4 COLLATE utf8mb4_0900_ai_ci NOT NULL,
  `css_delete_button_background_hover_color` varchar(10) CHARACTER SET utf8mb4 COLLATE utf8mb4_0900_ai_ci NOT NULL,
  `css_delete_button_text_color` varchar(10) CHARACTER SET utf8mb4 COLLATE utf8mb4_0900_ai_ci NOT NULL,
  `list_filter_dropdown` tinyint(1) NOT NULL,
  `related_modal_active` tinyint(1) NOT NULL,
  `related_modal_background_color` varchar(10) CHARACTER SET utf8mb4 COLLATE utf8mb4_0900_ai_ci NOT NULL,
  `related_modal_rounded_corners` tinyint(1) NOT NULL,
  `logo_color` varchar(10) CHARACTER SET utf8mb4 COLLATE utf8mb4_0900_ai_ci NOT NULL,
  `recent_actions_visible` tinyint(1) NOT NULL,
  `favicon` varchar(100) CHARACTER SET utf8mb4 COLLATE utf8mb4_0900_ai_ci NOT NULL,
  `related_modal_background_opacity` varchar(5) CHARACTER SET utf8mb4 COLLATE utf8mb4_0900_ai_ci NOT NULL,
  `env_name` varchar(50) CHARACTER SET utf8mb4 COLLATE utf8mb4_0900_ai_ci NOT NULL,
  `env_visible_in_header` tinyint(1) NOT NULL,
  `env_color` varchar(10) CHARACTER SET utf8mb4 COLLATE utf8mb4_0900_ai_ci NOT NULL,
  `env_visible_in_favicon` tinyint(1) NOT NULL,
  `related_modal_close_button_visible` tinyint(1) NOT NULL,
  `language_chooser_active` tinyint(1) NOT NULL,
  `language_chooser_display` varchar(10) CHARACTER SET utf8mb4 COLLATE utf8mb4_0900_ai_ci NOT NULL,
  `list_filter_sticky` tinyint(1) NOT NULL,
  `form_pagination_sticky` tinyint(1) NOT NULL,
  `form_submit_sticky` tinyint(1) NOT NULL,
  `css_module_background_selected_color` varchar(10) CHARACTER SET utf8mb4 COLLATE utf8mb4_0900_ai_ci NOT NULL,
  `css_module_link_selected_color` varchar(10) CHARACTER SET utf8mb4 COLLATE utf8mb4_0900_ai_ci NOT NULL,
  `logo_max_height` smallint unsigned NOT NULL,
  `logo_max_width` smallint unsigned NOT NULL,
  `foldable_apps` tinyint(1) NOT NULL,
  `language_chooser_control` varchar(20) CHARACTER SET utf8mb4 COLLATE utf8mb4_0900_ai_ci NOT NULL,
  `list_filter_highlight` tinyint(1) NOT NULL,
  `list_filter_removal_links` tinyint(1) NOT NULL,
  `show_fieldsets_as_tabs` tinyint(1) NOT NULL,
  `show_inlines_as_tabs` tinyint(1) NOT NULL,
  `css_generic_link_active_color` varchar(10) CHARACTER SET utf8mb4 COLLATE utf8mb4_0900_ai_ci NOT NULL,
  `collapsible_stacked_inlines` tinyint(1) NOT NULL,
  `collapsible_stacked_inlines_collapsed` tinyint(1) NOT NULL,
  `collapsible_tabular_inlines` tinyint(1) NOT NULL,
  `collapsible_tabular_inlines_collapsed` tinyint(1) NOT NULL,
  PRIMARY KEY (`id`) USING BTREE,
  UNIQUE KEY `admin_interface_theme_name_30bda70f_uniq` (`name`) USING BTREE,
  CONSTRAINT `admin_interface_theme_chk_1` CHECK ((`logo_max_height` >= 0)),
  CONSTRAINT `admin_interface_theme_chk_2` CHECK ((`logo_max_width` >= 0))
) ENGINE=InnoDB AUTO_INCREMENT=5 DEFAULT CHARSET=utf8mb4 COLLATE=utf8mb4_0900_ai_ci ROW_FORMAT=DYNAMIC;

INSERT INTO admin_interface_theme (id, name, active, title, title_visible, logo, logo_visible, css_header_background_color, title_color, css_header_text_color, css_header_link_color, css_header_link_hover_color, css_module_background_color, css_module_text_color, css_module_link_color, css_module_link_hover_color, css_module_rounded_corners, css_generic_link_color, css_generic_link_hover_color, css_save_button_background_color, css_save_button_background_hover_color, css_save_button_text_color, css_delete_button_background_color, css_delete_button_background_hover_color, css_delete_button_text_color, list_filter_dropdown, related_modal_active, related_modal_background_color, related_modal_rounded_corners, logo_color, recent_actions_visible, favicon, related_modal_background_opacity, env_name, env_visible_in_header, env_color, env_visible_in_favicon, related_modal_close_button_visible, language_chooser_active, language_chooser_display, list_filter_sticky, form_pagination_sticky, form_submit_sticky, css_module_background_selected_color, css_module_link_selected_color, logo_max_height, logo_max_width, foldable_apps, language_chooser_control, list_filter_highlight, list_filter_removal_links, show_fieldsets_as_tabs, show_inlines_as_tabs, css_generic_link_active_color, collapsible_stacked_inlines, collapsible_stacked_inlines_collapsed, collapsible_tabular_inlines, collapsible_tabular_inlines_collapsed) VALUES (1, 'Django', 0, 'Django administration', 1, '', 1, '#0C4B33', '#F5DD5D', '#44B78B', '#FFFFFF', '#C9F0DD', '#44B78B', '#FFFFFF', '#FFFFFF', '#C9F0DD', 1, '#0C3C26', '#156641', '#0C4B33', '#0C3C26', '#FFFFFF', '#BA2121', '#A41515', '#FFFFFF', 0, 1, '#000000', 1, '#FFFFFF', 1, '', '0.2', '', 1, '#E74C3C', 1, 1, 1, 'code', 1, 0, 0, '#FFFFCC', '#FFFFFF', 100, 400, 1, 'default-select', 1, 0, 0, 0, '#29B864', 0, 1, 0, 1);
INSERT INTO admin_interface_theme (id, name, active, title, title_visible, logo, logo_visible, css_header_background_color, title_color, css_header_text_color, css_header_link_color, css_header_link_hover_color, css_module_background_color, css_module_text_color, css_module_link_color, css_module_link_hover_color, css_module_rounded_corners, css_generic_link_color, css_generic_link_hover_color, css_save_button_background_color, css_save_button_background_hover_color, css_save_button_text_color, css_delete_button_background_color, css_delete_button_background_hover_color, css_delete_button_text_color, list_filter_dropdown, related_modal_active, related_modal_background_color, related_modal_rounded_corners, logo_color, recent_actions_visible, favicon, related_modal_background_opacity, env_name, env_visible_in_header, env_color, env_visible_in_favicon, related_modal_close_button_visible, language_chooser_active, language_chooser_display, list_filter_sticky, form_pagination_sticky, form_submit_sticky, css_module_background_selected_color, css_module_link_selected_color, logo_max_height, logo_max_width, foldable_apps, language_chooser_control, list_filter_highlight, list_filter_removal_links, show_fieldsets_as_tabs, show_inlines_as_tabs, css_generic_link_active_color, collapsible_stacked_inlines, collapsible_stacked_inlines_collapsed, collapsible_tabular_inlines, collapsible_tabular_inlines_collapsed) VALUES (2, 'Bootstrap', 1, 'Django administration', 0, '', 1, '#FFFFFF', '#503873', '#463265', '#463265', '#7351A6', '#7351A6', '#FFFFFF', '#CDBFE3', '#FFFFFF', 1, '#463265', '#7351A6', '#5CB85C', '#449D44', '#FFFFFF', '#D9534F', '#C9302C', '#FFFFFF', 0, 1, '#503873', 1, '#503873', 1, '', '0.2', '', 1, '#E74C3C', 1, 1, 1, 'code', 1, 0, 0, '#FFFFCC', '#FFFFFF', 100, 400, 1, 'default-select', 1, 0, 0, 0, '#29B864', 0, 1, 0, 1);
INSERT INTO admin_interface_theme (id, name, active, title, title_visible, logo, logo_visible, css_header_background_color, title_color, css_header_text_color, css_header_link_color, css_header_link_hover_color, css_module_background_color, css_module_text_color, css_module_link_color, css_module_link_hover_color, css_module_rounded_corners, css_generic_link_color, css_generic_link_hover_color, css_save_button_background_color, css_save_button_background_hover_color, css_save_button_text_color, css_delete_button_background_color, css_delete_button_background_hover_color, css_delete_button_text_color, list_filter_dropdown, related_modal_active, related_modal_background_color, related_modal_rounded_corners, logo_color, recent_actions_visible, favicon, related_modal_background_opacity, env_name, env_visible_in_header, env_color, env_visible_in_favicon, related_modal_close_button_visible, language_chooser_active, language_chooser_display, list_filter_sticky, form_pagination_sticky, form_submit_sticky, css_module_background_selected_color, css_module_link_selected_color, logo_max_height, logo_max_width, foldable_apps, language_chooser_control, list_filter_highlight, list_filter_removal_links, show_fieldsets_as_tabs, show_inlines_as_tabs, css_generic_link_active_color, collapsible_stacked_inlines, collapsible_stacked_inlines_collapsed, collapsible_tabular_inlines, collapsible_tabular_inlines_collapsed) VALUES (3, 'Foundation', 0, 'Django administration', 0, '', 1, '#2C3840', '#DDDDDD', '#FFFFFF', '#FFFFFF', '#DDDDDD', '#074E68', '#FFFFFF', '#FFFFFF', '#DDDDDD', 1, '#000000', '#074E68', '#2199E8', '#1585CF', '#FFFFFF', '#CC4B37', '#BF4634', '#FFFFFF', 0, 1, '#000000', 1, '#CCCCCC', 1, '', '0.2', '', 1, '#E74C3C', 1, 1, 1, 'code', 1, 0, 0, '#FFFFCC', '#FFFFFF', 100, 400, 1, 'default-select', 1, 0, 0, 0, '#29B864', 0, 1, 0, 1);
INSERT INTO admin_interface_theme (id, name, active, title, title_visible, logo, logo_visible, css_header_background_color, title_color, css_header_text_color, css_header_link_color, css_header_link_hover_color, css_module_background_color, css_module_text_color, css_module_link_color, css_module_link_hover_color, css_module_rounded_corners, css_generic_link_color, css_generic_link_hover_color, css_save_button_background_color, css_save_button_background_hover_color, css_save_button_text_color, css_delete_button_background_color, css_delete_button_background_hover_color, css_delete_button_text_color, list_filter_dropdown, related_modal_active, related_modal_background_color, related_modal_rounded_corners, logo_color, recent_actions_visible, favicon, related_modal_background_opacity, env_name, env_visible_in_header, env_color, env_visible_in_favicon, related_modal_close_button_visible, language_chooser_active, language_chooser_display, list_filter_sticky, form_pagination_sticky, form_submit_sticky, css_module_background_selected_color, css_module_link_selected_color, logo_max_height, logo_max_width, foldable_apps, language_chooser_control, list_filter_highlight, list_filter_removal_links, show_fieldsets_as_tabs, show_inlines_as_tabs, css_generic_link_active_color, collapsible_stacked_inlines, collapsible_stacked_inlines_collapsed, collapsible_tabular_inlines, collapsible_tabular_inlines_collapsed) VALUES (4, 'USWDS', 0, 'Django administration', 0, '', 1, '#112E51', '#FFFFFF', '#FFFFFF', '#FFFFFF', '#E1F3F8', '#205493', '#FFFFFF', '#FFFFFF', '#E1F3F8', 1, '#205493', '#0071BC', '#205493', '#112E51', '#FFFFFF', '#CD2026', '#981B1E', '#FFFFFF', 0, 1, '#000000', 1, '#FFFFFF', 1, '', '0.8', '', 1, '#E74C3C', 1, 1, 1, 'code', 1, 0, 0, '#FFFFCC', '#FFFFFF', 100, 400, 1, 'default-select', 1, 0, 0, 0, '#29B864', 0, 1, 0, 1);

-- Table: auth_group
CREATE TABLE `auth_group` (
  `id` int NOT NULL AUTO_INCREMENT,
  `name` varchar(150) CHARACTER SET utf8mb4 COLLATE utf8mb4_0900_ai_ci NOT NULL,
  PRIMARY KEY (`id`) USING BTREE,
  UNIQUE KEY `name` (`name`) USING BTREE
) ENGINE=InnoDB DEFAULT CHARSET=utf8mb4 COLLATE=utf8mb4_0900_ai_ci ROW_FORMAT=DYNAMIC;


-- Table: auth_group_permissions
CREATE TABLE `auth_group_permissions` (
  `id` int NOT NULL AUTO_INCREMENT,
  `group_id` int NOT NULL,
  `permission_id` int NOT NULL,
  PRIMARY KEY (`id`) USING BTREE,
  UNIQUE KEY `auth_group_permissions_group_id_permission_id_0cd325b0_uniq` (`group_id`,`permission_id`) USING BTREE,
  KEY `auth_group_permissions_permission_id_84c5c92e_fk` (`permission_id`) USING BTREE,
  CONSTRAINT `auth_group_permissions_group_id_b120cbf9_fk` FOREIGN KEY (`group_id`) REFERENCES `auth_group` (`id`) ON DELETE RESTRICT ON UPDATE RESTRICT,
  CONSTRAINT `auth_group_permissions_permission_id_84c5c92e_fk` FOREIGN KEY (`permission_id`) REFERENCES `auth_permission` (`id`) ON DELETE RESTRICT ON UPDATE RESTRICT
) ENGINE=InnoDB DEFAULT CHARSET=utf8mb4 COLLATE=utf8mb4_0900_ai_ci ROW_FORMAT=DYNAMIC;


-- Table: auth_permission
CREATE TABLE `auth_permission` (
  `id` int NOT NULL AUTO_INCREMENT,
  `name` varchar(255) CHARACTER SET utf8mb4 COLLATE utf8mb4_0900_ai_ci NOT NULL,
  `content_type_id` int NOT NULL,
  `codename` varchar(100) CHARACTER SET utf8mb4 COLLATE utf8mb4_0900_ai_ci NOT NULL,
  PRIMARY KEY (`id`) USING BTREE,
  UNIQUE KEY `auth_permission_content_type_id_codename_01ab375a_uniq` (`content_type_id`,`codename`) USING BTREE,
  CONSTRAINT `auth_permission_content_type_id_2f476e4b_fk` FOREIGN KEY (`content_type_id`) REFERENCES `django_content_type` (`id`) ON DELETE RESTRICT ON UPDATE RESTRICT
) ENGINE=InnoDB AUTO_INCREMENT=336 DEFAULT CHARSET=utf8mb4 COLLATE=utf8mb4_0900_ai_ci ROW_FORMAT=DYNAMIC;

INSERT INTO auth_permission (id, name, content_type_id, codename) VALUES (1, 'Can add log entry', 2, 'add_logentry');
INSERT INTO auth_permission (id, name, content_type_id, codename) VALUES (2, 'Can change log entry', 2, 'change_logentry');
INSERT INTO auth_permission (id, name, content_type_id, codename) VALUES (3, 'Can delete log entry', 2, 'delete_logentry');
INSERT INTO auth_permission (id, name, content_type_id, codename) VALUES (4, 'Can view log entry', 2, 'view_logentry');
INSERT INTO auth_permission (id, name, content_type_id, codename) VALUES (5, 'Can add permission', 3, 'add_permission');
INSERT INTO auth_permission (id, name, content_type_id, codename) VALUES (6, 'Can change permission', 3, 'change_permission');
INSERT INTO auth_permission (id, name, content_type_id, codename) VALUES (7, 'Can delete permission', 3, 'delete_permission');
INSERT INTO auth_permission (id, name, content_type_id, codename) VALUES (8, 'Can view permission', 3, 'view_permission');
INSERT INTO auth_permission (id, name, content_type_id, codename) VALUES (9, 'Can add group', 4, 'add_group');
INSERT INTO auth_permission (id, name, content_type_id, codename) VALUES (10, 'Can change group', 4, 'change_group');
INSERT INTO auth_permission (id, name, content_type_id, codename) VALUES (11, 'Can delete group', 4, 'delete_group');
INSERT INTO auth_permission (id, name, content_type_id, codename) VALUES (12, 'Can view group', 4, 'view_group');
INSERT INTO auth_permission (id, name, content_type_id, codename) VALUES (13, 'Can add content type', 5, 'add_contenttype');
INSERT INTO auth_permission (id, name, content_type_id, codename) VALUES (14, 'Can change content type', 5, 'change_contenttype');
INSERT INTO auth_permission (id, name, content_type_id, codename) VALUES (15, 'Can delete content type', 5, 'delete_contenttype');
INSERT INTO auth_permission (id, name, content_type_id, codename) VALUES (16, 'Can view content type', 5, 'view_contenttype');
INSERT INTO auth_permission (id, name, content_type_id, codename) VALUES (17, 'Can add session', 6, 'add_session');
INSERT INTO auth_permission (id, name, content_type_id, codename) VALUES (18, 'Can change session', 6, 'change_session');
INSERT INTO auth_permission (id, name, content_type_id, codename) VALUES (19, 'Can delete session', 6, 'delete_session');
INSERT INTO auth_permission (id, name, content_type_id, codename) VALUES (20, 'Can view session', 6, 'view_session');
INSERT INTO auth_permission (id, name, content_type_id, codename) VALUES (21, '  ', 76, 'Branch_add');
INSERT INTO auth_permission (id, name, content_type_id, codename) VALUES (22, '  ', 76, 'Branch_edit');
INSERT INTO auth_permission (id, name, content_type_id, codename) VALUES (23, '  ', 76, 'Branch_view');
INSERT INTO auth_permission (id, name, content_type_id, codename) VALUES (24, '  ', 76, 'Branch_delete');
INSERT INTO auth_permission (id, name, content_type_id, codename) VALUES (25, '   Core ', 7, 'Dashboard_Core_view');
INSERT INTO auth_permission (id, name, content_type_id, codename) VALUES (26, '    ', 8, 'Dashboard__view');
INSERT INTO auth_permission (id, name, content_type_id, codename) VALUES (27, '     ', 9, 'DashboardView_flows_view');
INSERT INTO auth_permission (id, name, content_type_id, codename) VALUES (28, '     ', 66, 'OrganizationChartAPIView_view');
INSERT INTO auth_permission (id, name, content_type_id, codename) VALUES (29, '         ', 67, 'OrganizationChartView_view');
INSERT INTO auth_permission (id, name, content_type_id, codename) VALUES (30, ' ///', 64, 'OrganizationType_add');
INSERT INTO auth_permission (id, name, content_type_id, codename) VALUES (31, ' ///', 64, 'OrganizationType_view');
INSERT INTO auth_permission (id, name, content_type_id, codename) VALUES (32, ' ///', 64, 'OrganizationType_update');
INSERT INTO auth_permission (id, name, content_type_id, codename) VALUES (33, ' ///', 64, 'OrganizationType_delete');
INSERT INTO auth_permission (id, name, content_type_id, codename) VALUES (34, 'Can add  ', 72, 'add_systemsettings');
INSERT INTO auth_permission (id, name, content_type_id, codename) VALUES (35, 'Can change  ', 72, 'change_systemsettings');
INSERT INTO auth_permission (id, name, content_type_id, codename) VALUES (36, 'Can delete  ', 72, 'delete_systemsettings');
INSERT INTO auth_permission (id, name, content_type_id, codename) VALUES (37, 'Can view  ', 72, 'view_systemsettings');
INSERT INTO auth_permission (id, name, content_type_id, codename) VALUES (38, '    ', 79, 'Action_add');
INSERT INTO auth_permission (id, name, content_type_id, codename) VALUES (39, '    ', 79, 'Action_update');
INSERT INTO auth_permission (id, name, content_type_id, codename) VALUES (40, '    ', 79, 'Action_view');
INSERT INTO auth_permission (id, name, content_type_id, codename) VALUES (41, '    ', 79, 'Action_delete');
INSERT INTO auth_permission (id, name, content_type_id, codename) VALUES (42, '     ', 82, 'EntityType_add');
INSERT INTO auth_permission (id, name, content_type_id, codename) VALUES (43, '     ', 82, 'EntityType_update');
INSERT INTO auth_permission (id, name, content_type_id, codename) VALUES (44, '     ', 82, 'EntityType_view');
INSERT INTO auth_permission (id, name, content_type_id, codename) VALUES (45, '     ', 82, 'EntityType_delete');
INSERT INTO auth_permission (id, name, content_type_id, codename) VALUES (46, '       ', 11, 'Organization_add');
INSERT INTO auth_permission (id, name, content_type_id, codename) VALUES (47, '       ', 11, 'Organization_update');
INSERT INTO auth_permission (id, name, content_type_id, codename) VALUES (48, '       ', 11, 'Organization_delete');
INSERT INTO auth_permission (id, name, content_type_id, codename) VALUES (49, '       ', 11, 'Organization_view');
INSERT INTO auth_permission (id, name, content_type_id, codename) VALUES (50, '       ', 12, 'Post_add');
INSERT INTO auth_permission (id, name, content_type_id, codename) VALUES (51, '      ', 12, 'Post_update');
INSERT INTO auth_permission (id, name, content_type_id, codename) VALUES (52, '       ', 12, 'Post_view');
INSERT INTO auth_permission (id, name, content_type_id, codename) VALUES (53, '       ', 12, 'Post_delete');
INSERT INTO auth_permission (id, name, content_type_id, codename) VALUES (54, '  ', 73, 'AccessRule_add');
INSERT INTO auth_permission (id, name, content_type_id, codename) VALUES (55, '  ', 73, 'AccessRule_view');
INSERT INTO auth_permission (id, name, content_type_id, codename) VALUES (56, '  ', 73, 'AccessRule_update');
INSERT INTO auth_permission (id, name, content_type_id, codename) VALUES (57, '  ', 73, 'AccessRule_delete');
INSERT INTO auth_permission (id, name, content_type_id, codename) VALUES (58, 'Can add  ', 14, 'add_posthistory');
INSERT INTO auth_permission (id, name, content_type_id, codename) VALUES (59, 'Can change  ', 14, 'change_posthistory');
INSERT INTO auth_permission (id, name, content_type_id, codename) VALUES (60, 'Can delete  ', 14, 'delete_posthistory');
INSERT INTO auth_permission (id, name, content_type_id, codename) VALUES (61, 'Can view  ', 14, 'view_posthistory');
INSERT INTO auth_permission (id, name, content_type_id, codename) VALUES (62, '     ', 14, 'posthistory_view');
INSERT INTO auth_permission (id, name, content_type_id, codename) VALUES (63, '     ', 14, 'posthistory_add');
INSERT INTO auth_permission (id, name, content_type_id, codename) VALUES (64, '     ', 14, 'posthistory_update');
INSERT INTO auth_permission (id, name, content_type_id, codename) VALUES (65, '     ', 14, 'posthistory_delete');
INSERT INTO auth_permission (id, name, content_type_id, codename) VALUES (66, '   ', 13, 'Project_add');
INSERT INTO auth_permission (id, name, content_type_id, codename) VALUES (67, '  ', 13, 'Project_update');
INSERT INTO auth_permission (id, name, content_type_id, codename) VALUES (68, '  ', 13, 'Project_view');
INSERT INTO auth_permission (id, name, content_type_id, codename) VALUES (69, '  ', 13, 'Project_delete');
INSERT INTO auth_permission (id, name, content_type_id, codename) VALUES (70, ' ', 80, 'Status_add');
INSERT INTO auth_permission (id, name, content_type_id, codename) VALUES (71, ' ', 80, 'Status_update ');
INSERT INTO auth_permission (id, name, content_type_id, codename) VALUES (72, ' ', 80, 'Status_view ');
INSERT INTO auth_permission (id, name, content_type_id, codename) VALUES (73, ' ', 80, 'Status_delete ');
INSERT INTO auth_permission (id, name, content_type_id, codename) VALUES (74, 'Can add   ', 47, 'add_postaction');
INSERT INTO auth_permission (id, name, content_type_id, codename) VALUES (75, 'Can change   ', 47, 'change_postaction');
INSERT INTO auth_permission (id, name, content_type_id, codename) VALUES (76, 'Can delete   ', 47, 'delete_postaction');
INSERT INTO auth_permission (id, name, content_type_id, codename) VALUES (77, 'Can view   ', 47, 'view_postaction');
INSERT INTO auth_permission (id, name, content_type_id, codename) VALUES (78, '   ', 47, 'PostAction_view');
INSERT INTO auth_permission (id, name, content_type_id, codename) VALUES (79, '   ', 47, 'PostAction_add');
INSERT INTO auth_permission (id, name, content_type_id, codename) VALUES (80, '   ', 47, 'PostAction_update');
INSERT INTO auth_permission (id, name, content_type_id, codename) VALUES (81, '   ', 47, 'PostAction_delete');
INSERT INTO auth_permission (id, name, content_type_id, codename) VALUES (82, '   ', 46, 'SubProject_add');
INSERT INTO auth_permission (id, name, content_type_id, codename) VALUES (83, '   ', 46, 'SubProject_update');
INSERT INTO auth_permission (id, name, content_type_id, codename) VALUES (84, '   ', 46, 'SubProject_view');
INSERT INTO auth_permission (id, name, content_type_id, codename) VALUES (85, '   ', 46, 'SubProject_delete');
INSERT INTO auth_permission (id, name, content_type_id, codename) VALUES (86, '   ( )', 46, 'SubProject_Head_Office');
INSERT INTO auth_permission (id, name, content_type_id, codename) VALUES (87, '    ()', 46, 'SubProject_Branch');
INSERT INTO auth_permission (id, name, content_type_id, codename) VALUES (88, '    ', 78, 'Transition_add');
INSERT INTO auth_permission (id, name, content_type_id, codename) VALUES (89, '    ', 78, 'Transition_update');
INSERT INTO auth_permission (id, name, content_type_id, codename) VALUES (90, '    ', 78, 'Transition_view');
INSERT INTO auth_permission (id, name, content_type_id, codename) VALUES (91, '    ', 78, 'Transition_delete');
INSERT INTO auth_permission (id, name, content_type_id, codename) VALUES (92, '     ', 15, 'UserPost_add');
INSERT INTO auth_permission (id, name, content_type_id, codename) VALUES (93, '     ', 15, 'UserPost_update');
INSERT INTO auth_permission (id, name, content_type_id, codename) VALUES (94, '      ', 15, 'UserPost_view');
INSERT INTO auth_permission (id, name, content_type_id, codename) VALUES (95, '     ', 15, 'UserPost_delete');
INSERT INTO auth_permission (id, name, content_type_id, codename) VALUES (96, '   ', 10, 'WorkflowStage_view');
INSERT INTO auth_permission (id, name, content_type_id, codename) VALUES (97, '   ', 10, 'WorkflowStage_add');
INSERT INTO auth_permission (id, name, content_type_id, codename) VALUES (98, '   ', 10, 'WorkflowStage_update');
INSERT INTO auth_permission (id, name, content_type_id, codename) VALUES (99, '   ', 10, 'WorkflowStage_delete');
INSERT INTO auth_permission (id, name, content_type_id, codename) VALUES (100, '   -   ', 10, 'WorkflowStage_triggers_payment_order');
INSERT INTO auth_permission (id, name, content_type_id, codename) VALUES (101, '    ', 20, 'FinancialReport_view');
INSERT INTO auth_permission (id, name, content_type_id, codename) VALUES (102, '    ', 20, 'FinancialReport_add');
INSERT INTO auth_permission (id, name, content_type_id, codename) VALUES (103, '    ', 20, 'FinancialReport_update');
INSERT INTO auth_permission (id, name, content_type_id, codename) VALUES (104, '    ', 20, 'FinancialReport_delet');
INSERT INTO auth_permission (id, name, content_type_id, codename) VALUES (105, '   ', 16, 'print_financial_report_view');
INSERT INTO auth_permission (id, name, content_type_id, codename) VALUES (106, '   ', 17, 'send_to_accounting_report_view');
INSERT INTO auth_permission (id, name, content_type_id, codename) VALUES (107, '     ', 18, 'Tankhah_FinancialReport_view');
INSERT INTO auth_permission (id, name, content_type_id, codename) VALUES (108, '   ', 19, 'TankhahDetailView_report_view');
INSERT INTO auth_permission (id, name, content_type_id, codename) VALUES (109, '    ', 21, 'ApplicationVersion_view');
INSERT INTO auth_permission (id, name, content_type_id, codename) VALUES (110, '    ', 21, 'ApplicationVersion_Update');
INSERT INTO auth_permission (id, name, content_type_id, codename) VALUES (111, '    ', 21, 'ApplicationVersion_create');
INSERT INTO auth_permission (id, name, content_type_id, codename) VALUES (112, '    ', 21, 'ApplicationVersion_delete');
INSERT INTO auth_permission (id, name, content_type_id, codename) VALUES (113, '  ', 23, 'CodeChangeLog_Add');
INSERT INTO auth_permission (id, name, content_type_id, codename) VALUES (114, '  ', 23, 'CodeChangeLog_View');
INSERT INTO auth_permission (id, name, content_type_id, codename) VALUES (115, '  ', 23, 'CodeChangeLog_Update');
INSERT INTO auth_permission (id, name, content_type_id, codename) VALUES (116, '  ', 23, 'CodeChangeLog_delete');
INSERT INTO auth_permission (id, name, content_type_id, codename) VALUES (117, '     ', 25, 'Dashboard_Tankhah_view');
INSERT INTO auth_permission (id, name, content_type_id, codename) VALUES (118, 'Can add     ', 69, 'add_itemcategory');
INSERT INTO auth_permission (id, name, content_type_id, codename) VALUES (119, 'Can change     ', 69, 'change_itemcategory');
INSERT INTO auth_permission (id, name, content_type_id, codename) VALUES (120, 'Can delete     ', 69, 'delete_itemcategory');
INSERT INTO auth_permission (id, name, content_type_id, codename) VALUES (121, 'Can view     ', 69, 'view_itemcategory');
INSERT INTO auth_permission (id, name, content_type_id, codename) VALUES (122, '     ', 69, 'ItemCategory_add');
INSERT INTO auth_permission (id, name, content_type_id, codename) VALUES (123, '     ', 69, 'ItemCategory_update');
INSERT INTO auth_permission (id, name, content_type_id, codename) VALUES (124, '     ', 69, 'ItemCategory_view');
INSERT INTO auth_permission (id, name, content_type_id, codename) VALUES (125, '     ', 69, 'ItemCategory_delete');
INSERT INTO auth_permission (id, name, content_type_id, codename) VALUES (126, '  ', 49, 'TankhActionType_add');
INSERT INTO auth_permission (id, name, content_type_id, codename) VALUES (127, '  ', 49, 'TankhActionType_view');
INSERT INTO auth_permission (id, name, content_type_id, codename) VALUES (128, '  ', 49, 'TankhActionType_update');
INSERT INTO auth_permission (id, name, content_type_id, codename) VALUES (129, '  ', 49, 'TankhActionType_delete');
INSERT INTO auth_permission (id, name, content_type_id, codename) VALUES (130, '      ', 26, 'TankhahFinalApproval_view');
INSERT INTO auth_permission (id, name, content_type_id, codename) VALUES (131, ' ', 27, 'factor_add');
INSERT INTO auth_permission (id, name, content_type_id, codename) VALUES (132, ' ', 27, 'factor_view');
INSERT INTO auth_permission (id, name, content_type_id, codename) VALUES (133, ' ', 27, 'factor_update');
INSERT INTO auth_permission (id, name, content_type_id, codename) VALUES (134, ' ', 27, 'factor_delete');
INSERT INTO auth_permission (id, name, content_type_id, codename) VALUES (135, ' /   (  *   *)', 27, 'factor_approve');
INSERT INTO auth_permission (id, name, content_type_id, codename) VALUES (136, ' ', 27, 'factor_reject');
INSERT INTO auth_permission (id, name, content_type_id, codename) VALUES (137, '   ', 27, 'Factor_full_edit');
INSERT INTO auth_permission (id, name, content_type_id, codename) VALUES (138, '   ', 27, 'factor_unlock');
INSERT INTO auth_permission (id, name, content_type_id, codename) VALUES (139, '  / ', 27, 'factor_approval_path');
INSERT INTO auth_permission (id, name, content_type_id, codename) VALUES (140, '  ', 28, 'FactorDocument_add');
INSERT INTO auth_permission (id, name, content_type_id, codename) VALUES (141, '  ', 28, 'FactorDocument_update');
INSERT INTO auth_permission (id, name, content_type_id, codename) VALUES (142, '  ', 28, 'FactorDocument_view');
INSERT INTO auth_permission (id, name, content_type_id, codename) VALUES (143, '  ', 28, 'FactorDocument_delete');
INSERT INTO auth_permission (id, name, content_type_id, codename) VALUES (144, 'Can add  ', 70, 'add_factorhistory');
INSERT INTO auth_permission (id, name, content_type_id, codename) VALUES (145, 'Can change  ', 70, 'change_factorhistory');
INSERT INTO auth_permission (id, name, content_type_id, codename) VALUES (146, 'Can delete  ', 70, 'delete_factorhistory');
INSERT INTO auth_permission (id, name, content_type_id, codename) VALUES (147, 'Can view  ', 70, 'view_factorhistory');
INSERT INTO auth_permission (id, name, content_type_id, codename) VALUES (148, '  ', 29, 'FactorItem_add');
INSERT INTO auth_permission (id, name, content_type_id, codename) VALUES (149, '  ', 29, 'FactorItem_update');
INSERT INTO auth_permission (id, name, content_type_id, codename) VALUES (150, '  ', 29, 'FactorItem_view');
INSERT INTO auth_permission (id, name, content_type_id, codename) VALUES (151, '  ', 29, 'FactorItem_delete');
INSERT INTO auth_permission (id, name, content_type_id, codename) VALUES (152, '  ', 29, 'FactorItem_approve');
INSERT INTO auth_permission (id, name, content_type_id, codename) VALUES (153, '  ', 29, 'FactorItem_reject');
INSERT INTO auth_permission (id, name, content_type_id, codename) VALUES (154, '  ', 30, 'stageapprover__view');
INSERT INTO auth_permission (id, name, content_type_id, codename) VALUES (155, '  ', 30, 'stageapprover__add');
INSERT INTO auth_permission (id, name, content_type_id, codename) VALUES (156, '  ', 30, 'stageapprover__Update');
INSERT INTO auth_permission (id, name, content_type_id, codename) VALUES (157, '  ', 30, 'stageapprover__delete');
INSERT INTO auth_permission (id, name, content_type_id, codename) VALUES (158, ' +  ', 31, 'Tankhah_add');
INSERT INTO auth_permission (id, name, content_type_id, codename) VALUES (159, ' ', 31, 'Tankhah_view');
INSERT INTO auth_permission (id, name, content_type_id, codename) VALUES (160, ' ', 31, 'Tankhah_detail');
INSERT INTO auth_permission (id, name, content_type_id, codename) VALUES (161, ' ', 31, 'Tankhah_update');
INSERT INTO auth_permission (id, name, content_type_id, codename) VALUES (162, ' ', 31, 'Tankhah_delete');
INSERT INTO auth_permission (id, name, content_type_id, codename) VALUES (163, ' ', 31, 'Tankhah_approve');
INSERT INTO auth_permission (id, name, content_type_id, codename) VALUES (164, ' ', 31, 'Tankhah_reject');
INSERT INTO auth_permission (id, name, content_type_id, codename) VALUES (165, '     HQ Full-    ( )', 31, 'Tankhah_view_all');
INSERT INTO auth_permission (id, name, content_type_id, codename) VALUES (166, '  ', 31, 'Tankhah_part_approve');
INSERT INTO auth_permission (id, name, content_type_id, codename) VALUES (167, '  ', 31, 'Tankhah_hq_view');
INSERT INTO auth_permission (id, name, content_type_id, codename) VALUES (168, '     ', 31, 'Tankhah_hq_approve');
INSERT INTO auth_permission (id, name, content_type_id, codename) VALUES (169, '   - ', 31, 'Tankhah_HQ_OPS_PENDING');
INSERT INTO auth_permission (id, name, content_type_id, codename) VALUES (170, ' - ', 31, 'Tankhah_HQ_OPS_APPROVED');
INSERT INTO auth_permission (id, name, content_type_id, codename) VALUES (171, '   - ', 31, 'Tankhah_HQ_FIN_PENDING');
INSERT INTO auth_permission (id, name, content_type_id, codename) VALUES (172, '', 31, 'Tankhah_PAID');
INSERT INTO auth_permission (id, name, content_type_id, codename) VALUES (173, '/   (  *   *)', 31, 'FactorItem_approve');
INSERT INTO auth_permission (id, name, content_type_id, codename) VALUES (174, '    /     ', 31, 'edit_full_tankhah');
INSERT INTO auth_permission (id, name, content_type_id, codename) VALUES (175, '   Core ', 31, 'Dashboard_Core_view');
INSERT INTO auth_permission (id, name, content_type_id, codename) VALUES (176, '    ', 31, 'DashboardView_flows_view');
INSERT INTO auth_permission (id, name, content_type_id, codename) VALUES (177, '    ', 31, 'Dashboard__view');
INSERT INTO auth_permission (id, name, content_type_id, codename) VALUES (178, '    ', 31, 'Dashboard_Stats_view');
INSERT INTO auth_permission (id, name, content_type_id, codename) VALUES (179, '   ', 33, 'ApprovalLog_add');
INSERT INTO auth_permission (id, name, content_type_id, codename) VALUES (180, '   ', 33, 'ApprovalLog_view');
INSERT INTO auth_permission (id, name, content_type_id, codename) VALUES (181, 'Can add  ', 50, 'add_tankhahaction');
INSERT INTO auth_permission (id, name, content_type_id, codename) VALUES (182, 'Can change  ', 50, 'change_tankhahaction');
INSERT INTO auth_permission (id, name, content_type_id, codename) VALUES (183, 'Can delete  ', 50, 'delete_tankhahaction');
INSERT INTO auth_permission (id, name, content_type_id, codename) VALUES (184, 'Can view  ', 50, 'view_tankhahaction');
INSERT INTO auth_permission (id, name, content_type_id, codename) VALUES (185, '  ', 50, 'TankhahAction_view');
INSERT INTO auth_permission (id, name, content_type_id, codename) VALUES (186, '  ', 50, 'TankhahAction_add');
INSERT INTO auth_permission (id, name, content_type_id, codename) VALUES (187, '  ', 50, 'TankhahAction_update');
INSERT INTO auth_permission (id, name, content_type_id, codename) VALUES (188, '  ', 50, 'TankhahAction_delete');
INSERT INTO auth_permission (id, name, content_type_id, codename) VALUES (189, '     ', 34, 'TankhahDocument_view');
INSERT INTO auth_permission (id, name, content_type_id, codename) VALUES (190, '     ', 34, 'TankhahDocument_add');
INSERT INTO auth_permission (id, name, content_type_id, codename) VALUES (191, '     ', 34, 'TankhahDocument_update');
INSERT INTO auth_permission (id, name, content_type_id, codename) VALUES (192, '     ', 34, 'TankhahDocument_delete');
INSERT INTO auth_permission (id, name, content_type_id, codename) VALUES (193, '    ', 35, 'view_city');
INSERT INTO auth_permission (id, name, content_type_id, codename) VALUES (194, '    ', 35, 'add_city');
INSERT INTO auth_permission (id, name, content_type_id, codename) VALUES (195, '    ', 35, 'change_city');
INSERT INTO auth_permission (id, name, content_type_id, codename) VALUES (196, '    ', 35, 'delete_city');
INSERT INTO auth_permission (id, name, content_type_id, codename) VALUES (197, '    ', 36, 'MyGroup_can_view_group');
INSERT INTO auth_permission (id, name, content_type_id, codename) VALUES (198, '    ', 36, 'MyGroup_can_add_group');
INSERT INTO auth_permission (id, name, content_type_id, codename) VALUES (199, '    ', 36, 'MyGroup_can_edit_group');
INSERT INTO auth_permission (id, name, content_type_id, codename) VALUES (200, '    ', 36, 'MyGroup_can_delete_group');
INSERT INTO auth_permission (id, name, content_type_id, codename) VALUES (201, '    ', 37, 'view_province');
INSERT INTO auth_permission (id, name, content_type_id, codename) VALUES (202, '    ', 37, 'add_province');
INSERT INTO auth_permission (id, name, content_type_id, codename) VALUES (203, '    ', 37, 'change_province');
INSERT INTO auth_permission (id, name, content_type_id, codename) VALUES (204, '    ', 37, 'delete_province');
INSERT INTO auth_permission (id, name, content_type_id, codename) VALUES (205, '  ', 38, 'TimeLockModel_view');
INSERT INTO auth_permission (id, name, content_type_id, codename) VALUES (206, '  ', 38, 'TimeLockModel_add');
INSERT INTO auth_permission (id, name, content_type_id, codename) VALUES (207, '  ', 38, 'TimeLockModel_update');
INSERT INTO auth_permission (id, name, content_type_id, codename) VALUES (208, '  ', 38, 'TimeLockModel_delete');
INSERT INTO auth_permission (id, name, content_type_id, codename) VALUES (209, '     ', 39, 'users_view_customuser');
INSERT INTO auth_permission (id, name, content_type_id, codename) VALUES (210, '     ', 39, 'users_add_customuser');
INSERT INTO auth_permission (id, name, content_type_id, codename) VALUES (211, '     ', 39, 'users_change_customuser');
INSERT INTO auth_permission (id, name, content_type_id, codename) VALUES (212, '     ', 39, 'users_delete_customuser');
INSERT INTO auth_permission (id, name, content_type_id, codename) VALUES (213, '    ', 40, 'AuditLog_view');
INSERT INTO auth_permission (id, name, content_type_id, codename) VALUES (214, '    ', 40, 'AuditLog_add');
INSERT INTO auth_permission (id, name, content_type_id, codename) VALUES (215, '    ', 40, 'AuditLog_update');
INSERT INTO auth_permission (id, name, content_type_id, codename) VALUES (216, '    ', 40, 'AuditLog_delete');
INSERT INTO auth_permission (id, name, content_type_id, codename) VALUES (217, 'Can add  ', 41, 'add_customusergroup');
INSERT INTO auth_permission (id, name, content_type_id, codename) VALUES (218, 'Can change  ', 41, 'change_customusergroup');
INSERT INTO auth_permission (id, name, content_type_id, codename) VALUES (219, 'Can delete  ', 41, 'delete_customusergroup');
INSERT INTO auth_permission (id, name, content_type_id, codename) VALUES (220, 'Can view  ', 41, 'view_customusergroup');
INSERT INTO auth_permission (id, name, content_type_id, codename) VALUES (221, '     ', 42, 'users_view_userprofile');
INSERT INTO auth_permission (id, name, content_type_id, codename) VALUES (222, '    ', 42, 'users_add_userprofile');
INSERT INTO auth_permission (id, name, content_type_id, codename) VALUES (223, '     ', 42, 'users_update_userprofile');
INSERT INTO auth_permission (id, name, content_type_id, codename) VALUES (224, '     ', 42, 'users_delete_userprofile');
INSERT INTO auth_permission (id, name, content_type_id, codename) VALUES (225, '     ', 42, 'users_search_userprofile');
INSERT INTO auth_permission (id, name, content_type_id, codename) VALUES (226, '    ', 43, 'Role_create');
INSERT INTO auth_permission (id, name, content_type_id, codename) VALUES (227, '    ', 43, 'Role_view');
INSERT INTO auth_permission (id, name, content_type_id, codename) VALUES (228, '    ', 43, 'Role_modify');
INSERT INTO auth_permission (id, name, content_type_id, codename) VALUES (229, '    ', 43, 'Role_delete ');
INSERT INTO auth_permission (id, name, content_type_id, codename) VALUES (230, '        ', 44, 'activeuser_view');
INSERT INTO auth_permission (id, name, content_type_id, codename) VALUES (231, '        ', 44, 'activeuser_add');
INSERT INTO auth_permission (id, name, content_type_id, codename) VALUES (232, '        ', 44, 'activeuser_update');
INSERT INTO auth_permission (id, name, content_type_id, codename) VALUES (233, '        ', 44, 'activeuser_delete');
INSERT INTO auth_permission (id, name, content_type_id, codename) VALUES (234, '  ', 54, 'budgetperiod_add');
INSERT INTO auth_permission (id, name, content_type_id, codename) VALUES (235, '  ', 54, 'budgetperiod_update');
INSERT INTO auth_permission (id, name, content_type_id, codename) VALUES (236, '  ', 54, 'budgetperiod_view');
INSERT INTO auth_permission (id, name, content_type_id, codename) VALUES (237, '  ', 54, 'budgetperiod_delete');
INSERT INTO auth_permission (id, name, content_type_id, codename) VALUES (238, '  ', 54, 'budgetperiod_archive');
INSERT INTO auth_permission (id, name, content_type_id, codename) VALUES (239, '  ', 55, 'budgetallocation_add');
INSERT INTO auth_permission (id, name, content_type_id, codename) VALUES (240, '  ', 55, 'budgetallocation_view');
INSERT INTO auth_permission (id, name, content_type_id, codename) VALUES (241, '  ', 55, 'budgetallocation_update');
INSERT INTO auth_permission (id, name, content_type_id, codename) VALUES (242, '  ', 55, 'budgetallocation_delete');
INSERT INTO auth_permission (id, name, content_type_id, codename) VALUES (243, '   (/)', 55, 'budgetallocation_adjust');
INSERT INTO auth_permission (id, name, content_type_id, codename) VALUES (244, '  ', 55, 'budgetallocation_stop');
INSERT INTO auth_permission (id, name, content_type_id, codename) VALUES (245, '  ', 55, 'budgetallocation_return');
INSERT INTO auth_permission (id, name, content_type_id, codename) VALUES (246, '     ', 55, 'BudgetAllocation_approve');
INSERT INTO auth_permission (id, name, content_type_id, codename) VALUES (247, '     ', 55, 'BudgetAllocation_reject');
INSERT INTO auth_permission (id, name, content_type_id, codename) VALUES (248, 'Can add  ', 65, 'add_budgetitem');
INSERT INTO auth_permission (id, name, content_type_id, codename) VALUES (249, 'Can change  ', 65, 'change_budgetitem');
INSERT INTO auth_permission (id, name, content_type_id, codename) VALUES (250, 'Can delete  ', 65, 'delete_budgetitem');
INSERT INTO auth_permission (id, name, content_type_id, codename) VALUES (251, 'Can view  ', 65, 'view_budgetitem');
INSERT INTO auth_permission (id, name, content_type_id, codename) VALUES (252, '  ', 56, 'BudgetTransaction_add');
INSERT INTO auth_permission (id, name, content_type_id, codename) VALUES (253, '  ', 56, 'BudgetTransaction_update');
INSERT INTO auth_permission (id, name, content_type_id, codename) VALUES (254, '  ', 56, 'BudgetTransaction_delete');
INSERT INTO auth_permission (id, name, content_type_id, codename) VALUES (255, '  ', 56, 'BudgetTransaction_view');
INSERT INTO auth_permission (id, name, content_type_id, codename) VALUES (256, '  ', 56, 'BudgetTransaction_return');
INSERT INTO auth_permission (id, name, content_type_id, codename) VALUES (257, ' ', 51, 'Payee_add');
INSERT INTO auth_permission (id, name, content_type_id, codename) VALUES (258, ' ', 51, 'Payee_view');
INSERT INTO auth_permission (id, name, content_type_id, codename) VALUES (259, ' ', 51, 'Payee_update');
INSERT INTO auth_permission (id, name, content_type_id, codename) VALUES (260, ' ', 51, 'Payee_delete');
INSERT INTO auth_permission (id, name, content_type_id, codename) VALUES (261, '  ', 52, 'PaymentOrder_add');
INSERT INTO auth_permission (id, name, content_type_id, codename) VALUES (262, '  ', 52, 'PaymentOrder_view');
INSERT INTO auth_permission (id, name, content_type_id, codename) VALUES (263, '  ', 52, 'PaymentOrder_update');
INSERT INTO auth_permission (id, name, content_type_id, codename) VALUES (264, '  ', 52, 'PaymentOrder_delete');
INSERT INTO auth_permission (id, name, content_type_id, codename) VALUES (265, '  ', 52, 'PaymentOrder_sign');
INSERT INTO auth_permission (id, name, content_type_id, codename) VALUES (266, '  ', 52, 'PaymentOrder_issue');
INSERT INTO auth_permission (id, name, content_type_id, codename) VALUES (267, '  ', 53, 'TransactionType_add');
INSERT INTO auth_permission (id, name, content_type_id, codename) VALUES (268, '  ', 53, 'TransactionType_view');
INSERT INTO auth_permission (id, name, content_type_id, codename) VALUES (269, '  ', 53, 'TransactionType_update');
INSERT INTO auth_permission (id, name, content_type_id, codename) VALUES (270, '  ', 53, 'TransactionType_delete');
INSERT INTO auth_permission (id, name, content_type_id, codename) VALUES (271, 'Can add budget reallocation', 60, 'add_budgetreallocation');
INSERT INTO auth_permission (id, name, content_type_id, codename) VALUES (272, 'Can change budget reallocation', 60, 'change_budgetreallocation');
INSERT INTO auth_permission (id, name, content_type_id, codename) VALUES (273, 'Can delete budget reallocation', 60, 'delete_budgetreallocation');
INSERT INTO auth_permission (id, name, content_type_id, codename) VALUES (274, 'Can view budget reallocation', 60, 'view_budgetreallocation');
INSERT INTO auth_permission (id, name, content_type_id, codename) VALUES (275, 'Can add budget settings', 61, 'add_budgetsettings');
INSERT INTO auth_permission (id, name, content_type_id, codename) VALUES (276, 'Can change budget settings', 61, 'change_budgetsettings');
INSERT INTO auth_permission (id, name, content_type_id, codename) VALUES (277, 'Can delete budget settings', 61, 'delete_budgetsettings');
INSERT INTO auth_permission (id, name, content_type_id, codename) VALUES (278, 'Can view budget settings', 61, 'view_budgetsettings');
INSERT INTO auth_permission (id, name, content_type_id, codename) VALUES (279, '     ', 59, 'BudgetHistory_add');
INSERT INTO auth_permission (id, name, content_type_id, codename) VALUES (280, '     ', 59, 'BudgetHistory_view');
INSERT INTO auth_permission (id, name, content_type_id, codename) VALUES (281, '     ', 59, 'BudgetHistory_update');
INSERT INTO auth_permission (id, name, content_type_id, codename) VALUES (282, '      ', 59, 'BudgetHistory_delete');
INSERT INTO auth_permission (id, name, content_type_id, codename) VALUES (283, '  ', 71, 'BudgetTransfer');
INSERT INTO auth_permission (id, name, content_type_id, codename) VALUES (284, '   ', 71, 'BudgetReturn');
INSERT INTO auth_permission (id, name, content_type_id, codename) VALUES (285, 'Can add  ', 62, 'add_costcenter');
INSERT INTO auth_permission (id, name, content_type_id, codename) VALUES (286, 'Can change  ', 62, 'change_costcenter');
INSERT INTO auth_permission (id, name, content_type_id, codename) VALUES (287, 'Can delete  ', 62, 'delete_costcenter');
INSERT INTO auth_permission (id, name, content_type_id, codename) VALUES (288, 'Can view  ', 62, 'view_costcenter');
INSERT INTO auth_permission (id, name, content_type_id, codename) VALUES (289, ' ', 77, 'Notification_view');
INSERT INTO auth_permission (id, name, content_type_id, codename) VALUES (290, ' ', 77, 'Notification_delete');
INSERT INTO auth_permission (id, name, content_type_id, codename) VALUES (291, ' ', 74, 'NotificationRule_add');
INSERT INTO auth_permission (id, name, content_type_id, codename) VALUES (292, ' ', 74, 'NotificationRule_update');
INSERT INTO auth_permission (id, name, content_type_id, codename) VALUES (293, ' ', 74, 'NotificationRule_view');
INSERT INTO auth_permission (id, name, content_type_id, codename) VALUES (294, ' ', 74, 'NotificationRule_delete');
INSERT INTO auth_permission (id, name, content_type_id, codename) VALUES (295, '  ', 65, 'BudgetItem_add');
INSERT INTO auth_permission (id, name, content_type_id, codename) VALUES (296, '  ', 65, 'BudgetItem_update');
INSERT INTO auth_permission (id, name, content_type_id, codename) VALUES (297, '  ', 65, 'BudgetItem_view');
INSERT INTO auth_permission (id, name, content_type_id, codename) VALUES (298, '  ', 65, 'BudgetItem_delete');
INSERT INTO auth_permission (id, name, content_type_id, codename) VALUES (299, '  ', 70, 'FactorHistory_add');
INSERT INTO auth_permission (id, name, content_type_id, codename) VALUES (300, '  ', 70, 'FactorHistory_update');
INSERT INTO auth_permission (id, name, content_type_id, codename) VALUES (301, '  ', 70, 'FactorHistory_view');
INSERT INTO auth_permission (id, name, content_type_id, codename) VALUES (302, '  ', 70, 'FactorHistory_delete');
INSERT INTO auth_permission (id, name, content_type_id, codename) VALUES (303, '  ', 27, 'view_all_factors');
INSERT INTO auth_permission (id, name, content_type_id, codename) VALUES (304, '  ', 41, 'CustomUserGroup_add');
INSERT INTO auth_permission (id, name, content_type_id, codename) VALUES (305, ' ', 41, 'CustomUserGroup_update');
INSERT INTO auth_permission (id, name, content_type_id, codename) VALUES (306, '  ', 41, 'CustomUserGroup_view');
INSERT INTO auth_permission (id, name, content_type_id, codename) VALUES (307, '  ', 41, 'CustomUserGroup_delete');
INSERT INTO auth_permission (id, name, content_type_id, codename) VALUES (308, 'Can add    ', 84, 'add_workflowruletemplate');
INSERT INTO auth_permission (id, name, content_type_id, codename) VALUES (309, 'Can change    ', 84, 'change_workflowruletemplate');
INSERT INTO auth_permission (id, name, content_type_id, codename) VALUES (310, 'Can delete    ', 84, 'delete_workflowruletemplate');
INSERT INTO auth_permission (id, name, content_type_id, codename) VALUES (311, 'Can view    ', 84, 'view_workflowruletemplate');
INSERT INTO auth_permission (id, name, content_type_id, codename) VALUES (312, 'Can add    ', 85, 'add_postruleassignment');
INSERT INTO auth_permission (id, name, content_type_id, codename) VALUES (313, 'Can change    ', 85, 'change_postruleassignment');
INSERT INTO auth_permission (id, name, content_type_id, codename) VALUES (314, 'Can delete    ', 85, 'delete_postruleassignment');
INSERT INTO auth_permission (id, name, content_type_id, codename) VALUES (315, 'Can view    ', 85, 'view_postruleassignment');
INSERT INTO auth_permission (id, name, content_type_id, codename) VALUES (316, '    ', 84, 'WorkflowRuleTemplate_add');
INSERT INTO auth_permission (id, name, content_type_id, codename) VALUES (317, '    ', 84, 'WorkflowRuleTemplate_view');
INSERT INTO auth_permission (id, name, content_type_id, codename) VALUES (318, '    ', 84, 'WorkflowRuleTemplate_update');
INSERT INTO auth_permission (id, name, content_type_id, codename) VALUES (319, '    ', 84, 'WorkflowRuleTemplate_delete');
INSERT INTO auth_permission (id, name, content_type_id, codename) VALUES (320, '    ', 85, 'PostRuleAssignment_add');
INSERT INTO auth_permission (id, name, content_type_id, codename) VALUES (321, '    ', 85, 'PostRuleAssignment_view');
INSERT INTO auth_permission (id, name, content_type_id, codename) VALUES (322, '    ', 85, 'PostRuleAssignment_update');
INSERT INTO auth_permission (id, name, content_type_id, codename) VALUES (323, '    ', 85, 'PostRuleAssignment_delete');
INSERT INTO auth_permission (id, name, content_type_id, codename) VALUES (324, 'Can add  ', 40, 'add_auditlog');
INSERT INTO auth_permission (id, name, content_type_id, codename) VALUES (325, 'Can change  ', 40, 'change_auditlog');
INSERT INTO auth_permission (id, name, content_type_id, codename) VALUES (326, 'Can delete  ', 40, 'delete_auditlog');
INSERT INTO auth_permission (id, name, content_type_id, codename) VALUES (327, 'Can view  ', 40, 'view_auditlog');
INSERT INTO auth_permission (id, name, content_type_id, codename) VALUES (328, 'Can add  ', 86, 'add_backupschedule');
INSERT INTO auth_permission (id, name, content_type_id, codename) VALUES (329, 'Can change  ', 86, 'change_backupschedule');
INSERT INTO auth_permission (id, name, content_type_id, codename) VALUES (330, 'Can delete  ', 86, 'delete_backupschedule');
INSERT INTO auth_permission (id, name, content_type_id, codename) VALUES (331, 'Can view  ', 86, 'view_backupschedule');
INSERT INTO auth_permission (id, name, content_type_id, codename) VALUES (332, 'Can add  ', 87, 'add_backuplog');
INSERT INTO auth_permission (id, name, content_type_id, codename) VALUES (333, 'Can change  ', 87, 'change_backuplog');
INSERT INTO auth_permission (id, name, content_type_id, codename) VALUES (334, 'Can delete  ', 87, 'delete_backuplog');
INSERT INTO auth_permission (id, name, content_type_id, codename) VALUES (335, 'Can view  ', 87, 'view_backuplog');

-- Table: budgets_budgetallocation
CREATE TABLE `budgets_budgetallocation` (
  `id` bigint NOT NULL AUTO_INCREMENT,
  `allocated_amount` decimal(25,2) NOT NULL,
  `allocation_date` date NOT NULL,
  `created_by_id` bigint DEFAULT NULL,
  `organization_id` bigint NOT NULL,
  `budget_period_id` bigint NOT NULL,
  `description` longtext CHARACTER SET utf8mb4 COLLATE utf8mb4_0900_ai_ci NOT NULL,
  `allocation_type` varchar(20) CHARACTER SET utf8mb4 COLLATE utf8mb4_0900_ai_ci NOT NULL,
  `project_id` bigint DEFAULT NULL,
  `is_active` tinyint(1) NOT NULL,
  `allocation_number` int NOT NULL,
  `is_stopped` tinyint(1) NOT NULL,
  `locked_percentage` decimal(5,2) NOT NULL,
  `warning_action` varchar(50) CHARACTER SET utf8mb4 COLLATE utf8mb4_0900_ai_ci NOT NULL,
  `warning_threshold` decimal(5,2) NOT NULL,
  `returned_amount` decimal(25,2) NOT NULL,
  `budget_item_id` bigint DEFAULT NULL,
  `is_locked` tinyint(1) NOT NULL,
  `subproject_id` int DEFAULT NULL,
  `created_at` datetime DEFAULT NULL,
  PRIMARY KEY (`id`) USING BTREE,
  KEY `budgets_budgetalloca_created_by_id_8203e930_fk_accounts_` (`created_by_id`) USING BTREE,
  KEY `budgets_bud_budget__3d5534_idx` (`budget_period_id`,`allocation_date`) USING BTREE,
  KEY `budgets_bud_organiz_05ceb0_idx` (`organization_id`,`allocated_amount`) USING BTREE,
  KEY `budgets_budgetallocation_project_id_d67ab494_fk_core_project_id` (`project_id`) USING BTREE,
  CONSTRAINT `budgets_budgetalloca_budget_period_id_08592985_fk_budgets_b` FOREIGN KEY (`budget_period_id`) REFERENCES `budgets_budgetperiod` (`id`) ON DELETE RESTRICT ON UPDATE RESTRICT,
  CONSTRAINT `budgets_budgetalloca_created_by_id_8203e930_fk_accounts_` FOREIGN KEY (`created_by_id`) REFERENCES `accounts_customuser` (`id`) ON DELETE RESTRICT ON UPDATE RESTRICT,
  CONSTRAINT `budgets_budgetalloca_organization_id_3b329857_fk_core_orga` FOREIGN KEY (`organization_id`) REFERENCES `core_organization` (`id`) ON DELETE RESTRICT ON UPDATE RESTRICT,
  CONSTRAINT `budgets_budgetallocation_project_id_d67ab494_fk_core_project_id` FOREIGN KEY (`project_id`) REFERENCES `core_project` (`id`) ON DELETE RESTRICT ON UPDATE RESTRICT
) ENGINE=InnoDB AUTO_INCREMENT=88 DEFAULT CHARSET=utf8mb4 COLLATE=utf8mb4_0900_ai_ci ROW_FORMAT=DYNAMIC;

INSERT INTO budgets_budgetallocation (id, allocated_amount, allocation_date, created_by_id, organization_id, budget_period_id, description, allocation_type, project_id, is_active, allocation_number, is_stopped, locked_percentage, warning_action, warning_threshold, returned_amount, budget_item_id, is_locked, subproject_id, created_at) VALUES (83, 4250000000.00, 2025-08-09, 2, 1, 23, '', 'percent', 8, 1, 1, 0, 1.00, 'NOTIFY', 10.00, 0.00, 20, 0, NULL, 2025-08-09 11:55:00);
INSERT INTO budgets_budgetallocation (id, allocated_amount, allocation_date, created_by_id, organization_id, budget_period_id, description, allocation_type, project_id, is_active, allocation_number, is_stopped, locked_percentage, warning_action, warning_threshold, returned_amount, budget_item_id, is_locked, subproject_id, created_at) VALUES (84, 850000000.00, 2025-08-09, 2, 7, 23, '', 'percent', 7, 1, 1, 0, 1.00, 'NOTIFY', 10.00, 0.00, 20, 0, NULL, 2025-08-09 12:24:53);
INSERT INTO budgets_budgetallocation (id, allocated_amount, allocation_date, created_by_id, organization_id, budget_period_id, description, allocation_type, project_id, is_active, allocation_number, is_stopped, locked_percentage, warning_action, warning_threshold, returned_amount, budget_item_id, is_locked, subproject_id, created_at) VALUES (85, 425000000.00, 2025-08-09, 2, 1, 23, '', 'percent', 8, 1, 1, 0, 1.00, 'NOTIFY', 10.00, 0.00, 20, 0, NULL, 2025-08-09 12:26:05);
INSERT INTO budgets_budgetallocation (id, allocated_amount, allocation_date, created_by_id, organization_id, budget_period_id, description, allocation_type, project_id, is_active, allocation_number, is_stopped, locked_percentage, warning_action, warning_threshold, returned_amount, budget_item_id, is_locked, subproject_id, created_at) VALUES (87, 850000000.00, 2025-09-16, 2, 1, 23, '', 'percent', 8, 1, 1, 0, 1.00, 'NOTIFY', 10.00, 0.00, 20, 0, NULL, 2025-09-16 09:06:46);

-- Table: budgets_budgethistory
CREATE TABLE `budgets_budgethistory` (
  `id` bigint NOT NULL AUTO_INCREMENT,
  `object_id` int unsigned NOT NULL,
  `action` varchar(50) CHARACTER SET utf8mb4 COLLATE utf8mb4_0900_ai_ci NOT NULL,
  `amount` decimal(25,2) DEFAULT NULL,
  `created_at` datetime(6) NOT NULL,
  `details` longtext CHARACTER SET utf8mb4 COLLATE utf8mb4_0900_ai_ci NOT NULL,
  `transaction_type` varchar(20) CHARACTER SET utf8mb4 COLLATE utf8mb4_0900_ai_ci NOT NULL,
  `created_by_id` bigint DEFAULT NULL,
  `content_type_id` int NOT NULL,
  `transaction_id` varchar(250) NOT NULL,
  PRIMARY KEY (`id`) USING BTREE,
  UNIQUE KEY `transaction_id` (`transaction_id`) USING BTREE,
  KEY `budgets_budgethistor_created_by_id_c66a36b4_fk_accounts_` (`created_by_id`) USING BTREE,
  KEY `budgets_budgethistor_content_type_id_2a837fe7_fk_django_co` (`content_type_id`) USING BTREE,
  CONSTRAINT `budgets_budgethistor_content_type_id_2a837fe7_fk_django_co` FOREIGN KEY (`content_type_id`) REFERENCES `django_content_type` (`id`) ON DELETE RESTRICT ON UPDATE RESTRICT,
  CONSTRAINT `budgets_budgethistor_created_by_id_c66a36b4_fk_accounts_` FOREIGN KEY (`created_by_id`) REFERENCES `accounts_customuser` (`id`) ON DELETE RESTRICT ON UPDATE RESTRICT,
  CONSTRAINT `budgets_budgethistory_chk_1` CHECK ((`object_id` >= 0))
) ENGINE=InnoDB AUTO_INCREMENT=63 DEFAULT CHARSET=utf8mb4 COLLATE=utf8mb4_0900_ai_ci ROW_FORMAT=DYNAMIC;

INSERT INTO budgets_budgethistory (id, object_id, action, amount, created_at, details, transaction_type, created_by_id, content_type_id, transaction_id) VALUES (57, 23, 'STATUS_CHECK', NULL, 2025-08-09 12:07:21.616380, ': warning -      .', '', 2, 54, '');

-- Table: budgets_budgetitem
CREATE TABLE `budgets_budgetitem` (
  `id` bigint NOT NULL AUTO_INCREMENT,
  `budget_period_id` bigint DEFAULT NULL,
  `organization_id` bigint NOT NULL,
  `name` varchar(100) CHARACTER SET utf8mb4 COLLATE utf8mb4_0900_ai_ci NOT NULL,
  `code` varchar(50) CHARACTER SET utf8mb4 COLLATE utf8mb4_0900_ai_ci NOT NULL,
  `is_active` tinyint(1) NOT NULL DEFAULT '1',
  `create_at` datetime(6) DEFAULT NULL,
  PRIMARY KEY (`id`) USING BTREE,
  UNIQUE KEY `code` (`code`) USING BTREE,
  UNIQUE KEY `uq_budgetitem_period_org_code` (`budget_period_id`,`organization_id`,`code`) USING BTREE,
  KEY `fk_budgetitem_organization` (`organization_id`) USING BTREE,
  CONSTRAINT `fk_budgetitem_budgetperiod` FOREIGN KEY (`budget_period_id`) REFERENCES `budgets_budgetperiod` (`id`) ON DELETE CASCADE ON UPDATE RESTRICT,
  CONSTRAINT `fk_budgetitem_organization` FOREIGN KEY (`organization_id`) REFERENCES `core_organization` (`id`) ON DELETE CASCADE ON UPDATE RESTRICT
) ENGINE=InnoDB AUTO_INCREMENT=21 DEFAULT CHARSET=utf8mb4 COLLATE=utf8mb4_0900_ai_ci ROW_FORMAT=DYNAMIC;

INSERT INTO budgets_budgetitem (id, budget_period_id, organization_id, name, code, is_active, create_at) VALUES (19, 23, 7, '', '', 1, 2025-08-09 05:53:18.177119);
INSERT INTO budgets_budgetitem (id, budget_period_id, organization_id, name, code, is_active, create_at) VALUES (20, 23, 7, '  ', '  ', 1, 2025-08-09 05:53:31.333751);

-- Table: budgets_budgetperiod
CREATE TABLE `budgets_budgetperiod` (
  `id` bigint NOT NULL AUTO_INCREMENT,
  `name` varchar(100) CHARACTER SET utf8mb4 COLLATE utf8mb4_0900_ai_ci NOT NULL,
  `start_date` date NOT NULL,
  `end_date` date NOT NULL,
  `total_amount` decimal(25,0) NOT NULL,
  `is_active` tinyint(1) NOT NULL,
  `is_archived` tinyint(1) NOT NULL,
  `lock_condition` varchar(50) CHARACTER SET utf8mb4 COLLATE utf8mb4_0900_ai_ci NOT NULL,
  `created_by_id` bigint DEFAULT NULL,
  `organization_id` bigint NOT NULL,
  `locked_percentage` int NOT NULL,
  `warning_threshold` decimal(5,2) NOT NULL,
  `is_completed` tinyint(1) NOT NULL,
  `total_allocated` decimal(25,2) NOT NULL,
  `warning_action` varchar(50) CHARACTER SET utf8mb4 COLLATE utf8mb4_0900_ai_ci NOT NULL,
  `allocation_phase` varchar(50) CHARACTER SET utf8mb4 COLLATE utf8mb4_0900_ai_ci NOT NULL,
  `description` longtext CHARACTER SET utf8mb4 COLLATE utf8mb4_0900_ai_ci NOT NULL,
  `returned_amount` decimal(25,2) NOT NULL,
  `is_period_locked` tinyint(1) DEFAULT NULL,
  PRIMARY KEY (`id`) USING BTREE,
  UNIQUE KEY `budgets_budgetperiod_name_01bedea2_uniq` (`name`) USING BTREE,
  KEY `IX_BudgetPeriod_organization_id` (`organization_id`) USING BTREE,
  KEY `IX_BudgetPeriod_created_by_id` (`created_by_id`) USING BTREE,
  KEY `IX_BudgetPeriod_Dates` (`start_date`,`end_date`) USING BTREE,
  CONSTRAINT `budgets_budgetperiod_created_by_id_487cfefd_fk_accounts_` FOREIGN KEY (`created_by_id`) REFERENCES `accounts_customuser` (`id`) ON DELETE RESTRICT ON UPDATE RESTRICT,
  CONSTRAINT `budgets_budgetperiod_organization_id_fa17309e_fk_core_orga` FOREIGN KEY (`organization_id`) REFERENCES `core_organization` (`id`) ON DELETE RESTRICT ON UPDATE RESTRICT
) ENGINE=InnoDB AUTO_INCREMENT=24 DEFAULT CHARSET=utf8mb4 COLLATE=utf8mb4_0900_ai_ci ROW_FORMAT=DYNAMIC;

INSERT INTO budgets_budgetperiod (id, name, start_date, end_date, total_amount, is_active, is_archived, lock_condition, created_by_id, organization_id, locked_percentage, warning_threshold, is_completed, total_allocated, warning_action, allocation_phase, description, returned_amount, is_period_locked) VALUES (23, '     1404', 2025-03-21, 2025-09-22, 8500000000, 1, 0, 'AFTER_DATE', 2, 7, 1, 10.00, 0, 6375000000.00, 'NOTIFY', '', '', 0.00, NULL);

-- Table: budgets_budgetreallocation
CREATE TABLE `budgets_budgetreallocation` (
  `id` bigint NOT NULL AUTO_INCREMENT,
  `amount` decimal(25,2) NOT NULL,
  `reallocation_date` date NOT NULL,
  `reason` longtext CHARACTER SET utf8mb4 COLLATE utf8mb4_0900_ai_ci NOT NULL,
  `created_by_id` bigint DEFAULT NULL,
  `source_allocation_id` bigint NOT NULL,
  `target_allocation_id` bigint DEFAULT NULL,
  PRIMARY KEY (`id`) USING BTREE,
  KEY `budgets_budgetreallo_source_allocation_id_d454eec2_fk_budgets_b` (`source_allocation_id`) USING BTREE,
  KEY `budgets_budgetreallo_target_allocation_id_e57b016e_fk_budgets_b` (`target_allocation_id`) USING BTREE,
  KEY `budgets_budgetreallo_created_by_id_931b064f_fk_accounts_` (`created_by_id`) USING BTREE,
  CONSTRAINT `budgets_budgetreallo_created_by_id_931b064f_fk_accounts_` FOREIGN KEY (`created_by_id`) REFERENCES `accounts_customuser` (`id`) ON DELETE RESTRICT ON UPDATE RESTRICT,
  CONSTRAINT `budgets_budgetreallo_source_allocation_id_d454eec2_fk_budgets_b` FOREIGN KEY (`source_allocation_id`) REFERENCES `budgets_budgetallocation` (`id`) ON DELETE RESTRICT ON UPDATE RESTRICT,
  CONSTRAINT `budgets_budgetreallo_target_allocation_id_e57b016e_fk_budgets_b` FOREIGN KEY (`target_allocation_id`) REFERENCES `budgets_budgetallocation` (`id`) ON DELETE RESTRICT ON UPDATE RESTRICT
) ENGINE=InnoDB DEFAULT CHARSET=utf8mb4 COLLATE=utf8mb4_0900_ai_ci ROW_FORMAT=DYNAMIC;


-- Table: budgets_budgetsettings
CREATE TABLE `budgets_budgetsettings` (
  `id` bigint NOT NULL AUTO_INCREMENT,
  `level` varchar(50) CHARACTER SET utf8mb4 COLLATE utf8mb4_0900_ai_ci NOT NULL,
  `locked_percentage` decimal(5,2) NOT NULL,
  `warning_threshold` decimal(5,2) NOT NULL,
  `warning_action` varchar(50) CHARACTER SET utf8mb4 COLLATE utf8mb4_0900_ai_ci NOT NULL,
  `budget_period_id` bigint DEFAULT NULL,
  `organization_id` bigint DEFAULT NULL,
  PRIMARY KEY (`id`) USING BTREE,
  KEY `budgets_budgetsettin_budget_period_id_4d876a4b_fk_budgets_b` (`budget_period_id`) USING BTREE,
  KEY `budgets_budgetsettin_organization_id_4597e0aa_fk_core_orga` (`organization_id`) USING BTREE,
  CONSTRAINT `budgets_budgetsettin_budget_period_id_4d876a4b_fk_budgets_b` FOREIGN KEY (`budget_period_id`) REFERENCES `budgets_budgetperiod` (`id`) ON DELETE RESTRICT ON UPDATE RESTRICT,
  CONSTRAINT `budgets_budgetsettin_organization_id_4597e0aa_fk_core_orga` FOREIGN KEY (`organization_id`) REFERENCES `core_organization` (`id`) ON DELETE RESTRICT ON UPDATE RESTRICT
) ENGINE=InnoDB DEFAULT CHARSET=utf8mb4 COLLATE=utf8mb4_0900_ai_ci ROW_FORMAT=DYNAMIC;


-- Table: budgets_budgettransaction
CREATE TABLE `budgets_budgettransaction` (
  `id` bigint NOT NULL AUTO_INCREMENT,
  `transaction_type` varchar(20) CHARACTER SET utf8mb4 COLLATE utf8mb4_0900_ai_ci NOT NULL,
  `amount` decimal(25,2) NOT NULL,
  `timestamp` datetime(6) NOT NULL,
  `description` longtext CHARACTER SET utf8mb4 COLLATE utf8mb4_0900_ai_ci NOT NULL,
  `allocation_id` bigint DEFAULT NULL,
  `related_tankhah_id` bigint DEFAULT NULL,
  `created_by_id` bigint DEFAULT NULL,
  `transaction_id` varchar(250) NOT NULL,
  PRIMARY KEY (`id`) USING BTREE,
  UNIQUE KEY `transaction_id` (`transaction_id`) USING BTREE,
  KEY `budgets_budgettransa_allocation_id_3ea01a6b_fk_budgets_b` (`allocation_id`) USING BTREE,
  KEY `budgets_budgettransa_related_tankhah_id_9dbc06de_fk_tankhah_t` (`related_tankhah_id`) USING BTREE,
  KEY `budgets_budgettransa_created_by_id_30bcb59a_fk_accounts_` (`created_by_id`) USING BTREE,
  CONSTRAINT `budgets_budgettransa_allocation_id_3ea01a6b_fk_budgets_b` FOREIGN KEY (`allocation_id`) REFERENCES `budgets_budgetallocation` (`id`) ON DELETE RESTRICT ON UPDATE RESTRICT,
  CONSTRAINT `budgets_budgettransa_created_by_id_30bcb59a_fk_accounts_` FOREIGN KEY (`created_by_id`) REFERENCES `accounts_customuser` (`id`) ON DELETE RESTRICT ON UPDATE RESTRICT,
  CONSTRAINT `budgets_budgettransa_related_tankhah_id_9dbc06de_fk_tankhah_t` FOREIGN KEY (`related_tankhah_id`) REFERENCES `tankhah_tankhah` (`id`) ON DELETE RESTRICT ON UPDATE RESTRICT
) ENGINE=InnoDB AUTO_INCREMENT=106 DEFAULT CHARSET=utf8mb4 COLLATE=utf8mb4_0900_ai_ci ROW_FORMAT=DYNAMIC;

INSERT INTO budgets_budgettransaction (id, transaction_type, amount, timestamp, description, allocation_id, related_tankhah_id, created_by_id, transaction_id) VALUES (87, 'ALLOCATION', 4250000000.00, 2025-08-09 11:54:59.515935, '      ', 83, NULL, 2, 'TX-ALLOCATION-83-aaf63c553bfb');
INSERT INTO budgets_budgettransaction (id, transaction_type, amount, timestamp, description, allocation_id, related_tankhah_id, created_by_id, transaction_id) VALUES (88, 'ALLOCATION', 4250000000.00, 2025-08-09 11:54:59.520428, '      ', 83, NULL, 2, 'TX-ALLOCATION-83-092d0a341263');
INSERT INTO budgets_budgettransaction (id, transaction_type, amount, timestamp, description, allocation_id, related_tankhah_id, created_by_id, transaction_id) VALUES (89, 'ALLOCATION', 850000000.00, 2025-08-09 12:24:53.224078, '          ', 84, NULL, 2, 'TX-ALLOCATION-84-2dcbb0da0354');
INSERT INTO budgets_budgettransaction (id, transaction_type, amount, timestamp, description, allocation_id, related_tankhah_id, created_by_id, transaction_id) VALUES (90, 'ALLOCATION', 425000000.00, 2025-08-09 12:26:04.794704, '        -    ', 85, NULL, 2, 'TX-ALLOCATION-85-c0b7f103a068');
INSERT INTO budgets_budgettransaction (id, transaction_type, amount, timestamp, description, allocation_id, related_tankhah_id, created_by_id, transaction_id) VALUES (101, 'CONSUMPTION', 785000.00, 2025-08-09 12:56:35.860257, '     TNKH-14040518-HSarein-HSAR-Flor3-001', 85, NULL, 2, 'TX-CONSUMPTION-85-4dd46b5518cf');
INSERT INTO budgets_budgettransaction (id, transaction_type, amount, timestamp, description, allocation_id, related_tankhah_id, created_by_id, transaction_id) VALUES (102, 'ALLOCATION', 785000.00, 2025-08-09 12:56:35.869341, '    TNKH-14040518-HSarein-HSAR-Flor3-001', NULL, NULL, 2, 'TX-ALLOCATION-14-ac16a4634bd9');
INSERT INTO budgets_budgettransaction (id, transaction_type, amount, timestamp, description, allocation_id, related_tankhah_id, created_by_id, transaction_id) VALUES (103, 'CONSUMPTION', -674215000.00, 2025-09-01 11:17:08.313333, '     TNKH-14040601-HSarein-HSAR-Flor3-001', 83, NULL, 2, 'TX-CONSUMPTION-83-b70799cd3c');
INSERT INTO budgets_budgettransaction (id, transaction_type, amount, timestamp, description, allocation_id, related_tankhah_id, created_by_id, transaction_id) VALUES (104, 'ALLOCATION', 674215000.00, 2025-09-01 11:17:08.321132, '    TNKH-14040601-HSarein-HSAR-Flor3-001', NULL, 15, 2, 'TX-ALLOCATION-15-eecd4c9b1a');
INSERT INTO budgets_budgettransaction (id, transaction_type, amount, timestamp, description, allocation_id, related_tankhah_id, created_by_id, transaction_id) VALUES (105, 'ALLOCATION', 850000000.00, 2025-09-16 09:06:46.415678, '        -    ', 87, NULL, 2, 'TX-ALLOCATION-87-a8614bc284');

-- Table: budgets_budgettransferreturn
CREATE TABLE `budgets_budgettransferreturn` (
  `id` bigint NOT NULL AUTO_INCREMENT,
  PRIMARY KEY (`id`) USING BTREE
) ENGINE=InnoDB DEFAULT CHARSET=utf8mb4 COLLATE=utf8mb4_0900_ai_ci ROW_FORMAT=DYNAMIC;


-- Table: budgets_costcenter
CREATE TABLE `budgets_costcenter` (
  `id` bigint NOT NULL AUTO_INCREMENT,
  `name` varchar(200) CHARACTER SET utf8mb4 COLLATE utf8mb4_0900_ai_ci NOT NULL,
  `code` varchar(50) CHARACTER SET utf8mb4 COLLATE utf8mb4_0900_ai_ci NOT NULL,
  `allocated_budget` decimal(25,2) NOT NULL,
  `is_active` tinyint(1) NOT NULL,
  `budget_allocation_id` bigint NOT NULL,
  `organization_id` bigint NOT NULL,
  PRIMARY KEY (`id`) USING BTREE,
  UNIQUE KEY `code` (`code`) USING BTREE,
  KEY `budgets_costcenter_budget_allocation_id_1f2c1ba7_fk_budgets_b` (`budget_allocation_id`) USING BTREE,
  KEY `budgets_costcenter_organization_id_3ffab0d4_fk_core_orga` (`organization_id`) USING BTREE,
  CONSTRAINT `budgets_costcenter_budget_allocation_id_1f2c1ba7_fk_budgets_b` FOREIGN KEY (`budget_allocation_id`) REFERENCES `budgets_budgetallocation` (`id`) ON DELETE RESTRICT ON UPDATE RESTRICT,
  CONSTRAINT `budgets_costcenter_organization_id_3ffab0d4_fk_core_orga` FOREIGN KEY (`organization_id`) REFERENCES `core_organization` (`id`) ON DELETE RESTRICT ON UPDATE RESTRICT
) ENGINE=InnoDB DEFAULT CHARSET=utf8mb4 COLLATE=utf8mb4_0900_ai_ci ROW_FORMAT=DYNAMIC;


-- Table: budgets_payee
CREATE TABLE `budgets_payee` (
  `id` bigint NOT NULL AUTO_INCREMENT,
  `name` varchar(100) CHARACTER SET utf8mb4 COLLATE utf8mb4_0900_ai_ci NOT NULL,
  `payee_type` varchar(20) CHARACTER SET utf8mb4 COLLATE utf8mb4_0900_ai_ci NOT NULL,
  `national_id` varchar(11) CHARACTER SET utf8mb4 COLLATE utf8mb4_0900_ai_ci DEFAULT NULL,
  `account_number` varchar(50) CHARACTER SET utf8mb4 COLLATE utf8mb4_0900_ai_ci DEFAULT NULL,
  `iban` varchar(34) CHARACTER SET utf8mb4 COLLATE utf8mb4_0900_ai_ci DEFAULT NULL,
  `address` longtext CHARACTER SET utf8mb4 COLLATE utf8mb4_0900_ai_ci,
  `phone` varchar(20) CHARACTER SET utf8mb4 COLLATE utf8mb4_0900_ai_ci DEFAULT NULL,
  `created_by_id` bigint DEFAULT NULL,
  `is_active` tinyint(1) NOT NULL,
  `family` varchar(100) CHARACTER SET utf8mb4 COLLATE utf8mb4_0900_ai_ci NOT NULL,
  `entity_type` varchar(30) DEFAULT NULL,
  `legal_name` varchar(200) DEFAULT NULL,
  `brand_name` varchar(200) DEFAULT NULL,
  `email` varchar(255) DEFAULT NULL,
  `tax_id` varbinary(20) DEFAULT NULL,
  PRIMARY KEY (`id`) USING BTREE,
  KEY `budgets_payee_created_by_id_7753d727_fk_accounts_customuser_id` (`created_by_id`) USING BTREE,
  CONSTRAINT `budgets_payee_created_by_id_7753d727_fk_accounts_customuser_id` FOREIGN KEY (`created_by_id`) REFERENCES `accounts_customuser` (`id`) ON DELETE RESTRICT ON UPDATE RESTRICT
) ENGINE=InnoDB AUTO_INCREMENT=5 DEFAULT CHARSET=utf8mb4 COLLATE=utf8mb4_0900_ai_ci ROW_FORMAT=DYNAMIC;

INSERT INTO budgets_payee (id, name, payee_type, national_id, account_number, iban, address, phone, created_by_id, is_active, family, entity_type, legal_name, brand_name, email, tax_id) VALUES (2, '', 'EMPLOYEE', '1465832701', '000121000', NULL, '', '09104055552', 2, 1, '', NULL, NULL, NULL, NULL, NULL);
INSERT INTO budgets_payee (id, name, payee_type, national_id, account_number, iban, address, phone, created_by_id, is_active, family, entity_type, legal_name, brand_name, email, tax_id) VALUES (3, '', 'VENDOR', '1465832705', '12500000', 'IR520130100000000368096257', '520130100 00 00 00 368096257', '0914 456 10 62', 2, 1, '', 'INDIVIDUAL', NULL, NULL, NULL, NULL);
INSERT INTO budgets_payee (id, name, payee_type, national_id, account_number, iban, address, phone, created_by_id, is_active, family, entity_type, legal_name, brand_name, email, tax_id) VALUES (4, '', 'VENDOR', '1465832701', '21313212123', 'IR520130100000000368096257', '', '0911 111 11 11', 2, 1, '', 'INDIVIDUAL', NULL, NULL, NULL, b'14658320120');

-- Table: budgets_paymentorder
CREATE TABLE `budgets_paymentorder` (
  `id` bigint NOT NULL AUTO_INCREMENT,
  `order_number` varchar(50) CHARACTER SET utf8mb4 COLLATE utf8mb4_0900_ai_ci NOT NULL,
  `issue_date` date NOT NULL,
  `amount` decimal(25,2) NOT NULL,
  `description` longtext CHARACTER SET utf8mb4 COLLATE utf8mb4_0900_ai_ci NOT NULL,
  `payment_id` varchar(50) CHARACTER SET utf8mb4 COLLATE utf8mb4_0900_ai_ci DEFAULT NULL,
  `status_id` int NOT NULL,
  `min_signatures` int NOT NULL,
  `created_by_id` bigint DEFAULT NULL,
  `created_by_post_id` bigint DEFAULT NULL,
  `payee_id` bigint DEFAULT NULL,
  `tankhah_id` bigint NOT NULL,
  `payment_date` date DEFAULT NULL,
  `created_at` datetime DEFAULT NULL,
  `is_active` tinyint DEFAULT NULL,
  `related_tankhah_id` tinyint DEFAULT NULL,
  `payee_account_number` bigint DEFAULT NULL,
  `payee_iban` bigint DEFAULT NULL,
  `payment_tracking_id` tinyint DEFAULT NULL,
  `paid_by_id` tinyint DEFAULT NULL,
  `organization_id` tinyint DEFAULT NULL,
  `project_id` tinyint DEFAULT NULL,
  `current_stage_id` tinyint DEFAULT NULL,
  `updated_at` datetime DEFAULT NULL,
  `is_locked` float DEFAULT NULL,
  `notes` text,
  `is_archived` float DEFAULT NULL,
  `archived_at` tinyint DEFAULT NULL,
  `archived_by_id` bigint DEFAULT NULL,
  PRIMARY KEY (`id`) USING BTREE,
  UNIQUE KEY `order_number` (`order_number`) USING BTREE,
  KEY `budgets_paymentorder_created_by_id_1c9df5c8_fk_accounts_` (`created_by_id`) USING BTREE,
  KEY `budgets_paymentorder_created_by_post_id_8e17276f_fk_core_post_id` (`created_by_post_id`) USING BTREE,
  KEY `budgets_paymentorder_payee_id_6ac4b2b3_fk_budgets_payee_id` (`payee_id`) USING BTREE,
  KEY `budgets_paymentorder_tankhah_id_0a90ef8c_fk_tankhah_tankhah_id` (`tankhah_id`) USING BTREE,
  KEY `budgets_pay_status__7a985f_idx` (`status_id`,`organization_id`),
  KEY `budgets_pay_is_arch_415832_idx` (`is_archived`,`is_locked`),
  CONSTRAINT `budgets_paymentorder_created_by_id_1c9df5c8_fk_accounts_` FOREIGN KEY (`created_by_id`) REFERENCES `accounts_customuser` (`id`) ON DELETE RESTRICT ON UPDATE RESTRICT,
  CONSTRAINT `budgets_paymentorder_created_by_post_id_8e17276f_fk_core_post_id` FOREIGN KEY (`created_by_post_id`) REFERENCES `core_post` (`id`) ON DELETE RESTRICT ON UPDATE RESTRICT,
  CONSTRAINT `budgets_paymentorder_payee_id_6ac4b2b3_fk_budgets_payee_id` FOREIGN KEY (`payee_id`) REFERENCES `budgets_payee` (`id`) ON DELETE RESTRICT ON UPDATE RESTRICT,
  CONSTRAINT `budgets_paymentorder_tankhah_id_0a90ef8c_fk_tankhah_tankhah_id` FOREIGN KEY (`tankhah_id`) REFERENCES `tankhah_tankhah` (`id`) ON DELETE RESTRICT ON UPDATE RESTRICT
) ENGINE=InnoDB AUTO_INCREMENT=5 DEFAULT CHARSET=utf8mb4 COLLATE=utf8mb4_0900_ai_ci ROW_FORMAT=DYNAMIC;

INSERT INTO budgets_paymentorder (id, order_number, issue_date, amount, description, payment_id, status_id, min_signatures, created_by_id, created_by_post_id, payee_id, tankhah_id, payment_date, created_at, is_active, related_tankhah_id, payee_account_number, payee_iban, payment_tracking_id, paid_by_id, organization_id, project_id, current_stage_id, updated_at, is_locked, notes, is_archived, archived_at, archived_by_id) VALUES (1, 'PO-14040622-001', 2025-09-13, 120.00, '    FAC-TNKH-14040518-HSarein-HSAR-Flor3-001-14040606-HSarein-0001 (: TNKH-14040518-HSarein-HSAR-Flor3-001)', NULL, 22, 1, 3, NULL, 2, 14, NULL, 2025-09-13 09:44:08, NULL, 14, 121000, NULL, NULL, NULL, 1, 8, NULL, 2025-09-13 09:44:08, 0.0, NULL, 0.0, NULL, 0);
INSERT INTO budgets_paymentorder (id, order_number, issue_date, amount, description, payment_id, status_id, min_signatures, created_by_id, created_by_post_id, payee_id, tankhah_id, payment_date, created_at, is_active, related_tankhah_id, payee_account_number, payee_iban, payment_tracking_id, paid_by_id, organization_id, project_id, current_stage_id, updated_at, is_locked, notes, is_archived, archived_at, archived_by_id) VALUES (2, 'PO-14040622-002', 2025-09-13, 215000.00, '    FAC-TNKH-14040601-HSarein-HSAR-Flor3-001-14040610-HSarein-0001 (: TNKH-14040601-HSarein-HSAR-Flor3-001)', NULL, 48, 1, 3, NULL, 2, 15, NULL, 2025-09-13 09:44:08, NULL, 15, 121000, NULL, NULL, NULL, 1, 8, NULL, 2025-09-13 09:44:08, 0.0, NULL, 0.0, NULL, 0);
INSERT INTO budgets_paymentorder (id, order_number, issue_date, amount, description, payment_id, status_id, min_signatures, created_by_id, created_by_post_id, payee_id, tankhah_id, payment_date, created_at, is_active, related_tankhah_id, payee_account_number, payee_iban, payment_tracking_id, paid_by_id, organization_id, project_id, current_stage_id, updated_at, is_locked, notes, is_archived, archived_at, archived_by_id) VALUES (3, 'PO-14040622-003', 2025-09-13, 54500.00, '    FAC-TNKH-14040601-HSarein-HSAR-Flor3-001-14040617-HSarein-0001 (: TNKH-14040601-HSarein-HSAR-Flor3-001)', NULL, 48, 1, 3, NULL, 2, 15, NULL, 2025-09-13 09:44:08, NULL, 15, 121000, NULL, NULL, NULL, 1, 8, NULL, 2025-09-13 09:44:08, 0.0, NULL, 0.0, NULL, 0);
INSERT INTO budgets_paymentorder (id, order_number, issue_date, amount, description, payment_id, status_id, min_signatures, created_by_id, created_by_post_id, payee_id, tankhah_id, payment_date, created_at, is_active, related_tankhah_id, payee_account_number, payee_iban, payment_tracking_id, paid_by_id, organization_id, project_id, current_stage_id, updated_at, is_locked, notes, is_archived, archived_at, archived_by_id) VALUES (4, 'PO-14040622-004', 2025-09-13, 950.00, '    FAC-TNKH-14040601-HSarein-HSAR-Flor3-001-14040620-HSarein-0001 (: TNKH-14040601-HSarein-HSAR-Flor3-001)', NULL, 22, 1, 3, NULL, 2, 15, NULL, 2025-09-13 09:44:08, NULL, 15, 121000, NULL, NULL, NULL, 1, 8, NULL, 2025-09-13 09:44:08, 0.0, NULL, 0.0, NULL, 0);

-- Table: budgets_paymentorder_related_factors
CREATE TABLE `budgets_paymentorder_related_factors` (
  `id` int NOT NULL AUTO_INCREMENT,
  `paymentorder_id` bigint NOT NULL,
  `factor_id` bigint NOT NULL,
  PRIMARY KEY (`id`) USING BTREE,
  UNIQUE KEY `budgets_paymentorder_rel_paymentorder_id_factor_i_f798b702_uniq` (`paymentorder_id`,`factor_id`) USING BTREE,
  KEY `budgets_paymentorder_factor_id_66eb4c75_fk_tankhah_f` (`factor_id`) USING BTREE,
  CONSTRAINT `budgets_paymentorder_factor_id_66eb4c75_fk_tankhah_f` FOREIGN KEY (`factor_id`) REFERENCES `tankhah_factor` (`id`) ON DELETE RESTRICT ON UPDATE RESTRICT,
  CONSTRAINT `budgets_paymentorder_paymentorder_id_85be9196_fk_budgets_p` FOREIGN KEY (`paymentorder_id`) REFERENCES `budgets_paymentorder` (`id`) ON DELETE RESTRICT ON UPDATE RESTRICT
) ENGINE=InnoDB AUTO_INCREMENT=5 DEFAULT CHARSET=utf8mb4 COLLATE=utf8mb4_0900_ai_ci ROW_FORMAT=DYNAMIC;

INSERT INTO budgets_paymentorder_related_factors (id, paymentorder_id, factor_id) VALUES (1, 1, 70);
INSERT INTO budgets_paymentorder_related_factors (id, paymentorder_id, factor_id) VALUES (2, 2, 71);
INSERT INTO budgets_paymentorder_related_factors (id, paymentorder_id, factor_id) VALUES (3, 3, 72);
INSERT INTO budgets_paymentorder_related_factors (id, paymentorder_id, factor_id) VALUES (4, 4, 73);

-- Table: budgets_projectbudgetallocation
CREATE TABLE `budgets_projectbudgetallocation` (
  `id` bigint NOT NULL AUTO_INCREMENT,
  `allocated_amount` decimal(25,2) NOT NULL,
  `allocation_date` date NOT NULL,
  `description` longtext CHARACTER SET utf8mb4 COLLATE utf8mb4_0900_ai_ci NOT NULL,
  `budget_allocation_id` bigint NOT NULL,
  `created_by_id` bigint DEFAULT NULL,
  `project_id` bigint NOT NULL,
  `subproject_id` bigint DEFAULT NULL,
  `is_active` tinyint(1) NOT NULL,
  `returned_amount` decimal(25,2) DEFAULT NULL,
  `is_locked` tinyint(1) DEFAULT NULL,
  `locked_percentage` decimal(10,2) DEFAULT NULL,
  PRIMARY KEY (`id`) USING BTREE,
  KEY `budgets_projectbudge_budget_allocation_id_4605121d_fk_budgets_b` (`budget_allocation_id`) USING BTREE,
  KEY `budgets_projectbudge_created_by_id_a7e2ba3a_fk_accounts_` (`created_by_id`) USING BTREE,
  KEY `budgets_pro_project_86d725_idx` (`project_id`) USING BTREE,
  KEY `budgets_pro_subproj_9a9505_idx` (`subproject_id`) USING BTREE,
  CONSTRAINT `budgets_projectbudge_budget_allocation_id_4605121d_fk_budgets_b` FOREIGN KEY (`budget_allocation_id`) REFERENCES `budgets_budgetallocation` (`id`) ON DELETE RESTRICT ON UPDATE RESTRICT,
  CONSTRAINT `budgets_projectbudge_created_by_id_a7e2ba3a_fk_accounts_` FOREIGN KEY (`created_by_id`) REFERENCES `accounts_customuser` (`id`) ON DELETE RESTRICT ON UPDATE RESTRICT,
  CONSTRAINT `budgets_projectbudge_project_id_7606ae30_fk_core_proj` FOREIGN KEY (`project_id`) REFERENCES `core_project` (`id`) ON DELETE RESTRICT ON UPDATE RESTRICT,
  CONSTRAINT `budgets_projectbudge_subproject_id_6210df4a_fk_core_subp` FOREIGN KEY (`subproject_id`) REFERENCES `core_subproject` (`id`) ON DELETE RESTRICT ON UPDATE RESTRICT
) ENGINE=InnoDB AUTO_INCREMENT=50 DEFAULT CHARSET=utf8mb4 COLLATE=utf8mb4_0900_ai_ci ROW_FORMAT=DYNAMIC;


-- Table: budgets_transactiontype
CREATE TABLE `budgets_transactiontype` (
  `id` bigint NOT NULL AUTO_INCREMENT,
  `name` varchar(250) CHARACTER SET utf8mb4 COLLATE utf8mb4_0900_ai_ci NOT NULL,
  `description` longtext CHARACTER SET utf8mb4 COLLATE utf8mb4_0900_ai_ci NOT NULL,
  `requires_extra_approval` tinyint(1) NOT NULL,
  `created_by_id` bigint DEFAULT NULL,
  `category` varchar(50) CHARACTER SET utf8mb4 COLLATE utf8mb4_0900_ai_ci DEFAULT NULL,
  `is_active` tinyint(1) NOT NULL,
  `transaction_flow` varchar(20) CHARACTER SET utf8mb4 COLLATE utf8mb4_0900_ai_ci NOT NULL,
  PRIMARY KEY (`id`) USING BTREE,
  UNIQUE KEY `name` (`name`) USING BTREE,
  KEY `budgets_transactiont_created_by_id_bf8f9755_fk_accounts_` (`created_by_id`) USING BTREE,
  CONSTRAINT `budgets_transactiont_created_by_id_bf8f9755_fk_accounts_` FOREIGN KEY (`created_by_id`) REFERENCES `accounts_customuser` (`id`) ON DELETE RESTRICT ON UPDATE RESTRICT
) ENGINE=InnoDB AUTO_INCREMENT=5 DEFAULT CHARSET=utf8mb4 COLLATE=utf8mb4_0900_ai_ci ROW_FORMAT=DYNAMIC;

INSERT INTO budgets_transactiontype (id, name, description, requires_extra_approval, created_by_id, category, is_active, transaction_flow) VALUES (3, '      ', '      ', 1, 2, NULL, 1, '1');
INSERT INTO budgets_transactiontype (id, name, description, requires_extra_approval, created_by_id, category, is_active, transaction_flow) VALUES (4, '   ', '   ', 1, 2, NULL, 1, '1');

-- Table: core_accessrule
CREATE TABLE `core_accessrule` (
  `id` bigint NOT NULL AUTO_INCREMENT,
  `organization_id` bigint DEFAULT NULL,
  `branch_id` int DEFAULT NULL,
  `stage` varchar(100) DEFAULT NULL,
  `action_type` varchar(25) CHARACTER SET utf8mb4 COLLATE utf8mb4_0900_ai_ci DEFAULT NULL,
  `is_payment_order_signer` float DEFAULT NULL,
  `is_active` float DEFAULT NULL,
  `entity_type` varchar(100) CHARACTER SET utf8mb4 COLLATE utf8mb4_0900_ai_ci NOT NULL,
  `post_id` bigint DEFAULT NULL,
  `min_signatures` int unsigned NOT NULL,
  `auto_advance` tinyint(1) NOT NULL,
  `is_final_stage` tinyint(1) NOT NULL,
  `stage_order` int unsigned DEFAULT NULL,
  `triggers_payment_order` tinyint(1) NOT NULL,
  `created_by_id` bigint DEFAULT NULL,
  `min_level` bigint DEFAULT NULL,
  PRIMARY KEY (`id`) USING BTREE,
  KEY `core_accessrule_post_id_9e70516e_fk_core_post_id` (`post_id`) USING BTREE,
  KEY `core_accessrule_created_by_id_76af7d97_fk_accounts_customuser_id` (`created_by_id`),
  CONSTRAINT `core_accessrule_created_by_id_76af7d97_fk_accounts_customuser_id` FOREIGN KEY (`created_by_id`) REFERENCES `accounts_customuser` (`id`),
  CONSTRAINT `core_accessrule_post_id_9e70516e_fk_core_post_id` FOREIGN KEY (`post_id`) REFERENCES `core_post` (`id`) ON DELETE RESTRICT ON UPDATE RESTRICT,
  CONSTRAINT `core_accessrule_chk_1` CHECK ((`min_signatures` >= 0)),
  CONSTRAINT `core_accessrule_chk_2` CHECK ((`stage_order` >= 0))
) ENGINE=InnoDB AUTO_INCREMENT=6049 DEFAULT CHARSET=utf8mb4 COLLATE=utf8mb4_0900_ai_ci ROW_FORMAT=DYNAMIC;

INSERT INTO core_accessrule (id, organization_id, branch_id, stage, action_type, is_payment_order_signer, is_active, entity_type, post_id, min_signatures, auto_advance, is_final_stage, stage_order, triggers_payment_order, created_by_id, min_level) VALUES (3124, 7, 7, '1', 'REJECTD', 0.0, 1.0, 'FACTOR', 16, 1, 1, 0, 1, 0, NULL, 1);
INSERT INTO core_accessrule (id, organization_id, branch_id, stage, action_type, is_payment_order_signer, is_active, entity_type, post_id, min_signatures, auto_advance, is_final_stage, stage_order, triggers_payment_order, created_by_id, min_level) VALUES (3125, 7, 7, '1', 'VIEW', 0.0, 1.0, 'FACTOR', 16, 1, 1, 0, 1, 0, NULL, 1);
INSERT INTO core_accessrule (id, organization_id, branch_id, stage, action_type, is_payment_order_signer, is_active, entity_type, post_id, min_signatures, auto_advance, is_final_stage, stage_order, triggers_payment_order, created_by_id, min_level) VALUES (3126, 7, 1, NULL, 'VIEW', 0.0, 1.0, 'REPORTS', 16, 1, 1, 0, 1, 0, NULL, 1);
INSERT INTO core_accessrule (id, organization_id, branch_id, stage, action_type, is_payment_order_signer, is_active, entity_type, post_id, min_signatures, auto_advance, is_final_stage, stage_order, triggers_payment_order, created_by_id, min_level) VALUES (3176, 7, 1, '1', 'REJECTD', 0.0, 1.0, 'BUDGET', 13, 1, 1, 0, 1, 0, NULL, 1);
INSERT INTO core_accessrule (id, organization_id, branch_id, stage, action_type, is_payment_order_signer, is_active, entity_type, post_id, min_signatures, auto_advance, is_final_stage, stage_order, triggers_payment_order, created_by_id, min_level) VALUES (3177, 7, 1, '1', 'REJECTD', 0.0, 1.0, 'REPORTS', 13, 1, 1, 0, 1, 0, NULL, 1);
INSERT INTO core_accessrule (id, organization_id, branch_id, stage, action_type, is_payment_order_signer, is_active, entity_type, post_id, min_signatures, auto_advance, is_final_stage, stage_order, triggers_payment_order, created_by_id, min_level) VALUES (3178, 7, 1, NULL, 'VIEW', 0.0, 1.0, 'REPORTS', 13, 1, 1, 0, 1, 0, NULL, 1);
INSERT INTO core_accessrule (id, organization_id, branch_id, stage, action_type, is_payment_order_signer, is_active, entity_type, post_id, min_signatures, auto_advance, is_final_stage, stage_order, triggers_payment_order, created_by_id, min_level) VALUES (3179, 7, 1, '1', 'REJECTD', 0.0, 1.0, 'BUDGET', 15, 1, 1, 0, 1, 0, NULL, 1);
INSERT INTO core_accessrule (id, organization_id, branch_id, stage, action_type, is_payment_order_signer, is_active, entity_type, post_id, min_signatures, auto_advance, is_final_stage, stage_order, triggers_payment_order, created_by_id, min_level) VALUES (3180, 7, 1, '1', 'VIEW', 0.0, 1.0, 'BUDGET', 15, 1, 1, 0, 1, 0, NULL, 1);
INSERT INTO core_accessrule (id, organization_id, branch_id, stage, action_type, is_payment_order_signer, is_active, entity_type, post_id, min_signatures, auto_advance, is_final_stage, stage_order, triggers_payment_order, created_by_id, min_level) VALUES (3181, 7, 1, NULL, 'SIGN_PAYMENT', 0.0, 1.0, 'BUDGET', 15, 1, 1, 0, 1, 0, NULL, 1);
INSERT INTO core_accessrule (id, organization_id, branch_id, stage, action_type, is_payment_order_signer, is_active, entity_type, post_id, min_signatures, auto_advance, is_final_stage, stage_order, triggers_payment_order, created_by_id, min_level) VALUES (3182, 7, 1, '1', 'VIEW', 0.0, 1.0, 'PAYMENTORDER', 15, 1, 1, 0, 1, 0, NULL, 1);
INSERT INTO core_accessrule (id, organization_id, branch_id, stage, action_type, is_payment_order_signer, is_active, entity_type, post_id, min_signatures, auto_advance, is_final_stage, stage_order, triggers_payment_order, created_by_id, min_level) VALUES (3183, 7, 1, '1', 'REJECTD', 0.0, 1.0, 'REPORTS', 15, 1, 1, 0, 1, 0, NULL, 1);
INSERT INTO core_accessrule (id, organization_id, branch_id, stage, action_type, is_payment_order_signer, is_active, entity_type, post_id, min_signatures, auto_advance, is_final_stage, stage_order, triggers_payment_order, created_by_id, min_level) VALUES (3184, 7, 1, NULL, 'VIEW', 0.0, 1.0, 'REPORTS', 15, 1, 1, 0, 1, 0, NULL, 1);
INSERT INTO core_accessrule (id, organization_id, branch_id, stage, action_type, is_payment_order_signer, is_active, entity_type, post_id, min_signatures, auto_advance, is_final_stage, stage_order, triggers_payment_order, created_by_id, min_level) VALUES (3189, 7, 1, '1', 'REJECTD', 0.0, 1.0, 'BUDGET', 14, 1, 1, 0, 1, 0, NULL, 1);
INSERT INTO core_accessrule (id, organization_id, branch_id, stage, action_type, is_payment_order_signer, is_active, entity_type, post_id, min_signatures, auto_advance, is_final_stage, stage_order, triggers_payment_order, created_by_id, min_level) VALUES (3190, 7, 1, '1', 'VIEW', 0.0, 1.0, 'BUDGET', 14, 1, 1, 0, 1, 0, NULL, 1);
INSERT INTO core_accessrule (id, organization_id, branch_id, stage, action_type, is_payment_order_signer, is_active, entity_type, post_id, min_signatures, auto_advance, is_final_stage, stage_order, triggers_payment_order, created_by_id, min_level) VALUES (3191, 7, 1, '1', 'REJECTD', 0.0, 1.0, 'PAYMENTORDER', 14, 1, 1, 0, 1, 0, NULL, 1);
INSERT INTO core_accessrule (id, organization_id, branch_id, stage, action_type, is_payment_order_signer, is_active, entity_type, post_id, min_signatures, auto_advance, is_final_stage, stage_order, triggers_payment_order, created_by_id, min_level) VALUES (3192, 7, 1, '1', 'VIEW', 0.0, 1.0, 'PAYMENTORDER', 14, 1, 1, 0, 1, 0, NULL, 1);
INSERT INTO core_accessrule (id, organization_id, branch_id, stage, action_type, is_payment_order_signer, is_active, entity_type, post_id, min_signatures, auto_advance, is_final_stage, stage_order, triggers_payment_order, created_by_id, min_level) VALUES (3193, 7, 1, '1', 'REJECTD', 0.0, 1.0, 'REPORTS', 14, 1, 1, 0, 1, 0, NULL, 1);
INSERT INTO core_accessrule (id, organization_id, branch_id, stage, action_type, is_payment_order_signer, is_active, entity_type, post_id, min_signatures, auto_advance, is_final_stage, stage_order, triggers_payment_order, created_by_id, min_level) VALUES (3194, 7, 1, NULL, 'VIEW', 0.0, 1.0, 'REPORTS', 14, 1, 1, 0, 1, 0, NULL, 1);
INSERT INTO core_accessrule (id, organization_id, branch_id, stage, action_type, is_payment_order_signer, is_active, entity_type, post_id, min_signatures, auto_advance, is_final_stage, stage_order, triggers_payment_order, created_by_id, min_level) VALUES (3195, 7, 7, NULL, 'SIGN_PAYMENT', 0.0, 1.0, 'FACTOR', 17, 1, 1, 0, 1, 0, NULL, 1);
INSERT INTO core_accessrule (id, organization_id, branch_id, stage, action_type, is_payment_order_signer, is_active, entity_type, post_id, min_signatures, auto_advance, is_final_stage, stage_order, triggers_payment_order, created_by_id, min_level) VALUES (3196, 7, 1, '1', 'REJECTD', 0.0, 1.0, 'BUDGET', 17, 1, 1, 0, 1, 0, NULL, 1);
INSERT INTO core_accessrule (id, organization_id, branch_id, stage, action_type, is_payment_order_signer, is_active, entity_type, post_id, min_signatures, auto_advance, is_final_stage, stage_order, triggers_payment_order, created_by_id, min_level) VALUES (3197, 7, 1, '1', 'VIEW', 0.0, 1.0, 'BUDGET', 17, 1, 1, 0, 1, 0, NULL, 1);
INSERT INTO core_accessrule (id, organization_id, branch_id, stage, action_type, is_payment_order_signer, is_active, entity_type, post_id, min_signatures, auto_advance, is_final_stage, stage_order, triggers_payment_order, created_by_id, min_level) VALUES (3198, 7, 1, '1', 'REJECTD', 0.0, 1.0, 'PAYMENTORDER', 17, 1, 1, 0, 1, 0, NULL, 1);
INSERT INTO core_accessrule (id, organization_id, branch_id, stage, action_type, is_payment_order_signer, is_active, entity_type, post_id, min_signatures, auto_advance, is_final_stage, stage_order, triggers_payment_order, created_by_id, min_level) VALUES (3199, 7, 1, '1', 'VIEW', 0.0, 1.0, 'PAYMENTORDER', 17, 1, 1, 0, 1, 0, NULL, 1);
INSERT INTO core_accessrule (id, organization_id, branch_id, stage, action_type, is_payment_order_signer, is_active, entity_type, post_id, min_signatures, auto_advance, is_final_stage, stage_order, triggers_payment_order, created_by_id, min_level) VALUES (3200, 7, 1, '1', 'REJECTD', 0.0, 1.0, 'REPORTS', 17, 1, 1, 0, 1, 0, NULL, 1);
INSERT INTO core_accessrule (id, organization_id, branch_id, stage, action_type, is_payment_order_signer, is_active, entity_type, post_id, min_signatures, auto_advance, is_final_stage, stage_order, triggers_payment_order, created_by_id, min_level) VALUES (3201, 7, 1, NULL, 'VIEW', 0.0, 1.0, 'REPORTS', 17, 1, 1, 0, 1, 0, NULL, 1);
INSERT INTO core_accessrule (id, organization_id, branch_id, stage, action_type, is_payment_order_signer, is_active, entity_type, post_id, min_signatures, auto_advance, is_final_stage, stage_order, triggers_payment_order, created_by_id, min_level) VALUES (5374, 7, 1, 'DRAFT', 'DRAFT', 0.0, 1.0, 'FACTOR', 18, 1, 1, 0, 1, 0, 2, 1);
INSERT INTO core_accessrule (id, organization_id, branch_id, stage, action_type, is_payment_order_signer, is_active, entity_type, post_id, min_signatures, auto_advance, is_final_stage, stage_order, triggers_payment_order, created_by_id, min_level) VALUES (5375, 7, 1, 'PENDING', 'PENDING', 0.0, 1.0, 'FACTOR', 18, 1, 1, 0, 1, 0, 2, 1);
INSERT INTO core_accessrule (id, organization_id, branch_id, stage, action_type, is_payment_order_signer, is_active, entity_type, post_id, min_signatures, auto_advance, is_final_stage, stage_order, triggers_payment_order, created_by_id, min_level) VALUES (5378, 7, 1, 'STAGE_CHANGE', 'STAGE_CHANGE', 0.0, 1.0, 'FACTOR', 18, 1, 1, 0, 1, 0, 2, 1);
INSERT INTO core_accessrule (id, organization_id, branch_id, stage, action_type, is_payment_order_signer, is_active, entity_type, post_id, min_signatures, auto_advance, is_final_stage, stage_order, triggers_payment_order, created_by_id, min_level) VALUES (5379, 7, 1, 'DELETE', 'DELETE', 0.0, 1.0, 'FACTOR', 18, 1, 1, 0, 1, 0, 2, 1);
INSERT INTO core_accessrule (id, organization_id, branch_id, stage, action_type, is_payment_order_signer, is_active, entity_type, post_id, min_signatures, auto_advance, is_final_stage, stage_order, triggers_payment_order, created_by_id, min_level) VALUES (5380, 7, 1, 'CREATE', 'CREATE', 0.0, 1.0, 'FACTOR', 18, 1, 1, 0, 1, 0, 2, 1);
INSERT INTO core_accessrule (id, organization_id, branch_id, stage, action_type, is_payment_order_signer, is_active, entity_type, post_id, min_signatures, auto_advance, is_final_stage, stage_order, triggers_payment_order, created_by_id, min_level) VALUES (5381, 7, 1, 'EDIT', 'EDIT', 0.0, 1.0, 'FACTOR', 18, 1, 1, 0, 1, 0, 2, 1);
INSERT INTO core_accessrule (id, organization_id, branch_id, stage, action_type, is_payment_order_signer, is_active, entity_type, post_id, min_signatures, auto_advance, is_final_stage, stage_order, triggers_payment_order, created_by_id, min_level) VALUES (5382, 7, 1, 'VIEW', 'VIEW', 0.0, 1.0, 'FACTOR', 18, 1, 1, 0, 1, 0, 2, 1);
INSERT INTO core_accessrule (id, organization_id, branch_id, stage, action_type, is_payment_order_signer, is_active, entity_type, post_id, min_signatures, auto_advance, is_final_stage, stage_order, triggers_payment_order, created_by_id, min_level) VALUES (5383, 7, 1, 'PAID', 'PAID', 0.0, 1.0, 'FACTOR', 18, 1, 1, 0, 1, 0, 2, 1);
INSERT INTO core_accessrule (id, organization_id, branch_id, stage, action_type, is_payment_order_signer, is_active, entity_type, post_id, min_signatures, auto_advance, is_final_stage, stage_order, triggers_payment_order, created_by_id, min_level) VALUES (5384, 7, 1, 'PARTIAL', 'PARTIAL', 0.0, 1.0, 'FACTOR', 18, 1, 1, 0, 1, 0, 2, 1);
INSERT INTO core_accessrule (id, organization_id, branch_id, stage, action_type, is_payment_order_signer, is_active, entity_type, post_id, min_signatures, auto_advance, is_final_stage, stage_order, triggers_payment_order, created_by_id, min_level) VALUES (5385, 7, 1, 'PENDING_APPROVAL', 'PENDING_APPROVAL', 0.0, 1.0, 'FACTOR', 18, 1, 1, 0, 1, 0, 2, 1);
INSERT INTO core_accessrule (id, organization_id, branch_id, stage, action_type, is_payment_order_signer, is_active, entity_type, post_id, min_signatures, auto_advance, is_final_stage, stage_order, triggers_payment_order, created_by_id, min_level) VALUES (5386, 7, 1, 'APPROVED_INTERMEDIATE', 'APPROVED_INTERMEDIATE', 0.0, 1.0, 'FACTOR', 18, 1, 1, 0, 1, 0, 2, 1);
INSERT INTO core_accessrule (id, organization_id, branch_id, stage, action_type, is_payment_order_signer, is_active, entity_type, post_id, min_signatures, auto_advance, is_final_stage, stage_order, triggers_payment_order, created_by_id, min_level) VALUES (5387, 7, 1, 'APPROVED_FINAL', 'APPROVED_FINAL', 0.0, 1.0, 'FACTOR', 18, 1, 1, 0, 1, 0, 2, 1);
INSERT INTO core_accessrule (id, organization_id, branch_id, stage, action_type, is_payment_order_signer, is_active, entity_type, post_id, min_signatures, auto_advance, is_final_stage, stage_order, triggers_payment_order, created_by_id, min_level) VALUES (5388, 7, 1, 'SIGN_PAYMENT', 'SIGN_PAYMENT', 0.0, 1.0, 'FACTOR', 18, 1, 1, 0, 1, 0, 2, 1);
INSERT INTO core_accessrule (id, organization_id, branch_id, stage, action_type, is_payment_order_signer, is_active, entity_type, post_id, min_signatures, auto_advance, is_final_stage, stage_order, triggers_payment_order, created_by_id, min_level) VALUES (5389, 7, 1, 'SENT_TO_HQ', 'SENT_TO_HQ', 0.0, 1.0, 'FACTOR', 18, 1, 1, 0, 1, 0, 2, 1);
INSERT INTO core_accessrule (id, organization_id, branch_id, stage, action_type, is_payment_order_signer, is_active, entity_type, post_id, min_signatures, auto_advance, is_final_stage, stage_order, triggers_payment_order, created_by_id, min_level) VALUES (5390, 7, 1, 'HQ_OPS_PENDING', 'HQ_OPS_PENDING', 0.0, 1.0, 'FACTOR', 18, 1, 1, 0, 1, 0, 2, 1);
INSERT INTO core_accessrule (id, organization_id, branch_id, stage, action_type, is_payment_order_signer, is_active, entity_type, post_id, min_signatures, auto_advance, is_final_stage, stage_order, triggers_payment_order, created_by_id, min_level) VALUES (5391, 7, 1, 'HQ_OPS_APPROVED', 'HQ_OPS_APPROVED', 0.0, 1.0, 'FACTOR', 18, 1, 1, 0, 1, 0, 2, 1);
INSERT INTO core_accessrule (id, organization_id, branch_id, stage, action_type, is_payment_order_signer, is_active, entity_type, post_id, min_signatures, auto_advance, is_final_stage, stage_order, triggers_payment_order, created_by_id, min_level) VALUES (5392, 7, 1, 'HQ_FIN_PENDING', 'HQ_FIN_PENDING', 0.0, 1.0, 'FACTOR', 18, 1, 1, 0, 1, 0, 2, 1);
INSERT INTO core_accessrule (id, organization_id, branch_id, stage, action_type, is_payment_order_signer, is_active, entity_type, post_id, min_signatures, auto_advance, is_final_stage, stage_order, triggers_payment_order, created_by_id, min_level) VALUES (5393, 7, 1, 'DRAFT', 'DRAFT', 0.0, 1.0, 'TANKHAH', 18, 1, 1, 0, 1, 0, 2, 1);
INSERT INTO core_accessrule (id, organization_id, branch_id, stage, action_type, is_payment_order_signer, is_active, entity_type, post_id, min_signatures, auto_advance, is_final_stage, stage_order, triggers_payment_order, created_by_id, min_level) VALUES (5394, 7, 1, 'PENDING', 'PENDING', 0.0, 1.0, 'TANKHAH', 18, 1, 1, 0, 1, 0, 2, 1);
INSERT INTO core_accessrule (id, organization_id, branch_id, stage, action_type, is_payment_order_signer, is_active, entity_type, post_id, min_signatures, auto_advance, is_final_stage, stage_order, triggers_payment_order, created_by_id, min_level) VALUES (5395, 7, 1, 'APPROVE', 'APPROVE', 0.0, 1.0, 'TANKHAH', 18, 1, 1, 0, 1, 0, 2, 1);
INSERT INTO core_accessrule (id, organization_id, branch_id, stage, action_type, is_payment_order_signer, is_active, entity_type, post_id, min_signatures, auto_advance, is_final_stage, stage_order, triggers_payment_order, created_by_id, min_level) VALUES (5396, 7, 1, 'REJECT', 'REJECT', 0.0, 1.0, 'TANKHAH', 18, 1, 1, 0, 1, 0, 2, 1);
INSERT INTO core_accessrule (id, organization_id, branch_id, stage, action_type, is_payment_order_signer, is_active, entity_type, post_id, min_signatures, auto_advance, is_final_stage, stage_order, triggers_payment_order, created_by_id, min_level) VALUES (5397, 7, 1, 'STAGE_CHANGE', 'STAGE_CHANGE', 0.0, 1.0, 'TANKHAH', 18, 1, 1, 0, 1, 0, 2, 1);
INSERT INTO core_accessrule (id, organization_id, branch_id, stage, action_type, is_payment_order_signer, is_active, entity_type, post_id, min_signatures, auto_advance, is_final_stage, stage_order, triggers_payment_order, created_by_id, min_level) VALUES (5398, 7, 1, 'DELETE', 'DELETE', 0.0, 1.0, 'TANKHAH', 18, 1, 1, 0, 1, 0, 2, 1);
INSERT INTO core_accessrule (id, organization_id, branch_id, stage, action_type, is_payment_order_signer, is_active, entity_type, post_id, min_signatures, auto_advance, is_final_stage, stage_order, triggers_payment_order, created_by_id, min_level) VALUES (5399, 7, 1, 'CREATE', 'CREATE', 0.0, 1.0, 'TANKHAH', 18, 1, 1, 0, 1, 0, 2, 1);
INSERT INTO core_accessrule (id, organization_id, branch_id, stage, action_type, is_payment_order_signer, is_active, entity_type, post_id, min_signatures, auto_advance, is_final_stage, stage_order, triggers_payment_order, created_by_id, min_level) VALUES (5400, 7, 1, 'EDIT', 'EDIT', 0.0, 1.0, 'TANKHAH', 18, 1, 1, 0, 1, 0, 2, 1);
INSERT INTO core_accessrule (id, organization_id, branch_id, stage, action_type, is_payment_order_signer, is_active, entity_type, post_id, min_signatures, auto_advance, is_final_stage, stage_order, triggers_payment_order, created_by_id, min_level) VALUES (5401, 7, 1, 'VIEW', 'VIEW', 0.0, 1.0, 'TANKHAH', 18, 1, 1, 0, 1, 0, 2, 1);
INSERT INTO core_accessrule (id, organization_id, branch_id, stage, action_type, is_payment_order_signer, is_active, entity_type, post_id, min_signatures, auto_advance, is_final_stage, stage_order, triggers_payment_order, created_by_id, min_level) VALUES (5402, 7, 1, 'PAID', 'PAID', 0.0, 1.0, 'TANKHAH', 18, 1, 1, 0, 1, 0, 2, 1);
INSERT INTO core_accessrule (id, organization_id, branch_id, stage, action_type, is_payment_order_signer, is_active, entity_type, post_id, min_signatures, auto_advance, is_final_stage, stage_order, triggers_payment_order, created_by_id, min_level) VALUES (5403, 7, 1, 'PARTIAL', 'PARTIAL', 0.0, 1.0, 'TANKHAH', 18, 1, 1, 0, 1, 0, 2, 1);
INSERT INTO core_accessrule (id, organization_id, branch_id, stage, action_type, is_payment_order_signer, is_active, entity_type, post_id, min_signatures, auto_advance, is_final_stage, stage_order, triggers_payment_order, created_by_id, min_level) VALUES (5404, 7, 1, 'PENDING_APPROVAL', 'PENDING_APPROVAL', 0.0, 1.0, 'TANKHAH', 18, 1, 1, 0, 1, 0, 2, 1);
INSERT INTO core_accessrule (id, organization_id, branch_id, stage, action_type, is_payment_order_signer, is_active, entity_type, post_id, min_signatures, auto_advance, is_final_stage, stage_order, triggers_payment_order, created_by_id, min_level) VALUES (5405, 7, 1, 'APPROVED_INTERMEDIATE', 'APPROVED_INTERMEDIATE', 0.0, 1.0, 'TANKHAH', 18, 1, 1, 0, 1, 0, 2, 1);
INSERT INTO core_accessrule (id, organization_id, branch_id, stage, action_type, is_payment_order_signer, is_active, entity_type, post_id, min_signatures, auto_advance, is_final_stage, stage_order, triggers_payment_order, created_by_id, min_level) VALUES (5406, 7, 1, 'APPROVED_FINAL', 'APPROVED_FINAL', 0.0, 1.0, 'TANKHAH', 18, 1, 1, 0, 1, 0, 2, 1);
INSERT INTO core_accessrule (id, organization_id, branch_id, stage, action_type, is_payment_order_signer, is_active, entity_type, post_id, min_signatures, auto_advance, is_final_stage, stage_order, triggers_payment_order, created_by_id, min_level) VALUES (5407, 7, 1, 'SIGN_PAYMENT', 'SIGN_PAYMENT', 0.0, 1.0, 'TANKHAH', 18, 1, 1, 0, 1, 0, 2, 1);
INSERT INTO core_accessrule (id, organization_id, branch_id, stage, action_type, is_payment_order_signer, is_active, entity_type, post_id, min_signatures, auto_advance, is_final_stage, stage_order, triggers_payment_order, created_by_id, min_level) VALUES (5408, 7, 1, 'SENT_TO_HQ', 'SENT_TO_HQ', 0.0, 1.0, 'TANKHAH', 18, 1, 1, 0, 1, 0, 2, 1);
INSERT INTO core_accessrule (id, organization_id, branch_id, stage, action_type, is_payment_order_signer, is_active, entity_type, post_id, min_signatures, auto_advance, is_final_stage, stage_order, triggers_payment_order, created_by_id, min_level) VALUES (5409, 7, 1, 'HQ_OPS_PENDING', 'HQ_OPS_PENDING', 0.0, 1.0, 'TANKHAH', 18, 1, 1, 0, 1, 0, 2, 1);
INSERT INTO core_accessrule (id, organization_id, branch_id, stage, action_type, is_payment_order_signer, is_active, entity_type, post_id, min_signatures, auto_advance, is_final_stage, stage_order, triggers_payment_order, created_by_id, min_level) VALUES (5410, 7, 1, 'HQ_OPS_APPROVED', 'HQ_OPS_APPROVED', 0.0, 1.0, 'TANKHAH', 18, 1, 1, 0, 1, 0, 2, 1);
INSERT INTO core_accessrule (id, organization_id, branch_id, stage, action_type, is_payment_order_signer, is_active, entity_type, post_id, min_signatures, auto_advance, is_final_stage, stage_order, triggers_payment_order, created_by_id, min_level) VALUES (5411, 7, 1, 'HQ_FIN_PENDING', 'HQ_FIN_PENDING', 0.0, 1.0, 'TANKHAH', 18, 1, 1, 0, 1, 0, 2, 1);
INSERT INTO core_accessrule (id, organization_id, branch_id, stage, action_type, is_payment_order_signer, is_active, entity_type, post_id, min_signatures, auto_advance, is_final_stage, stage_order, triggers_payment_order, created_by_id, min_level) VALUES (5412, 7, 1, 'DRAFT', 'DRAFT', 0.0, 1.0, 'BUDGET', 18, 1, 1, 0, 1, 0, 2, 1);
INSERT INTO core_accessrule (id, organization_id, branch_id, stage, action_type, is_payment_order_signer, is_active, entity_type, post_id, min_signatures, auto_advance, is_final_stage, stage_order, triggers_payment_order, created_by_id, min_level) VALUES (5413, 7, 1, 'PENDING', 'PENDING', 0.0, 1.0, 'BUDGET', 18, 1, 1, 0, 1, 0, 2, 1);
INSERT INTO core_accessrule (id, organization_id, branch_id, stage, action_type, is_payment_order_signer, is_active, entity_type, post_id, min_signatures, auto_advance, is_final_stage, stage_order, triggers_payment_order, created_by_id, min_level) VALUES (5416, 7, 1, 'STAGE_CHANGE', 'STAGE_CHANGE', 0.0, 1.0, 'BUDGET', 18, 1, 1, 0, 1, 0, 2, 1);
INSERT INTO core_accessrule (id, organization_id, branch_id, stage, action_type, is_payment_order_signer, is_active, entity_type, post_id, min_signatures, auto_advance, is_final_stage, stage_order, triggers_payment_order, created_by_id, min_level) VALUES (5417, 7, 1, 'DELETE', 'DELETE', 0.0, 1.0, 'BUDGET', 18, 1, 1, 0, 1, 0, 2, 1);
INSERT INTO core_accessrule (id, organization_id, branch_id, stage, action_type, is_payment_order_signer, is_active, entity_type, post_id, min_signatures, auto_advance, is_final_stage, stage_order, triggers_payment_order, created_by_id, min_level) VALUES (5418, 7, 1, 'CREATE', 'CREATE', 0.0, 1.0, 'BUDGET', 18, 1, 1, 0, 1, 0, 2, 1);
INSERT INTO core_accessrule (id, organization_id, branch_id, stage, action_type, is_payment_order_signer, is_active, entity_type, post_id, min_signatures, auto_advance, is_final_stage, stage_order, triggers_payment_order, created_by_id, min_level) VALUES (5419, 7, 1, 'EDIT', 'EDIT', 0.0, 1.0, 'BUDGET', 18, 1, 1, 0, 1, 0, 2, 1);
INSERT INTO core_accessrule (id, organization_id, branch_id, stage, action_type, is_payment_order_signer, is_active, entity_type, post_id, min_signatures, auto_advance, is_final_stage, stage_order, triggers_payment_order, created_by_id, min_level) VALUES (5420, 7, 1, 'VIEW', 'VIEW', 0.0, 1.0, 'BUDGET', 18, 1, 1, 0, 1, 0, 2, 1);
INSERT INTO core_accessrule (id, organization_id, branch_id, stage, action_type, is_payment_order_signer, is_active, entity_type, post_id, min_signatures, auto_advance, is_final_stage, stage_order, triggers_payment_order, created_by_id, min_level) VALUES (5421, 7, 1, 'PAID', 'PAID', 0.0, 1.0, 'BUDGET', 18, 1, 1, 0, 1, 0, 2, 1);
INSERT INTO core_accessrule (id, organization_id, branch_id, stage, action_type, is_payment_order_signer, is_active, entity_type, post_id, min_signatures, auto_advance, is_final_stage, stage_order, triggers_payment_order, created_by_id, min_level) VALUES (5422, 7, 1, 'PARTIAL', 'PARTIAL', 0.0, 1.0, 'BUDGET', 18, 1, 1, 0, 1, 0, 2, 1);
INSERT INTO core_accessrule (id, organization_id, branch_id, stage, action_type, is_payment_order_signer, is_active, entity_type, post_id, min_signatures, auto_advance, is_final_stage, stage_order, triggers_payment_order, created_by_id, min_level) VALUES (5423, 7, 1, 'PENDING_APPROVAL', 'PENDING_APPROVAL', 0.0, 1.0, 'BUDGET', 18, 1, 1, 0, 1, 0, 2, 1);
INSERT INTO core_accessrule (id, organization_id, branch_id, stage, action_type, is_payment_order_signer, is_active, entity_type, post_id, min_signatures, auto_advance, is_final_stage, stage_order, triggers_payment_order, created_by_id, min_level) VALUES (5424, 7, 1, 'APPROVED_INTERMEDIATE', 'APPROVED_INTERMEDIATE', 0.0, 1.0, 'BUDGET', 18, 1, 1, 0, 1, 0, 2, 1);
INSERT INTO core_accessrule (id, organization_id, branch_id, stage, action_type, is_payment_order_signer, is_active, entity_type, post_id, min_signatures, auto_advance, is_final_stage, stage_order, triggers_payment_order, created_by_id, min_level) VALUES (5425, 7, 1, 'APPROVED_FINAL', 'APPROVED_FINAL', 0.0, 1.0, 'BUDGET', 18, 1, 1, 0, 1, 0, 2, 1);
INSERT INTO core_accessrule (id, organization_id, branch_id, stage, action_type, is_payment_order_signer, is_active, entity_type, post_id, min_signatures, auto_advance, is_final_stage, stage_order, triggers_payment_order, created_by_id, min_level) VALUES (5426, 7, 1, 'SIGN_PAYMENT', 'SIGN_PAYMENT', 0.0, 1.0, 'BUDGET', 18, 1, 1, 0, 1, 0, 2, 1);
INSERT INTO core_accessrule (id, organization_id, branch_id, stage, action_type, is_payment_order_signer, is_active, entity_type, post_id, min_signatures, auto_advance, is_final_stage, stage_order, triggers_payment_order, created_by_id, min_level) VALUES (5427, 7, 1, 'SENT_TO_HQ', 'SENT_TO_HQ', 0.0, 1.0, 'BUDGET', 18, 1, 1, 0, 1, 0, 2, 1);
INSERT INTO core_accessrule (id, organization_id, branch_id, stage, action_type, is_payment_order_signer, is_active, entity_type, post_id, min_signatures, auto_advance, is_final_stage, stage_order, triggers_payment_order, created_by_id, min_level) VALUES (5428, 7, 1, 'HQ_OPS_PENDING', 'HQ_OPS_PENDING', 0.0, 1.0, 'BUDGET', 18, 1, 1, 0, 1, 0, 2, 1);
INSERT INTO core_accessrule (id, organization_id, branch_id, stage, action_type, is_payment_order_signer, is_active, entity_type, post_id, min_signatures, auto_advance, is_final_stage, stage_order, triggers_payment_order, created_by_id, min_level) VALUES (5429, 7, 1, 'HQ_OPS_APPROVED', 'HQ_OPS_APPROVED', 0.0, 1.0, 'BUDGET', 18, 1, 1, 0, 1, 0, 2, 1);
INSERT INTO core_accessrule (id, organization_id, branch_id, stage, action_type, is_payment_order_signer, is_active, entity_type, post_id, min_signatures, auto_advance, is_final_stage, stage_order, triggers_payment_order, created_by_id, min_level) VALUES (5430, 7, 1, 'HQ_FIN_PENDING', 'HQ_FIN_PENDING', 0.0, 1.0, 'BUDGET', 18, 1, 1, 0, 1, 0, 2, 1);
INSERT INTO core_accessrule (id, organization_id, branch_id, stage, action_type, is_payment_order_signer, is_active, entity_type, post_id, min_signatures, auto_advance, is_final_stage, stage_order, triggers_payment_order, created_by_id, min_level) VALUES (5431, 7, 1, 'DRAFT', 'DRAFT', 0.0, 1.0, 'PAYMENTORDER', 18, 1, 1, 0, 1, 0, 2, 1);
INSERT INTO core_accessrule (id, organization_id, branch_id, stage, action_type, is_payment_order_signer, is_active, entity_type, post_id, min_signatures, auto_advance, is_final_stage, stage_order, triggers_payment_order, created_by_id, min_level) VALUES (5432, 7, 1, 'PENDING', 'PENDING', 0.0, 1.0, 'PAYMENTORDER', 18, 1, 1, 0, 1, 0, 2, 1);
INSERT INTO core_accessrule (id, organization_id, branch_id, stage, action_type, is_payment_order_signer, is_active, entity_type, post_id, min_signatures, auto_advance, is_final_stage, stage_order, triggers_payment_order, created_by_id, min_level) VALUES (5433, 7, 1, 'APPROVE', 'APPROVE', 0.0, 1.0, 'PAYMENTORDER', 18, 1, 1, 0, 1, 0, 2, 1);
INSERT INTO core_accessrule (id, organization_id, branch_id, stage, action_type, is_payment_order_signer, is_active, entity_type, post_id, min_signatures, auto_advance, is_final_stage, stage_order, triggers_payment_order, created_by_id, min_level) VALUES (5434, 7, 1, 'REJECT', 'REJECT', 0.0, 1.0, 'PAYMENTORDER', 18, 1, 1, 0, 1, 0, 2, 1);
INSERT INTO core_accessrule (id, organization_id, branch_id, stage, action_type, is_payment_order_signer, is_active, entity_type, post_id, min_signatures, auto_advance, is_final_stage, stage_order, triggers_payment_order, created_by_id, min_level) VALUES (5435, 7, 1, 'STAGE_CHANGE', 'STAGE_CHANGE', 0.0, 1.0, 'PAYMENTORDER', 18, 1, 1, 0, 1, 0, 2, 1);
INSERT INTO core_accessrule (id, organization_id, branch_id, stage, action_type, is_payment_order_signer, is_active, entity_type, post_id, min_signatures, auto_advance, is_final_stage, stage_order, triggers_payment_order, created_by_id, min_level) VALUES (5436, 7, 1, 'DELETE', 'DELETE', 0.0, 1.0, 'PAYMENTORDER', 18, 1, 1, 0, 1, 0, 2, 1);
INSERT INTO core_accessrule (id, organization_id, branch_id, stage, action_type, is_payment_order_signer, is_active, entity_type, post_id, min_signatures, auto_advance, is_final_stage, stage_order, triggers_payment_order, created_by_id, min_level) VALUES (5437, 7, 1, 'CREATE', 'CREATE', 0.0, 1.0, 'PAYMENTORDER', 18, 1, 1, 0, 1, 0, 2, 1);
INSERT INTO core_accessrule (id, organization_id, branch_id, stage, action_type, is_payment_order_signer, is_active, entity_type, post_id, min_signatures, auto_advance, is_final_stage, stage_order, triggers_payment_order, created_by_id, min_level) VALUES (5438, 7, 1, 'EDIT', 'EDIT', 0.0, 1.0, 'PAYMENTORDER', 18, 1, 1, 0, 1, 0, 2, 1);
INSERT INTO core_accessrule (id, organization_id, branch_id, stage, action_type, is_payment_order_signer, is_active, entity_type, post_id, min_signatures, auto_advance, is_final_stage, stage_order, triggers_payment_order, created_by_id, min_level) VALUES (5439, 7, 1, 'VIEW', 'VIEW', 0.0, 1.0, 'PAYMENTORDER', 18, 1, 1, 0, 1, 0, 2, 1);
INSERT INTO core_accessrule (id, organization_id, branch_id, stage, action_type, is_payment_order_signer, is_active, entity_type, post_id, min_signatures, auto_advance, is_final_stage, stage_order, triggers_payment_order, created_by_id, min_level) VALUES (5440, 7, 1, 'PAID', 'PAID', 0.0, 1.0, 'PAYMENTORDER', 18, 1, 1, 0, 1, 0, 2, 1);
INSERT INTO core_accessrule (id, organization_id, branch_id, stage, action_type, is_payment_order_signer, is_active, entity_type, post_id, min_signatures, auto_advance, is_final_stage, stage_order, triggers_payment_order, created_by_id, min_level) VALUES (5441, 7, 1, 'PARTIAL', 'PARTIAL', 0.0, 1.0, 'PAYMENTORDER', 18, 1, 1, 0, 1, 0, 2, 1);
INSERT INTO core_accessrule (id, organization_id, branch_id, stage, action_type, is_payment_order_signer, is_active, entity_type, post_id, min_signatures, auto_advance, is_final_stage, stage_order, triggers_payment_order, created_by_id, min_level) VALUES (5442, 7, 1, 'PENDING_APPROVAL', 'PENDING_APPROVAL', 0.0, 1.0, 'PAYMENTORDER', 18, 1, 1, 0, 1, 0, 2, 1);
INSERT INTO core_accessrule (id, organization_id, branch_id, stage, action_type, is_payment_order_signer, is_active, entity_type, post_id, min_signatures, auto_advance, is_final_stage, stage_order, triggers_payment_order, created_by_id, min_level) VALUES (5443, 7, 1, 'APPROVED_INTERMEDIATE', 'APPROVED_INTERMEDIATE', 0.0, 1.0, 'PAYMENTORDER', 18, 1, 1, 0, 1, 0, 2, 1);
INSERT INTO core_accessrule (id, organization_id, branch_id, stage, action_type, is_payment_order_signer, is_active, entity_type, post_id, min_signatures, auto_advance, is_final_stage, stage_order, triggers_payment_order, created_by_id, min_level) VALUES (5444, 7, 1, 'APPROVED_FINAL', 'APPROVED_FINAL', 0.0, 1.0, 'PAYMENTORDER', 18, 1, 1, 0, 1, 0, 2, 1);
INSERT INTO core_accessrule (id, organization_id, branch_id, stage, action_type, is_payment_order_signer, is_active, entity_type, post_id, min_signatures, auto_advance, is_final_stage, stage_order, triggers_payment_order, created_by_id, min_level) VALUES (5445, 7, 1, 'SIGN_PAYMENT', 'SIGN_PAYMENT', 0.0, 1.0, 'PAYMENTORDER', 18, 1, 1, 0, 1, 0, 2, 1);
INSERT INTO core_accessrule (id, organization_id, branch_id, stage, action_type, is_payment_order_signer, is_active, entity_type, post_id, min_signatures, auto_advance, is_final_stage, stage_order, triggers_payment_order, created_by_id, min_level) VALUES (5446, 7, 1, 'SENT_TO_HQ', 'SENT_TO_HQ', 0.0, 1.0, 'PAYMENTORDER', 18, 1, 1, 0, 1, 0, 2, 1);
INSERT INTO core_accessrule (id, organization_id, branch_id, stage, action_type, is_payment_order_signer, is_active, entity_type, post_id, min_signatures, auto_advance, is_final_stage, stage_order, triggers_payment_order, created_by_id, min_level) VALUES (5447, 7, 1, 'HQ_OPS_PENDING', 'HQ_OPS_PENDING', 0.0, 1.0, 'PAYMENTORDER', 18, 1, 1, 0, 1, 0, 2, 1);
INSERT INTO core_accessrule (id, organization_id, branch_id, stage, action_type, is_payment_order_signer, is_active, entity_type, post_id, min_signatures, auto_advance, is_final_stage, stage_order, triggers_payment_order, created_by_id, min_level) VALUES (5448, 7, 1, 'HQ_OPS_APPROVED', 'HQ_OPS_APPROVED', 0.0, 1.0, 'PAYMENTORDER', 18, 1, 1, 0, 1, 0, 2, 1);
INSERT INTO core_accessrule (id, organization_id, branch_id, stage, action_type, is_payment_order_signer, is_active, entity_type, post_id, min_signatures, auto_advance, is_final_stage, stage_order, triggers_payment_order, created_by_id, min_level) VALUES (5449, 7, 1, 'HQ_FIN_PENDING', 'HQ_FIN_PENDING', 0.0, 1.0, 'PAYMENTORDER', 18, 1, 1, 0, 1, 0, 2, 1);
INSERT INTO core_accessrule (id, organization_id, branch_id, stage, action_type, is_payment_order_signer, is_active, entity_type, post_id, min_signatures, auto_advance, is_final_stage, stage_order, triggers_payment_order, created_by_id, min_level) VALUES (5450, 7, 1, 'DRAFT', 'DRAFT', 0.0, 1.0, 'REPORTS', 18, 1, 1, 0, 1, 0, 2, 1);
INSERT INTO core_accessrule (id, organization_id, branch_id, stage, action_type, is_payment_order_signer, is_active, entity_type, post_id, min_signatures, auto_advance, is_final_stage, stage_order, triggers_payment_order, created_by_id, min_level) VALUES (5451, 7, 1, 'PENDING', 'PENDING', 0.0, 1.0, 'REPORTS', 18, 1, 1, 0, 1, 0, 2, 1);
INSERT INTO core_accessrule (id, organization_id, branch_id, stage, action_type, is_payment_order_signer, is_active, entity_type, post_id, min_signatures, auto_advance, is_final_stage, stage_order, triggers_payment_order, created_by_id, min_level) VALUES (5452, 7, 1, 'APPROVE', 'APPROVE', 0.0, 1.0, 'REPORTS', 18, 1, 1, 0, 1, 0, 2, 1);
INSERT INTO core_accessrule (id, organization_id, branch_id, stage, action_type, is_payment_order_signer, is_active, entity_type, post_id, min_signatures, auto_advance, is_final_stage, stage_order, triggers_payment_order, created_by_id, min_level) VALUES (5453, 7, 1, 'REJECT', 'REJECT', 0.0, 1.0, 'REPORTS', 18, 1, 1, 0, 1, 0, 2, 1);
INSERT INTO core_accessrule (id, organization_id, branch_id, stage, action_type, is_payment_order_signer, is_active, entity_type, post_id, min_signatures, auto_advance, is_final_stage, stage_order, triggers_payment_order, created_by_id, min_level) VALUES (5454, 7, 1, 'STAGE_CHANGE', 'STAGE_CHANGE', 0.0, 1.0, 'REPORTS', 18, 1, 1, 0, 1, 0, 2, 1);
INSERT INTO core_accessrule (id, organization_id, branch_id, stage, action_type, is_payment_order_signer, is_active, entity_type, post_id, min_signatures, auto_advance, is_final_stage, stage_order, triggers_payment_order, created_by_id, min_level) VALUES (5455, 7, 1, 'DELETE', 'DELETE', 0.0, 1.0, 'REPORTS', 18, 1, 1, 0, 1, 0, 2, 1);
INSERT INTO core_accessrule (id, organization_id, branch_id, stage, action_type, is_payment_order_signer, is_active, entity_type, post_id, min_signatures, auto_advance, is_final_stage, stage_order, triggers_payment_order, created_by_id, min_level) VALUES (5456, 7, 1, 'CREATE', 'CREATE', 0.0, 1.0, 'REPORTS', 18, 1, 1, 0, 1, 0, 2, 1);
INSERT INTO core_accessrule (id, organization_id, branch_id, stage, action_type, is_payment_order_signer, is_active, entity_type, post_id, min_signatures, auto_advance, is_final_stage, stage_order, triggers_payment_order, created_by_id, min_level) VALUES (5457, 7, 1, 'EDIT', 'EDIT', 0.0, 1.0, 'REPORTS', 18, 1, 1, 0, 1, 0, 2, 1);
INSERT INTO core_accessrule (id, organization_id, branch_id, stage, action_type, is_payment_order_signer, is_active, entity_type, post_id, min_signatures, auto_advance, is_final_stage, stage_order, triggers_payment_order, created_by_id, min_level) VALUES (5458, 7, 1, 'VIEW', 'VIEW', 0.0, 1.0, 'REPORTS', 18, 1, 1, 0, 1, 0, 2, 1);
INSERT INTO core_accessrule (id, organization_id, branch_id, stage, action_type, is_payment_order_signer, is_active, entity_type, post_id, min_signatures, auto_advance, is_final_stage, stage_order, triggers_payment_order, created_by_id, min_level) VALUES (5459, 7, 1, 'PAID', 'PAID', 0.0, 1.0, 'REPORTS', 18, 1, 1, 0, 1, 0, 2, 1);
INSERT INTO core_accessrule (id, organization_id, branch_id, stage, action_type, is_payment_order_signer, is_active, entity_type, post_id, min_signatures, auto_advance, is_final_stage, stage_order, triggers_payment_order, created_by_id, min_level) VALUES (5460, 7, 1, 'PARTIAL', 'PARTIAL', 0.0, 1.0, 'REPORTS', 18, 1, 1, 0, 1, 0, 2, 1);
INSERT INTO core_accessrule (id, organization_id, branch_id, stage, action_type, is_payment_order_signer, is_active, entity_type, post_id, min_signatures, auto_advance, is_final_stage, stage_order, triggers_payment_order, created_by_id, min_level) VALUES (5461, 7, 1, 'PENDING_APPROVAL', 'PENDING_APPROVAL', 0.0, 1.0, 'REPORTS', 18, 1, 1, 0, 1, 0, 2, 1);
INSERT INTO core_accessrule (id, organization_id, branch_id, stage, action_type, is_payment_order_signer, is_active, entity_type, post_id, min_signatures, auto_advance, is_final_stage, stage_order, triggers_payment_order, created_by_id, min_level) VALUES (5462, 7, 1, 'APPROVED_INTERMEDIATE', 'APPROVED_INTERMEDIATE', 0.0, 1.0, 'REPORTS', 18, 1, 1, 0, 1, 0, 2, 1);
INSERT INTO core_accessrule (id, organization_id, branch_id, stage, action_type, is_payment_order_signer, is_active, entity_type, post_id, min_signatures, auto_advance, is_final_stage, stage_order, triggers_payment_order, created_by_id, min_level) VALUES (5463, 7, 1, 'APPROVED_FINAL', 'APPROVED_FINAL', 0.0, 1.0, 'REPORTS', 18, 1, 1, 0, 1, 0, 2, 1);
INSERT INTO core_accessrule (id, organization_id, branch_id, stage, action_type, is_payment_order_signer, is_active, entity_type, post_id, min_signatures, auto_advance, is_final_stage, stage_order, triggers_payment_order, created_by_id, min_level) VALUES (5464, 7, 1, 'SIGN_PAYMENT', 'SIGN_PAYMENT', 0.0, 1.0, 'REPORTS', 18, 1, 1, 0, 1, 0, 2, 1);
INSERT INTO core_accessrule (id, organization_id, branch_id, stage, action_type, is_payment_order_signer, is_active, entity_type, post_id, min_signatures, auto_advance, is_final_stage, stage_order, triggers_payment_order, created_by_id, min_level) VALUES (5465, 7, 1, 'SENT_TO_HQ', 'SENT_TO_HQ', 0.0, 1.0, 'REPORTS', 18, 1, 1, 0, 1, 0, 2, 1);
INSERT INTO core_accessrule (id, organization_id, branch_id, stage, action_type, is_payment_order_signer, is_active, entity_type, post_id, min_signatures, auto_advance, is_final_stage, stage_order, triggers_payment_order, created_by_id, min_level) VALUES (5466, 7, 1, 'HQ_OPS_PENDING', 'HQ_OPS_PENDING', 0.0, 1.0, 'REPORTS', 18, 1, 1, 0, 1, 0, 2, 1);
INSERT INTO core_accessrule (id, organization_id, branch_id, stage, action_type, is_payment_order_signer, is_active, entity_type, post_id, min_signatures, auto_advance, is_final_stage, stage_order, triggers_payment_order, created_by_id, min_level) VALUES (5467, 7, 1, 'HQ_OPS_APPROVED', 'HQ_OPS_APPROVED', 0.0, 1.0, 'REPORTS', 18, 1, 1, 0, 1, 0, 2, 1);
INSERT INTO core_accessrule (id, organization_id, branch_id, stage, action_type, is_payment_order_signer, is_active, entity_type, post_id, min_signatures, auto_advance, is_final_stage, stage_order, triggers_payment_order, created_by_id, min_level) VALUES (5468, 7, 1, 'HQ_FIN_PENDING', 'HQ_FIN_PENDING', 0.0, 1.0, 'REPORTS', 18, 1, 1, 0, 1, 0, 2, 1);
INSERT INTO core_accessrule (id, organization_id, branch_id, stage, action_type, is_payment_order_signer, is_active, entity_type, post_id, min_signatures, auto_advance, is_final_stage, stage_order, triggers_payment_order, created_by_id, min_level) VALUES (5469, 7, 1, 'DRAFT', 'DRAFT', 0.0, 1.0, 'GENERAL', 18, 1, 1, 0, 1, 0, 2, 1);
INSERT INTO core_accessrule (id, organization_id, branch_id, stage, action_type, is_payment_order_signer, is_active, entity_type, post_id, min_signatures, auto_advance, is_final_stage, stage_order, triggers_payment_order, created_by_id, min_level) VALUES (5470, 7, 1, 'PENDING', 'PENDING', 0.0, 1.0, 'GENERAL', 18, 1, 1, 0, 1, 0, 2, 1);
INSERT INTO core_accessrule (id, organization_id, branch_id, stage, action_type, is_payment_order_signer, is_active, entity_type, post_id, min_signatures, auto_advance, is_final_stage, stage_order, triggers_payment_order, created_by_id, min_level) VALUES (5471, 7, 1, 'APPROVE', 'APPROVE', 0.0, 1.0, 'GENERAL', 18, 1, 1, 0, 1, 0, 2, 1);
INSERT INTO core_accessrule (id, organization_id, branch_id, stage, action_type, is_payment_order_signer, is_active, entity_type, post_id, min_signatures, auto_advance, is_final_stage, stage_order, triggers_payment_order, created_by_id, min_level) VALUES (5472, 7, 1, 'REJECT', 'REJECT', 0.0, 1.0, 'GENERAL', 18, 1, 1, 0, 1, 0, 2, 1);
INSERT INTO core_accessrule (id, organization_id, branch_id, stage, action_type, is_payment_order_signer, is_active, entity_type, post_id, min_signatures, auto_advance, is_final_stage, stage_order, triggers_payment_order, created_by_id, min_level) VALUES (5473, 7, 1, 'STAGE_CHANGE', 'STAGE_CHANGE', 0.0, 1.0, 'GENERAL', 18, 1, 1, 0, 1, 0, 2, 1);
INSERT INTO core_accessrule (id, organization_id, branch_id, stage, action_type, is_payment_order_signer, is_active, entity_type, post_id, min_signatures, auto_advance, is_final_stage, stage_order, triggers_payment_order, created_by_id, min_level) VALUES (5474, 7, 1, 'DELETE', 'DELETE', 0.0, 1.0, 'GENERAL', 18, 1, 1, 0, 1, 0, 2, 1);
INSERT INTO core_accessrule (id, organization_id, branch_id, stage, action_type, is_payment_order_signer, is_active, entity_type, post_id, min_signatures, auto_advance, is_final_stage, stage_order, triggers_payment_order, created_by_id, min_level) VALUES (5475, 7, 1, 'CREATE', 'CREATE', 0.0, 1.0, 'GENERAL', 18, 1, 1, 0, 1, 0, 2, 1);
INSERT INTO core_accessrule (id, organization_id, branch_id, stage, action_type, is_payment_order_signer, is_active, entity_type, post_id, min_signatures, auto_advance, is_final_stage, stage_order, triggers_payment_order, created_by_id, min_level) VALUES (5476, 7, 1, 'EDIT', 'EDIT', 0.0, 1.0, 'GENERAL', 18, 1, 1, 0, 1, 0, 2, 1);
INSERT INTO core_accessrule (id, organization_id, branch_id, stage, action_type, is_payment_order_signer, is_active, entity_type, post_id, min_signatures, auto_advance, is_final_stage, stage_order, triggers_payment_order, created_by_id, min_level) VALUES (5477, 7, 1, 'VIEW', 'VIEW', 0.0, 1.0, 'GENERAL', 18, 1, 1, 0, 1, 0, 2, 1);
INSERT INTO core_accessrule (id, organization_id, branch_id, stage, action_type, is_payment_order_signer, is_active, entity_type, post_id, min_signatures, auto_advance, is_final_stage, stage_order, triggers_payment_order, created_by_id, min_level) VALUES (5478, 7, 1, 'PAID', 'PAID', 0.0, 1.0, 'GENERAL', 18, 1, 1, 0, 1, 0, 2, 1);
INSERT INTO core_accessrule (id, organization_id, branch_id, stage, action_type, is_payment_order_signer, is_active, entity_type, post_id, min_signatures, auto_advance, is_final_stage, stage_order, triggers_payment_order, created_by_id, min_level) VALUES (5479, 7, 1, 'PARTIAL', 'PARTIAL', 0.0, 1.0, 'GENERAL', 18, 1, 1, 0, 1, 0, 2, 1);
INSERT INTO core_accessrule (id, organization_id, branch_id, stage, action_type, is_payment_order_signer, is_active, entity_type, post_id, min_signatures, auto_advance, is_final_stage, stage_order, triggers_payment_order, created_by_id, min_level) VALUES (5480, 7, 1, 'PENDING_APPROVAL', 'PENDING_APPROVAL', 0.0, 1.0, 'GENERAL', 18, 1, 1, 0, 1, 0, 2, 1);
INSERT INTO core_accessrule (id, organization_id, branch_id, stage, action_type, is_payment_order_signer, is_active, entity_type, post_id, min_signatures, auto_advance, is_final_stage, stage_order, triggers_payment_order, created_by_id, min_level) VALUES (5481, 7, 1, 'APPROVED_INTERMEDIATE', 'APPROVED_INTERMEDIATE', 0.0, 1.0, 'GENERAL', 18, 1, 1, 0, 1, 0, 2, 1);
INSERT INTO core_accessrule (id, organization_id, branch_id, stage, action_type, is_payment_order_signer, is_active, entity_type, post_id, min_signatures, auto_advance, is_final_stage, stage_order, triggers_payment_order, created_by_id, min_level) VALUES (5482, 7, 1, 'APPROVED_FINAL', 'APPROVED_FINAL', 0.0, 1.0, 'GENERAL', 18, 1, 1, 0, 1, 0, 2, 1);
INSERT INTO core_accessrule (id, organization_id, branch_id, stage, action_type, is_payment_order_signer, is_active, entity_type, post_id, min_signatures, auto_advance, is_final_stage, stage_order, triggers_payment_order, created_by_id, min_level) VALUES (5483, 7, 1, 'SIGN_PAYMENT', 'SIGN_PAYMENT', 0.0, 1.0, 'GENERAL', 18, 1, 1, 0, 1, 0, 2, 1);
INSERT INTO core_accessrule (id, organization_id, branch_id, stage, action_type, is_payment_order_signer, is_active, entity_type, post_id, min_signatures, auto_advance, is_final_stage, stage_order, triggers_payment_order, created_by_id, min_level) VALUES (5484, 7, 1, 'SENT_TO_HQ', 'SENT_TO_HQ', 0.0, 1.0, 'GENERAL', 18, 1, 1, 0, 1, 0, 2, 1);
INSERT INTO core_accessrule (id, organization_id, branch_id, stage, action_type, is_payment_order_signer, is_active, entity_type, post_id, min_signatures, auto_advance, is_final_stage, stage_order, triggers_payment_order, created_by_id, min_level) VALUES (5485, 7, 1, 'HQ_OPS_PENDING', 'HQ_OPS_PENDING', 0.0, 1.0, 'GENERAL', 18, 1, 1, 0, 1, 0, 2, 1);
INSERT INTO core_accessrule (id, organization_id, branch_id, stage, action_type, is_payment_order_signer, is_active, entity_type, post_id, min_signatures, auto_advance, is_final_stage, stage_order, triggers_payment_order, created_by_id, min_level) VALUES (5486, 7, 1, 'HQ_OPS_APPROVED', 'HQ_OPS_APPROVED', 0.0, 1.0, 'GENERAL', 18, 1, 1, 0, 1, 0, 2, 1);
INSERT INTO core_accessrule (id, organization_id, branch_id, stage, action_type, is_payment_order_signer, is_active, entity_type, post_id, min_signatures, auto_advance, is_final_stage, stage_order, triggers_payment_order, created_by_id, min_level) VALUES (5487, 7, 1, 'HQ_FIN_PENDING', 'HQ_FIN_PENDING', 0.0, 1.0, 'GENERAL', 18, 1, 1, 0, 1, 0, 2, 1);
INSERT INTO core_accessrule (id, organization_id, branch_id, stage, action_type, is_payment_order_signer, is_active, entity_type, post_id, min_signatures, auto_advance, is_final_stage, stage_order, triggers_payment_order, created_by_id, min_level) VALUES (5488, 7, 1, 'VIEW', 'VIEW', 0.0, 1.0, 'FACTOR', 19, 1, 1, 0, 1, 0, 2, 1);
INSERT INTO core_accessrule (id, organization_id, branch_id, stage, action_type, is_payment_order_signer, is_active, entity_type, post_id, min_signatures, auto_advance, is_final_stage, stage_order, triggers_payment_order, created_by_id, min_level) VALUES (5489, 7, 1, 'VIEW', 'VIEW', 0.0, 1.0, 'TANKHAH', 19, 1, 1, 0, 1, 0, 2, 1);
INSERT INTO core_accessrule (id, organization_id, branch_id, stage, action_type, is_payment_order_signer, is_active, entity_type, post_id, min_signatures, auto_advance, is_final_stage, stage_order, triggers_payment_order, created_by_id, min_level) VALUES (5490, 7, 1, 'VIEW', 'VIEW', 0.0, 1.0, 'PAYMENTORDER', 19, 1, 1, 0, 1, 0, 2, 1);
INSERT INTO core_accessrule (id, organization_id, branch_id, stage, action_type, is_payment_order_signer, is_active, entity_type, post_id, min_signatures, auto_advance, is_final_stage, stage_order, triggers_payment_order, created_by_id, min_level) VALUES (5491, 7, 1, 'SIGN_PAYMENT', 'SIGN_PAYMENT', 0.0, 1.0, 'PAYMENTORDER', 19, 1, 1, 0, 1, 0, 2, 1);
INSERT INTO core_accessrule (id, organization_id, branch_id, stage, action_type, is_payment_order_signer, is_active, entity_type, post_id, min_signatures, auto_advance, is_final_stage, stage_order, triggers_payment_order, created_by_id, min_level) VALUES (5492, 7, 1, 'DRAFT', 'DRAFT', 0.0, 1.0, 'REPORTS', 19, 1, 1, 0, 1, 0, 2, 1);
INSERT INTO core_accessrule (id, organization_id, branch_id, stage, action_type, is_payment_order_signer, is_active, entity_type, post_id, min_signatures, auto_advance, is_final_stage, stage_order, triggers_payment_order, created_by_id, min_level) VALUES (5493, 7, 1, 'PENDING', 'PENDING', 0.0, 1.0, 'REPORTS', 19, 1, 1, 0, 1, 0, 2, 1);
INSERT INTO core_accessrule (id, organization_id, branch_id, stage, action_type, is_payment_order_signer, is_active, entity_type, post_id, min_signatures, auto_advance, is_final_stage, stage_order, triggers_payment_order, created_by_id, min_level) VALUES (5494, 7, 1, 'APPROVE', 'APPROVE', 0.0, 1.0, 'REPORTS', 19, 1, 1, 0, 1, 0, 2, 1);
INSERT INTO core_accessrule (id, organization_id, branch_id, stage, action_type, is_payment_order_signer, is_active, entity_type, post_id, min_signatures, auto_advance, is_final_stage, stage_order, triggers_payment_order, created_by_id, min_level) VALUES (5495, 7, 1, 'REJECT', 'REJECT', 0.0, 1.0, 'REPORTS', 19, 1, 1, 0, 1, 0, 2, 1);
INSERT INTO core_accessrule (id, organization_id, branch_id, stage, action_type, is_payment_order_signer, is_active, entity_type, post_id, min_signatures, auto_advance, is_final_stage, stage_order, triggers_payment_order, created_by_id, min_level) VALUES (5496, 7, 1, 'STAGE_CHANGE', 'STAGE_CHANGE', 0.0, 1.0, 'REPORTS', 19, 1, 1, 0, 1, 0, 2, 1);
INSERT INTO core_accessrule (id, organization_id, branch_id, stage, action_type, is_payment_order_signer, is_active, entity_type, post_id, min_signatures, auto_advance, is_final_stage, stage_order, triggers_payment_order, created_by_id, min_level) VALUES (5497, 7, 1, 'DELETE', 'DELETE', 0.0, 1.0, 'REPORTS', 19, 1, 1, 0, 1, 0, 2, 1);
INSERT INTO core_accessrule (id, organization_id, branch_id, stage, action_type, is_payment_order_signer, is_active, entity_type, post_id, min_signatures, auto_advance, is_final_stage, stage_order, triggers_payment_order, created_by_id, min_level) VALUES (5498, 7, 1, 'CREATE', 'CREATE', 0.0, 1.0, 'REPORTS', 19, 1, 1, 0, 1, 0, 2, 1);
INSERT INTO core_accessrule (id, organization_id, branch_id, stage, action_type, is_payment_order_signer, is_active, entity_type, post_id, min_signatures, auto_advance, is_final_stage, stage_order, triggers_payment_order, created_by_id, min_level) VALUES (5499, 7, 1, 'EDIT', 'EDIT', 0.0, 1.0, 'REPORTS', 19, 1, 1, 0, 1, 0, 2, 1);
INSERT INTO core_accessrule (id, organization_id, branch_id, stage, action_type, is_payment_order_signer, is_active, entity_type, post_id, min_signatures, auto_advance, is_final_stage, stage_order, triggers_payment_order, created_by_id, min_level) VALUES (5500, 7, 1, 'VIEW', 'VIEW', 0.0, 1.0, 'REPORTS', 19, 1, 1, 0, 1, 0, 2, 1);
INSERT INTO core_accessrule (id, organization_id, branch_id, stage, action_type, is_payment_order_signer, is_active, entity_type, post_id, min_signatures, auto_advance, is_final_stage, stage_order, triggers_payment_order, created_by_id, min_level) VALUES (5501, 7, 1, 'PAID', 'PAID', 0.0, 1.0, 'REPORTS', 19, 1, 1, 0, 1, 0, 2, 1);
INSERT INTO core_accessrule (id, organization_id, branch_id, stage, action_type, is_payment_order_signer, is_active, entity_type, post_id, min_signatures, auto_advance, is_final_stage, stage_order, triggers_payment_order, created_by_id, min_level) VALUES (5502, 7, 1, 'PARTIAL', 'PARTIAL', 0.0, 1.0, 'REPORTS', 19, 1, 1, 0, 1, 0, 2, 1);
INSERT INTO core_accessrule (id, organization_id, branch_id, stage, action_type, is_payment_order_signer, is_active, entity_type, post_id, min_signatures, auto_advance, is_final_stage, stage_order, triggers_payment_order, created_by_id, min_level) VALUES (5503, 7, 1, 'PENDING_APPROVAL', 'PENDING_APPROVAL', 0.0, 1.0, 'REPORTS', 19, 1, 1, 0, 1, 0, 2, 1);
INSERT INTO core_accessrule (id, organization_id, branch_id, stage, action_type, is_payment_order_signer, is_active, entity_type, post_id, min_signatures, auto_advance, is_final_stage, stage_order, triggers_payment_order, created_by_id, min_level) VALUES (5504, 7, 1, 'APPROVED_INTERMEDIATE', 'APPROVED_INTERMEDIATE', 0.0, 1.0, 'REPORTS', 19, 1, 1, 0, 1, 0, 2, 1);
INSERT INTO core_accessrule (id, organization_id, branch_id, stage, action_type, is_payment_order_signer, is_active, entity_type, post_id, min_signatures, auto_advance, is_final_stage, stage_order, triggers_payment_order, created_by_id, min_level) VALUES (5505, 7, 1, 'APPROVED_FINAL', 'APPROVED_FINAL', 0.0, 1.0, 'REPORTS', 19, 1, 1, 0, 1, 0, 2, 1);
INSERT INTO core_accessrule (id, organization_id, branch_id, stage, action_type, is_payment_order_signer, is_active, entity_type, post_id, min_signatures, auto_advance, is_final_stage, stage_order, triggers_payment_order, created_by_id, min_level) VALUES (5506, 7, 1, 'SIGN_PAYMENT', 'SIGN_PAYMENT', 0.0, 1.0, 'REPORTS', 19, 1, 1, 0, 1, 0, 2, 1);
INSERT INTO core_accessrule (id, organization_id, branch_id, stage, action_type, is_payment_order_signer, is_active, entity_type, post_id, min_signatures, auto_advance, is_final_stage, stage_order, triggers_payment_order, created_by_id, min_level) VALUES (5507, 7, 1, 'SENT_TO_HQ', 'SENT_TO_HQ', 0.0, 1.0, 'REPORTS', 19, 1, 1, 0, 1, 0, 2, 1);
INSERT INTO core_accessrule (id, organization_id, branch_id, stage, action_type, is_payment_order_signer, is_active, entity_type, post_id, min_signatures, auto_advance, is_final_stage, stage_order, triggers_payment_order, created_by_id, min_level) VALUES (5508, 7, 1, 'HQ_OPS_PENDING', 'HQ_OPS_PENDING', 0.0, 1.0, 'REPORTS', 19, 1, 1, 0, 1, 0, 2, 1);
INSERT INTO core_accessrule (id, organization_id, branch_id, stage, action_type, is_payment_order_signer, is_active, entity_type, post_id, min_signatures, auto_advance, is_final_stage, stage_order, triggers_payment_order, created_by_id, min_level) VALUES (5509, 7, 1, 'HQ_OPS_APPROVED', 'HQ_OPS_APPROVED', 0.0, 1.0, 'REPORTS', 19, 1, 1, 0, 1, 0, 2, 1);
INSERT INTO core_accessrule (id, organization_id, branch_id, stage, action_type, is_payment_order_signer, is_active, entity_type, post_id, min_signatures, auto_advance, is_final_stage, stage_order, triggers_payment_order, created_by_id, min_level) VALUES (5510, 7, 1, 'HQ_FIN_PENDING', 'HQ_FIN_PENDING', 0.0, 1.0, 'REPORTS', 19, 1, 1, 0, 1, 0, 2, 1);
INSERT INTO core_accessrule (id, organization_id, branch_id, stage, action_type, is_payment_order_signer, is_active, entity_type, post_id, min_signatures, auto_advance, is_final_stage, stage_order, triggers_payment_order, created_by_id, min_level) VALUES (5511, 7, 1, 'DRAFT', 'DRAFT', 0.0, 1.0, 'GENERAL', 19, 1, 1, 0, 1, 0, 2, 1);
INSERT INTO core_accessrule (id, organization_id, branch_id, stage, action_type, is_payment_order_signer, is_active, entity_type, post_id, min_signatures, auto_advance, is_final_stage, stage_order, triggers_payment_order, created_by_id, min_level) VALUES (5512, 7, 1, 'PENDING', 'PENDING', 0.0, 1.0, 'GENERAL', 19, 1, 1, 0, 1, 0, 2, 1);
INSERT INTO core_accessrule (id, organization_id, branch_id, stage, action_type, is_payment_order_signer, is_active, entity_type, post_id, min_signatures, auto_advance, is_final_stage, stage_order, triggers_payment_order, created_by_id, min_level) VALUES (5513, 7, 1, 'APPROVE', 'APPROVE', 0.0, 1.0, 'GENERAL', 19, 1, 1, 0, 1, 0, 2, 1);
INSERT INTO core_accessrule (id, organization_id, branch_id, stage, action_type, is_payment_order_signer, is_active, entity_type, post_id, min_signatures, auto_advance, is_final_stage, stage_order, triggers_payment_order, created_by_id, min_level) VALUES (5514, 7, 1, 'REJECT', 'REJECT', 0.0, 1.0, 'GENERAL', 19, 1, 1, 0, 1, 0, 2, 1);
INSERT INTO core_accessrule (id, organization_id, branch_id, stage, action_type, is_payment_order_signer, is_active, entity_type, post_id, min_signatures, auto_advance, is_final_stage, stage_order, triggers_payment_order, created_by_id, min_level) VALUES (5515, 7, 1, 'STAGE_CHANGE', 'STAGE_CHANGE', 0.0, 1.0, 'GENERAL', 19, 1, 1, 0, 1, 0, 2, 1);
INSERT INTO core_accessrule (id, organization_id, branch_id, stage, action_type, is_payment_order_signer, is_active, entity_type, post_id, min_signatures, auto_advance, is_final_stage, stage_order, triggers_payment_order, created_by_id, min_level) VALUES (5516, 7, 1, 'DELETE', 'DELETE', 0.0, 1.0, 'GENERAL', 19, 1, 1, 0, 1, 0, 2, 1);
INSERT INTO core_accessrule (id, organization_id, branch_id, stage, action_type, is_payment_order_signer, is_active, entity_type, post_id, min_signatures, auto_advance, is_final_stage, stage_order, triggers_payment_order, created_by_id, min_level) VALUES (5517, 7, 1, 'CREATE', 'CREATE', 0.0, 1.0, 'GENERAL', 19, 1, 1, 0, 1, 0, 2, 1);
INSERT INTO core_accessrule (id, organization_id, branch_id, stage, action_type, is_payment_order_signer, is_active, entity_type, post_id, min_signatures, auto_advance, is_final_stage, stage_order, triggers_payment_order, created_by_id, min_level) VALUES (5518, 7, 1, 'EDIT', 'EDIT', 0.0, 1.0, 'GENERAL', 19, 1, 1, 0, 1, 0, 2, 1);
INSERT INTO core_accessrule (id, organization_id, branch_id, stage, action_type, is_payment_order_signer, is_active, entity_type, post_id, min_signatures, auto_advance, is_final_stage, stage_order, triggers_payment_order, created_by_id, min_level) VALUES (5519, 7, 1, 'VIEW', 'VIEW', 0.0, 1.0, 'GENERAL', 19, 1, 1, 0, 1, 0, 2, 1);
INSERT INTO core_accessrule (id, organization_id, branch_id, stage, action_type, is_payment_order_signer, is_active, entity_type, post_id, min_signatures, auto_advance, is_final_stage, stage_order, triggers_payment_order, created_by_id, min_level) VALUES (5520, 7, 1, 'PAID', 'PAID', 0.0, 1.0, 'GENERAL', 19, 1, 1, 0, 1, 0, 2, 1);
INSERT INTO core_accessrule (id, organization_id, branch_id, stage, action_type, is_payment_order_signer, is_active, entity_type, post_id, min_signatures, auto_advance, is_final_stage, stage_order, triggers_payment_order, created_by_id, min_level) VALUES (5521, 7, 1, 'PARTIAL', 'PARTIAL', 0.0, 1.0, 'GENERAL', 19, 1, 1, 0, 1, 0, 2, 1);
INSERT INTO core_accessrule (id, organization_id, branch_id, stage, action_type, is_payment_order_signer, is_active, entity_type, post_id, min_signatures, auto_advance, is_final_stage, stage_order, triggers_payment_order, created_by_id, min_level) VALUES (5522, 7, 1, 'PENDING_APPROVAL', 'PENDING_APPROVAL', 0.0, 1.0, 'GENERAL', 19, 1, 1, 0, 1, 0, 2, 1);
INSERT INTO core_accessrule (id, organization_id, branch_id, stage, action_type, is_payment_order_signer, is_active, entity_type, post_id, min_signatures, auto_advance, is_final_stage, stage_order, triggers_payment_order, created_by_id, min_level) VALUES (5523, 7, 1, 'APPROVED_INTERMEDIATE', 'APPROVED_INTERMEDIATE', 0.0, 1.0, 'GENERAL', 19, 1, 1, 0, 1, 0, 2, 1);
INSERT INTO core_accessrule (id, organization_id, branch_id, stage, action_type, is_payment_order_signer, is_active, entity_type, post_id, min_signatures, auto_advance, is_final_stage, stage_order, triggers_payment_order, created_by_id, min_level) VALUES (5524, 7, 1, 'APPROVED_FINAL', 'APPROVED_FINAL', 0.0, 1.0, 'GENERAL', 19, 1, 1, 0, 1, 0, 2, 1);
INSERT INTO core_accessrule (id, organization_id, branch_id, stage, action_type, is_payment_order_signer, is_active, entity_type, post_id, min_signatures, auto_advance, is_final_stage, stage_order, triggers_payment_order, created_by_id, min_level) VALUES (5525, 7, 1, 'SIGN_PAYMENT', 'SIGN_PAYMENT', 0.0, 1.0, 'GENERAL', 19, 1, 1, 0, 1, 0, 2, 1);
INSERT INTO core_accessrule (id, organization_id, branch_id, stage, action_type, is_payment_order_signer, is_active, entity_type, post_id, min_signatures, auto_advance, is_final_stage, stage_order, triggers_payment_order, created_by_id, min_level) VALUES (5526, 7, 1, 'SENT_TO_HQ', 'SENT_TO_HQ', 0.0, 1.0, 'GENERAL', 19, 1, 1, 0, 1, 0, 2, 1);
INSERT INTO core_accessrule (id, organization_id, branch_id, stage, action_type, is_payment_order_signer, is_active, entity_type, post_id, min_signatures, auto_advance, is_final_stage, stage_order, triggers_payment_order, created_by_id, min_level) VALUES (5527, 7, 1, 'HQ_OPS_PENDING', 'HQ_OPS_PENDING', 0.0, 1.0, 'GENERAL', 19, 1, 1, 0, 1, 0, 2, 1);
INSERT INTO core_accessrule (id, organization_id, branch_id, stage, action_type, is_payment_order_signer, is_active, entity_type, post_id, min_signatures, auto_advance, is_final_stage, stage_order, triggers_payment_order, created_by_id, min_level) VALUES (5528, 7, 1, 'HQ_OPS_APPROVED', 'HQ_OPS_APPROVED', 0.0, 1.0, 'GENERAL', 19, 1, 1, 0, 1, 0, 2, 1);
INSERT INTO core_accessrule (id, organization_id, branch_id, stage, action_type, is_payment_order_signer, is_active, entity_type, post_id, min_signatures, auto_advance, is_final_stage, stage_order, triggers_payment_order, created_by_id, min_level) VALUES (5529, 7, 1, 'HQ_FIN_PENDING', 'HQ_FIN_PENDING', 0.0, 1.0, 'GENERAL', 19, 1, 1, 0, 1, 0, 2, 1);
INSERT INTO core_accessrule (id, organization_id, branch_id, stage, action_type, is_payment_order_signer, is_active, entity_type, post_id, min_signatures, auto_advance, is_final_stage, stage_order, triggers_payment_order, created_by_id, min_level) VALUES (5530, 7, 1, 'DRAFT', 'DRAFT', 0.0, 1.0, 'BUDGET', 8, 1, 1, 0, 1, 0, 2, 2);
INSERT INTO core_accessrule (id, organization_id, branch_id, stage, action_type, is_payment_order_signer, is_active, entity_type, post_id, min_signatures, auto_advance, is_final_stage, stage_order, triggers_payment_order, created_by_id, min_level) VALUES (5531, 7, 1, 'PENDING', 'PENDING', 0.0, 1.0, 'BUDGET', 8, 1, 1, 0, 1, 0, 2, 2);
INSERT INTO core_accessrule (id, organization_id, branch_id, stage, action_type, is_payment_order_signer, is_active, entity_type, post_id, min_signatures, auto_advance, is_final_stage, stage_order, triggers_payment_order, created_by_id, min_level) VALUES (5534, 7, 1, 'STAGE_CHANGE', 'STAGE_CHANGE', 0.0, 1.0, 'BUDGET', 8, 1, 1, 0, 1, 0, 2, 2);
INSERT INTO core_accessrule (id, organization_id, branch_id, stage, action_type, is_payment_order_signer, is_active, entity_type, post_id, min_signatures, auto_advance, is_final_stage, stage_order, triggers_payment_order, created_by_id, min_level) VALUES (5535, 7, 1, 'DELETE', 'DELETE', 0.0, 1.0, 'BUDGET', 8, 1, 1, 0, 1, 0, 2, 2);
INSERT INTO core_accessrule (id, organization_id, branch_id, stage, action_type, is_payment_order_signer, is_active, entity_type, post_id, min_signatures, auto_advance, is_final_stage, stage_order, triggers_payment_order, created_by_id, min_level) VALUES (5536, 7, 1, 'CREATE', 'CREATE', 0.0, 1.0, 'BUDGET', 8, 1, 1, 0, 1, 0, 2, 2);
INSERT INTO core_accessrule (id, organization_id, branch_id, stage, action_type, is_payment_order_signer, is_active, entity_type, post_id, min_signatures, auto_advance, is_final_stage, stage_order, triggers_payment_order, created_by_id, min_level) VALUES (5537, 7, 1, 'EDIT', 'EDIT', 0.0, 1.0, 'BUDGET', 8, 1, 1, 0, 1, 0, 2, 2);
INSERT INTO core_accessrule (id, organization_id, branch_id, stage, action_type, is_payment_order_signer, is_active, entity_type, post_id, min_signatures, auto_advance, is_final_stage, stage_order, triggers_payment_order, created_by_id, min_level) VALUES (5538, 7, 1, 'VIEW', 'VIEW', 0.0, 1.0, 'BUDGET', 8, 1, 1, 0, 1, 0, 2, 2);
INSERT INTO core_accessrule (id, organization_id, branch_id, stage, action_type, is_payment_order_signer, is_active, entity_type, post_id, min_signatures, auto_advance, is_final_stage, stage_order, triggers_payment_order, created_by_id, min_level) VALUES (5539, 7, 1, 'PAID', 'PAID', 0.0, 1.0, 'BUDGET', 8, 1, 1, 0, 1, 0, 2, 2);
INSERT INTO core_accessrule (id, organization_id, branch_id, stage, action_type, is_payment_order_signer, is_active, entity_type, post_id, min_signatures, auto_advance, is_final_stage, stage_order, triggers_payment_order, created_by_id, min_level) VALUES (5540, 7, 1, 'PARTIAL', 'PARTIAL', 0.0, 1.0, 'BUDGET', 8, 1, 1, 0, 1, 0, 2, 2);
INSERT INTO core_accessrule (id, organization_id, branch_id, stage, action_type, is_payment_order_signer, is_active, entity_type, post_id, min_signatures, auto_advance, is_final_stage, stage_order, triggers_payment_order, created_by_id, min_level) VALUES (5541, 7, 1, 'PENDING_APPROVAL', 'PENDING_APPROVAL', 0.0, 1.0, 'BUDGET', 8, 1, 1, 0, 1, 0, 2, 2);
INSERT INTO core_accessrule (id, organization_id, branch_id, stage, action_type, is_payment_order_signer, is_active, entity_type, post_id, min_signatures, auto_advance, is_final_stage, stage_order, triggers_payment_order, created_by_id, min_level) VALUES (5542, 7, 1, 'APPROVED_INTERMEDIATE', 'APPROVED_INTERMEDIATE', 0.0, 1.0, 'BUDGET', 8, 1, 1, 0, 1, 0, 2, 2);
INSERT INTO core_accessrule (id, organization_id, branch_id, stage, action_type, is_payment_order_signer, is_active, entity_type, post_id, min_signatures, auto_advance, is_final_stage, stage_order, triggers_payment_order, created_by_id, min_level) VALUES (5543, 7, 1, 'APPROVED_FINAL', 'APPROVED_FINAL', 0.0, 1.0, 'BUDGET', 8, 1, 1, 0, 1, 0, 2, 2);
INSERT INTO core_accessrule (id, organization_id, branch_id, stage, action_type, is_payment_order_signer, is_active, entity_type, post_id, min_signatures, auto_advance, is_final_stage, stage_order, triggers_payment_order, created_by_id, min_level) VALUES (5544, 7, 1, 'SIGN_PAYMENT', 'SIGN_PAYMENT', 0.0, 1.0, 'BUDGET', 8, 1, 1, 0, 1, 0, 2, 2);
INSERT INTO core_accessrule (id, organization_id, branch_id, stage, action_type, is_payment_order_signer, is_active, entity_type, post_id, min_signatures, auto_advance, is_final_stage, stage_order, triggers_payment_order, created_by_id, min_level) VALUES (5545, 7, 1, 'SENT_TO_HQ', 'SENT_TO_HQ', 0.0, 1.0, 'BUDGET', 8, 1, 1, 0, 1, 0, 2, 2);
INSERT INTO core_accessrule (id, organization_id, branch_id, stage, action_type, is_payment_order_signer, is_active, entity_type, post_id, min_signatures, auto_advance, is_final_stage, stage_order, triggers_payment_order, created_by_id, min_level) VALUES (5546, 7, 1, 'HQ_OPS_PENDING', 'HQ_OPS_PENDING', 0.0, 1.0, 'BUDGET', 8, 1, 1, 0, 1, 0, 2, 2);
INSERT INTO core_accessrule (id, organization_id, branch_id, stage, action_type, is_payment_order_signer, is_active, entity_type, post_id, min_signatures, auto_advance, is_final_stage, stage_order, triggers_payment_order, created_by_id, min_level) VALUES (5547, 7, 1, 'HQ_OPS_APPROVED', 'HQ_OPS_APPROVED', 0.0, 1.0, 'BUDGET', 8, 1, 1, 0, 1, 0, 2, 2);
INSERT INTO core_accessrule (id, organization_id, branch_id, stage, action_type, is_payment_order_signer, is_active, entity_type, post_id, min_signatures, auto_advance, is_final_stage, stage_order, triggers_payment_order, created_by_id, min_level) VALUES (5548, 7, 1, 'HQ_FIN_PENDING', 'HQ_FIN_PENDING', 0.0, 1.0, 'BUDGET', 8, 1, 1, 0, 1, 0, 2, 2);
INSERT INTO core_accessrule (id, organization_id, branch_id, stage, action_type, is_payment_order_signer, is_active, entity_type, post_id, min_signatures, auto_advance, is_final_stage, stage_order, triggers_payment_order, created_by_id, min_level) VALUES (5549, 7, 1, 'DRAFT', 'DRAFT', 0.0, 1.0, 'REPORTS', 8, 1, 1, 0, 1, 0, 2, 2);
INSERT INTO core_accessrule (id, organization_id, branch_id, stage, action_type, is_payment_order_signer, is_active, entity_type, post_id, min_signatures, auto_advance, is_final_stage, stage_order, triggers_payment_order, created_by_id, min_level) VALUES (5550, 7, 1, 'PENDING', 'PENDING', 0.0, 1.0, 'REPORTS', 8, 1, 1, 0, 1, 0, 2, 2);
INSERT INTO core_accessrule (id, organization_id, branch_id, stage, action_type, is_payment_order_signer, is_active, entity_type, post_id, min_signatures, auto_advance, is_final_stage, stage_order, triggers_payment_order, created_by_id, min_level) VALUES (5551, 7, 1, 'APPROVE', 'APPROVE', 0.0, 1.0, 'REPORTS', 8, 1, 1, 0, 1, 0, 2, 2);
INSERT INTO core_accessrule (id, organization_id, branch_id, stage, action_type, is_payment_order_signer, is_active, entity_type, post_id, min_signatures, auto_advance, is_final_stage, stage_order, triggers_payment_order, created_by_id, min_level) VALUES (5552, 7, 1, 'REJECT', 'REJECT', 0.0, 1.0, 'REPORTS', 8, 1, 1, 0, 1, 0, 2, 2);
INSERT INTO core_accessrule (id, organization_id, branch_id, stage, action_type, is_payment_order_signer, is_active, entity_type, post_id, min_signatures, auto_advance, is_final_stage, stage_order, triggers_payment_order, created_by_id, min_level) VALUES (5553, 7, 1, 'STAGE_CHANGE', 'STAGE_CHANGE', 0.0, 1.0, 'REPORTS', 8, 1, 1, 0, 1, 0, 2, 2);
INSERT INTO core_accessrule (id, organization_id, branch_id, stage, action_type, is_payment_order_signer, is_active, entity_type, post_id, min_signatures, auto_advance, is_final_stage, stage_order, triggers_payment_order, created_by_id, min_level) VALUES (5554, 7, 1, 'DELETE', 'DELETE', 0.0, 1.0, 'REPORTS', 8, 1, 1, 0, 1, 0, 2, 2);
INSERT INTO core_accessrule (id, organization_id, branch_id, stage, action_type, is_payment_order_signer, is_active, entity_type, post_id, min_signatures, auto_advance, is_final_stage, stage_order, triggers_payment_order, created_by_id, min_level) VALUES (5555, 7, 1, 'CREATE', 'CREATE', 0.0, 1.0, 'REPORTS', 8, 1, 1, 0, 1, 0, 2, 2);
INSERT INTO core_accessrule (id, organization_id, branch_id, stage, action_type, is_payment_order_signer, is_active, entity_type, post_id, min_signatures, auto_advance, is_final_stage, stage_order, triggers_payment_order, created_by_id, min_level) VALUES (5556, 7, 1, 'EDIT', 'EDIT', 0.0, 1.0, 'REPORTS', 8, 1, 1, 0, 1, 0, 2, 2);
INSERT INTO core_accessrule (id, organization_id, branch_id, stage, action_type, is_payment_order_signer, is_active, entity_type, post_id, min_signatures, auto_advance, is_final_stage, stage_order, triggers_payment_order, created_by_id, min_level) VALUES (5557, 7, 1, 'VIEW', 'VIEW', 0.0, 1.0, 'REPORTS', 8, 1, 1, 0, 1, 0, 2, 2);
INSERT INTO core_accessrule (id, organization_id, branch_id, stage, action_type, is_payment_order_signer, is_active, entity_type, post_id, min_signatures, auto_advance, is_final_stage, stage_order, triggers_payment_order, created_by_id, min_level) VALUES (5558, 7, 1, 'PAID', 'PAID', 0.0, 1.0, 'REPORTS', 8, 1, 1, 0, 1, 0, 2, 2);
INSERT INTO core_accessrule (id, organization_id, branch_id, stage, action_type, is_payment_order_signer, is_active, entity_type, post_id, min_signatures, auto_advance, is_final_stage, stage_order, triggers_payment_order, created_by_id, min_level) VALUES (5559, 7, 1, 'PARTIAL', 'PARTIAL', 0.0, 1.0, 'REPORTS', 8, 1, 1, 0, 1, 0, 2, 2);
INSERT INTO core_accessrule (id, organization_id, branch_id, stage, action_type, is_payment_order_signer, is_active, entity_type, post_id, min_signatures, auto_advance, is_final_stage, stage_order, triggers_payment_order, created_by_id, min_level) VALUES (5560, 7, 1, 'PENDING_APPROVAL', 'PENDING_APPROVAL', 0.0, 1.0, 'REPORTS', 8, 1, 1, 0, 1, 0, 2, 2);
INSERT INTO core_accessrule (id, organization_id, branch_id, stage, action_type, is_payment_order_signer, is_active, entity_type, post_id, min_signatures, auto_advance, is_final_stage, stage_order, triggers_payment_order, created_by_id, min_level) VALUES (5561, 7, 1, 'APPROVED_INTERMEDIATE', 'APPROVED_INTERMEDIATE', 0.0, 1.0, 'REPORTS', 8, 1, 1, 0, 1, 0, 2, 2);
INSERT INTO core_accessrule (id, organization_id, branch_id, stage, action_type, is_payment_order_signer, is_active, entity_type, post_id, min_signatures, auto_advance, is_final_stage, stage_order, triggers_payment_order, created_by_id, min_level) VALUES (5562, 7, 1, 'APPROVED_FINAL', 'APPROVED_FINAL', 0.0, 1.0, 'REPORTS', 8, 1, 1, 0, 1, 0, 2, 2);
INSERT INTO core_accessrule (id, organization_id, branch_id, stage, action_type, is_payment_order_signer, is_active, entity_type, post_id, min_signatures, auto_advance, is_final_stage, stage_order, triggers_payment_order, created_by_id, min_level) VALUES (5563, 7, 1, 'SIGN_PAYMENT', 'SIGN_PAYMENT', 0.0, 1.0, 'REPORTS', 8, 1, 1, 0, 1, 0, 2, 2);
INSERT INTO core_accessrule (id, organization_id, branch_id, stage, action_type, is_payment_order_signer, is_active, entity_type, post_id, min_signatures, auto_advance, is_final_stage, stage_order, triggers_payment_order, created_by_id, min_level) VALUES (5564, 7, 1, 'SENT_TO_HQ', 'SENT_TO_HQ', 0.0, 1.0, 'REPORTS', 8, 1, 1, 0, 1, 0, 2, 2);
INSERT INTO core_accessrule (id, organization_id, branch_id, stage, action_type, is_payment_order_signer, is_active, entity_type, post_id, min_signatures, auto_advance, is_final_stage, stage_order, triggers_payment_order, created_by_id, min_level) VALUES (5565, 7, 1, 'HQ_OPS_PENDING', 'HQ_OPS_PENDING', 0.0, 1.0, 'REPORTS', 8, 1, 1, 0, 1, 0, 2, 2);
INSERT INTO core_accessrule (id, organization_id, branch_id, stage, action_type, is_payment_order_signer, is_active, entity_type, post_id, min_signatures, auto_advance, is_final_stage, stage_order, triggers_payment_order, created_by_id, min_level) VALUES (5566, 7, 1, 'HQ_OPS_APPROVED', 'HQ_OPS_APPROVED', 0.0, 1.0, 'REPORTS', 8, 1, 1, 0, 1, 0, 2, 2);
INSERT INTO core_accessrule (id, organization_id, branch_id, stage, action_type, is_payment_order_signer, is_active, entity_type, post_id, min_signatures, auto_advance, is_final_stage, stage_order, triggers_payment_order, created_by_id, min_level) VALUES (5567, 7, 1, 'HQ_FIN_PENDING', 'HQ_FIN_PENDING', 0.0, 1.0, 'REPORTS', 8, 1, 1, 0, 1, 0, 2, 2);
INSERT INTO core_accessrule (id, organization_id, branch_id, stage, action_type, is_payment_order_signer, is_active, entity_type, post_id, min_signatures, auto_advance, is_final_stage, stage_order, triggers_payment_order, created_by_id, min_level) VALUES (5568, 7, 1, 'DRAFT', 'DRAFT', 0.0, 1.0, 'GENERAL', 8, 1, 1, 0, 1, 0, 2, 2);
INSERT INTO core_accessrule (id, organization_id, branch_id, stage, action_type, is_payment_order_signer, is_active, entity_type, post_id, min_signatures, auto_advance, is_final_stage, stage_order, triggers_payment_order, created_by_id, min_level) VALUES (5569, 7, 1, 'PENDING', 'PENDING', 0.0, 1.0, 'GENERAL', 8, 1, 1, 0, 1, 0, 2, 2);
INSERT INTO core_accessrule (id, organization_id, branch_id, stage, action_type, is_payment_order_signer, is_active, entity_type, post_id, min_signatures, auto_advance, is_final_stage, stage_order, triggers_payment_order, created_by_id, min_level) VALUES (5570, 7, 1, 'APPROVE', 'APPROVE', 0.0, 1.0, 'GENERAL', 8, 1, 1, 0, 1, 0, 2, 2);
INSERT INTO core_accessrule (id, organization_id, branch_id, stage, action_type, is_payment_order_signer, is_active, entity_type, post_id, min_signatures, auto_advance, is_final_stage, stage_order, triggers_payment_order, created_by_id, min_level) VALUES (5571, 7, 1, 'REJECT', 'REJECT', 0.0, 1.0, 'GENERAL', 8, 1, 1, 0, 1, 0, 2, 2);
INSERT INTO core_accessrule (id, organization_id, branch_id, stage, action_type, is_payment_order_signer, is_active, entity_type, post_id, min_signatures, auto_advance, is_final_stage, stage_order, triggers_payment_order, created_by_id, min_level) VALUES (5572, 7, 1, 'STAGE_CHANGE', 'STAGE_CHANGE', 0.0, 1.0, 'GENERAL', 8, 1, 1, 0, 1, 0, 2, 2);
INSERT INTO core_accessrule (id, organization_id, branch_id, stage, action_type, is_payment_order_signer, is_active, entity_type, post_id, min_signatures, auto_advance, is_final_stage, stage_order, triggers_payment_order, created_by_id, min_level) VALUES (5573, 7, 1, 'DELETE', 'DELETE', 0.0, 1.0, 'GENERAL', 8, 1, 1, 0, 1, 0, 2, 2);
INSERT INTO core_accessrule (id, organization_id, branch_id, stage, action_type, is_payment_order_signer, is_active, entity_type, post_id, min_signatures, auto_advance, is_final_stage, stage_order, triggers_payment_order, created_by_id, min_level) VALUES (5574, 7, 1, 'CREATE', 'CREATE', 0.0, 1.0, 'GENERAL', 8, 1, 1, 0, 1, 0, 2, 2);
INSERT INTO core_accessrule (id, organization_id, branch_id, stage, action_type, is_payment_order_signer, is_active, entity_type, post_id, min_signatures, auto_advance, is_final_stage, stage_order, triggers_payment_order, created_by_id, min_level) VALUES (5575, 7, 1, 'EDIT', 'EDIT', 0.0, 1.0, 'GENERAL', 8, 1, 1, 0, 1, 0, 2, 2);
INSERT INTO core_accessrule (id, organization_id, branch_id, stage, action_type, is_payment_order_signer, is_active, entity_type, post_id, min_signatures, auto_advance, is_final_stage, stage_order, triggers_payment_order, created_by_id, min_level) VALUES (5576, 7, 1, 'VIEW', 'VIEW', 0.0, 1.0, 'GENERAL', 8, 1, 1, 0, 1, 0, 2, 2);
INSERT INTO core_accessrule (id, organization_id, branch_id, stage, action_type, is_payment_order_signer, is_active, entity_type, post_id, min_signatures, auto_advance, is_final_stage, stage_order, triggers_payment_order, created_by_id, min_level) VALUES (5577, 7, 1, 'PAID', 'PAID', 0.0, 1.0, 'GENERAL', 8, 1, 1, 0, 1, 0, 2, 2);
INSERT INTO core_accessrule (id, organization_id, branch_id, stage, action_type, is_payment_order_signer, is_active, entity_type, post_id, min_signatures, auto_advance, is_final_stage, stage_order, triggers_payment_order, created_by_id, min_level) VALUES (5578, 7, 1, 'PARTIAL', 'PARTIAL', 0.0, 1.0, 'GENERAL', 8, 1, 1, 0, 1, 0, 2, 2);
INSERT INTO core_accessrule (id, organization_id, branch_id, stage, action_type, is_payment_order_signer, is_active, entity_type, post_id, min_signatures, auto_advance, is_final_stage, stage_order, triggers_payment_order, created_by_id, min_level) VALUES (5579, 7, 1, 'PENDING_APPROVAL', 'PENDING_APPROVAL', 0.0, 1.0, 'GENERAL', 8, 1, 1, 0, 1, 0, 2, 2);
INSERT INTO core_accessrule (id, organization_id, branch_id, stage, action_type, is_payment_order_signer, is_active, entity_type, post_id, min_signatures, auto_advance, is_final_stage, stage_order, triggers_payment_order, created_by_id, min_level) VALUES (5580, 7, 1, 'APPROVED_INTERMEDIATE', 'APPROVED_INTERMEDIATE', 0.0, 1.0, 'GENERAL', 8, 1, 1, 0, 1, 0, 2, 2);
INSERT INTO core_accessrule (id, organization_id, branch_id, stage, action_type, is_payment_order_signer, is_active, entity_type, post_id, min_signatures, auto_advance, is_final_stage, stage_order, triggers_payment_order, created_by_id, min_level) VALUES (5581, 7, 1, 'APPROVED_FINAL', 'APPROVED_FINAL', 0.0, 1.0, 'GENERAL', 8, 1, 1, 0, 1, 0, 2, 2);
INSERT INTO core_accessrule (id, organization_id, branch_id, stage, action_type, is_payment_order_signer, is_active, entity_type, post_id, min_signatures, auto_advance, is_final_stage, stage_order, triggers_payment_order, created_by_id, min_level) VALUES (5582, 7, 1, 'SIGN_PAYMENT', 'SIGN_PAYMENT', 0.0, 1.0, 'GENERAL', 8, 1, 1, 0, 1, 0, 2, 2);
INSERT INTO core_accessrule (id, organization_id, branch_id, stage, action_type, is_payment_order_signer, is_active, entity_type, post_id, min_signatures, auto_advance, is_final_stage, stage_order, triggers_payment_order, created_by_id, min_level) VALUES (5583, 7, 1, 'SENT_TO_HQ', 'SENT_TO_HQ', 0.0, 1.0, 'GENERAL', 8, 1, 1, 0, 1, 0, 2, 2);
INSERT INTO core_accessrule (id, organization_id, branch_id, stage, action_type, is_payment_order_signer, is_active, entity_type, post_id, min_signatures, auto_advance, is_final_stage, stage_order, triggers_payment_order, created_by_id, min_level) VALUES (5584, 7, 1, 'HQ_OPS_PENDING', 'HQ_OPS_PENDING', 0.0, 1.0, 'GENERAL', 8, 1, 1, 0, 1, 0, 2, 2);
INSERT INTO core_accessrule (id, organization_id, branch_id, stage, action_type, is_payment_order_signer, is_active, entity_type, post_id, min_signatures, auto_advance, is_final_stage, stage_order, triggers_payment_order, created_by_id, min_level) VALUES (5585, 7, 1, 'HQ_OPS_APPROVED', 'HQ_OPS_APPROVED', 0.0, 1.0, 'GENERAL', 8, 1, 1, 0, 1, 0, 2, 2);
INSERT INTO core_accessrule (id, organization_id, branch_id, stage, action_type, is_payment_order_signer, is_active, entity_type, post_id, min_signatures, auto_advance, is_final_stage, stage_order, triggers_payment_order, created_by_id, min_level) VALUES (5586, 7, 1, 'HQ_FIN_PENDING', 'HQ_FIN_PENDING', 0.0, 1.0, 'GENERAL', 8, 1, 1, 0, 1, 0, 2, 2);
INSERT INTO core_accessrule (id, organization_id, branch_id, stage, action_type, is_payment_order_signer, is_active, entity_type, post_id, min_signatures, auto_advance, is_final_stage, stage_order, triggers_payment_order, created_by_id, min_level) VALUES (5587, 7, 1, 'PENDING', 'PENDING', 0.0, 1.0, 'FACTOR', 1, 1, 1, 0, 1, 0, 2, 2);
INSERT INTO core_accessrule (id, organization_id, branch_id, stage, action_type, is_payment_order_signer, is_active, entity_type, post_id, min_signatures, auto_advance, is_final_stage, stage_order, triggers_payment_order, created_by_id, min_level) VALUES (5590, 7, 1, 'STAGE_CHANGE', 'STAGE_CHANGE', 0.0, 1.0, 'FACTOR', 1, 1, 1, 0, 1, 0, 2, 2);
INSERT INTO core_accessrule (id, organization_id, branch_id, stage, action_type, is_payment_order_signer, is_active, entity_type, post_id, min_signatures, auto_advance, is_final_stage, stage_order, triggers_payment_order, created_by_id, min_level) VALUES (5591, 7, 1, 'CREATE', 'CREATE', 0.0, 1.0, 'FACTOR', 1, 1, 1, 0, 1, 0, 2, 2);
INSERT INTO core_accessrule (id, organization_id, branch_id, stage, action_type, is_payment_order_signer, is_active, entity_type, post_id, min_signatures, auto_advance, is_final_stage, stage_order, triggers_payment_order, created_by_id, min_level) VALUES (5592, 7, 1, 'EDIT', 'EDIT', 0.0, 1.0, 'FACTOR', 1, 1, 1, 0, 1, 0, 2, 2);
INSERT INTO core_accessrule (id, organization_id, branch_id, stage, action_type, is_payment_order_signer, is_active, entity_type, post_id, min_signatures, auto_advance, is_final_stage, stage_order, triggers_payment_order, created_by_id, min_level) VALUES (5593, 7, 1, 'VIEW', 'VIEW', 0.0, 1.0, 'FACTOR', 1, 1, 1, 0, 1, 0, 2, 2);
INSERT INTO core_accessrule (id, organization_id, branch_id, stage, action_type, is_payment_order_signer, is_active, entity_type, post_id, min_signatures, auto_advance, is_final_stage, stage_order, triggers_payment_order, created_by_id, min_level) VALUES (5594, 7, 1, 'PAID', 'PAID', 0.0, 1.0, 'FACTOR', 1, 1, 1, 0, 1, 0, 2, 2);
INSERT INTO core_accessrule (id, organization_id, branch_id, stage, action_type, is_payment_order_signer, is_active, entity_type, post_id, min_signatures, auto_advance, is_final_stage, stage_order, triggers_payment_order, created_by_id, min_level) VALUES (5595, 7, 1, 'PARTIAL', 'PARTIAL', 0.0, 1.0, 'FACTOR', 1, 1, 1, 0, 1, 0, 2, 2);
INSERT INTO core_accessrule (id, organization_id, branch_id, stage, action_type, is_payment_order_signer, is_active, entity_type, post_id, min_signatures, auto_advance, is_final_stage, stage_order, triggers_payment_order, created_by_id, min_level) VALUES (5596, 7, 1, 'PENDING_APPROVAL', 'PENDING_APPROVAL', 0.0, 1.0, 'FACTOR', 1, 1, 1, 0, 1, 0, 2, 2);
INSERT INTO core_accessrule (id, organization_id, branch_id, stage, action_type, is_payment_order_signer, is_active, entity_type, post_id, min_signatures, auto_advance, is_final_stage, stage_order, triggers_payment_order, created_by_id, min_level) VALUES (5597, 7, 1, 'APPROVED_INTERMEDIATE', 'APPROVED_INTERMEDIATE', 0.0, 1.0, 'FACTOR', 1, 1, 1, 0, 1, 0, 2, 2);
INSERT INTO core_accessrule (id, organization_id, branch_id, stage, action_type, is_payment_order_signer, is_active, entity_type, post_id, min_signatures, auto_advance, is_final_stage, stage_order, triggers_payment_order, created_by_id, min_level) VALUES (5598, 7, 1, 'APPROVED_FINAL', 'APPROVED_FINAL', 0.0, 1.0, 'FACTOR', 1, 1, 1, 0, 1, 0, 2, 2);
INSERT INTO core_accessrule (id, organization_id, branch_id, stage, action_type, is_payment_order_signer, is_active, entity_type, post_id, min_signatures, auto_advance, is_final_stage, stage_order, triggers_payment_order, created_by_id, min_level) VALUES (5599, 7, 1, 'SIGN_PAYMENT', 'SIGN_PAYMENT', 0.0, 1.0, 'FACTOR', 1, 1, 1, 0, 1, 0, 2, 2);
INSERT INTO core_accessrule (id, organization_id, branch_id, stage, action_type, is_payment_order_signer, is_active, entity_type, post_id, min_signatures, auto_advance, is_final_stage, stage_order, triggers_payment_order, created_by_id, min_level) VALUES (5600, 7, 1, 'SENT_TO_HQ', 'SENT_TO_HQ', 0.0, 1.0, 'FACTOR', 1, 1, 1, 0, 1, 0, 2, 2);
INSERT INTO core_accessrule (id, organization_id, branch_id, stage, action_type, is_payment_order_signer, is_active, entity_type, post_id, min_signatures, auto_advance, is_final_stage, stage_order, triggers_payment_order, created_by_id, min_level) VALUES (5601, 7, 1, 'HQ_OPS_PENDING', 'HQ_OPS_PENDING', 0.0, 1.0, 'FACTOR', 1, 1, 1, 0, 1, 0, 2, 2);
INSERT INTO core_accessrule (id, organization_id, branch_id, stage, action_type, is_payment_order_signer, is_active, entity_type, post_id, min_signatures, auto_advance, is_final_stage, stage_order, triggers_payment_order, created_by_id, min_level) VALUES (5602, 7, 1, 'HQ_OPS_APPROVED', 'HQ_OPS_APPROVED', 0.0, 1.0, 'FACTOR', 1, 1, 1, 0, 1, 0, 2, 2);
INSERT INTO core_accessrule (id, organization_id, branch_id, stage, action_type, is_payment_order_signer, is_active, entity_type, post_id, min_signatures, auto_advance, is_final_stage, stage_order, triggers_payment_order, created_by_id, min_level) VALUES (5603, 7, 1, 'HQ_FIN_PENDING', 'HQ_FIN_PENDING', 0.0, 1.0, 'FACTOR', 1, 1, 1, 0, 1, 0, 2, 2);
INSERT INTO core_accessrule (id, organization_id, branch_id, stage, action_type, is_payment_order_signer, is_active, entity_type, post_id, min_signatures, auto_advance, is_final_stage, stage_order, triggers_payment_order, created_by_id, min_level) VALUES (5606, 7, 1, 'STAGE_CHANGE', 'STAGE_CHANGE', 0.0, 1.0, 'FACTOR', 3, 1, 1, 0, 1, 0, 2, 3);
INSERT INTO core_accessrule (id, organization_id, branch_id, stage, action_type, is_payment_order_signer, is_active, entity_type, post_id, min_signatures, auto_advance, is_final_stage, stage_order, triggers_payment_order, created_by_id, min_level) VALUES (5607, 7, 1, 'VIEW', 'VIEW', 0.0, 1.0, 'FACTOR', 3, 1, 1, 0, 1, 0, 2, 3);
INSERT INTO core_accessrule (id, organization_id, branch_id, stage, action_type, is_payment_order_signer, is_active, entity_type, post_id, min_signatures, auto_advance, is_final_stage, stage_order, triggers_payment_order, created_by_id, min_level) VALUES (5608, 7, 1, 'PENDING_APPROVAL', 'PENDING_APPROVAL', 0.0, 1.0, 'FACTOR', 3, 1, 1, 0, 1, 0, 2, 3);
INSERT INTO core_accessrule (id, organization_id, branch_id, stage, action_type, is_payment_order_signer, is_active, entity_type, post_id, min_signatures, auto_advance, is_final_stage, stage_order, triggers_payment_order, created_by_id, min_level) VALUES (5609, 7, 1, 'APPROVED_INTERMEDIATE', 'APPROVED_INTERMEDIATE', 0.0, 1.0, 'FACTOR', 3, 1, 1, 0, 1, 0, 2, 3);
INSERT INTO core_accessrule (id, organization_id, branch_id, stage, action_type, is_payment_order_signer, is_active, entity_type, post_id, min_signatures, auto_advance, is_final_stage, stage_order, triggers_payment_order, created_by_id, min_level) VALUES (5610, 7, 1, 'APPROVED_FINAL', 'APPROVED_FINAL', 0.0, 1.0, 'FACTOR', 3, 1, 1, 0, 1, 0, 2, 3);
INSERT INTO core_accessrule (id, organization_id, branch_id, stage, action_type, is_payment_order_signer, is_active, entity_type, post_id, min_signatures, auto_advance, is_final_stage, stage_order, triggers_payment_order, created_by_id, min_level) VALUES (5611, 7, 1, 'HQ_OPS_PENDING', 'HQ_OPS_PENDING', 0.0, 1.0, 'FACTOR', 3, 1, 1, 0, 1, 0, 2, 3);
INSERT INTO core_accessrule (id, organization_id, branch_id, stage, action_type, is_payment_order_signer, is_active, entity_type, post_id, min_signatures, auto_advance, is_final_stage, stage_order, triggers_payment_order, created_by_id, min_level) VALUES (5612, 7, 1, 'DRAFT', 'DRAFT', 0.0, 1.0, 'FACTOR', 22, 1, 1, 0, 1, 0, 2, 3);
INSERT INTO core_accessrule (id, organization_id, branch_id, stage, action_type, is_payment_order_signer, is_active, entity_type, post_id, min_signatures, auto_advance, is_final_stage, stage_order, triggers_payment_order, created_by_id, min_level) VALUES (5613, 7, 1, 'PENDING', 'PENDING', 0.0, 1.0, 'FACTOR', 22, 1, 1, 0, 1, 0, 2, 3);
INSERT INTO core_accessrule (id, organization_id, branch_id, stage, action_type, is_payment_order_signer, is_active, entity_type, post_id, min_signatures, auto_advance, is_final_stage, stage_order, triggers_payment_order, created_by_id, min_level) VALUES (5616, 7, 1, 'STAGE_CHANGE', 'STAGE_CHANGE', 0.0, 1.0, 'FACTOR', 22, 1, 1, 0, 1, 0, 2, 3);
INSERT INTO core_accessrule (id, organization_id, branch_id, stage, action_type, is_payment_order_signer, is_active, entity_type, post_id, min_signatures, auto_advance, is_final_stage, stage_order, triggers_payment_order, created_by_id, min_level) VALUES (5617, 7, 1, 'DELETE', 'DELETE', 0.0, 1.0, 'FACTOR', 22, 1, 1, 0, 1, 0, 2, 3);
INSERT INTO core_accessrule (id, organization_id, branch_id, stage, action_type, is_payment_order_signer, is_active, entity_type, post_id, min_signatures, auto_advance, is_final_stage, stage_order, triggers_payment_order, created_by_id, min_level) VALUES (5618, 7, 1, 'CREATE', 'CREATE', 0.0, 1.0, 'FACTOR', 22, 1, 1, 0, 1, 0, 2, 3);
INSERT INTO core_accessrule (id, organization_id, branch_id, stage, action_type, is_payment_order_signer, is_active, entity_type, post_id, min_signatures, auto_advance, is_final_stage, stage_order, triggers_payment_order, created_by_id, min_level) VALUES (5619, 7, 1, 'EDIT', 'EDIT', 0.0, 1.0, 'FACTOR', 22, 1, 1, 0, 1, 0, 2, 3);
INSERT INTO core_accessrule (id, organization_id, branch_id, stage, action_type, is_payment_order_signer, is_active, entity_type, post_id, min_signatures, auto_advance, is_final_stage, stage_order, triggers_payment_order, created_by_id, min_level) VALUES (5620, 7, 1, 'VIEW', 'VIEW', 0.0, 1.0, 'FACTOR', 22, 1, 1, 0, 1, 0, 2, 3);
INSERT INTO core_accessrule (id, organization_id, branch_id, stage, action_type, is_payment_order_signer, is_active, entity_type, post_id, min_signatures, auto_advance, is_final_stage, stage_order, triggers_payment_order, created_by_id, min_level) VALUES (5621, 7, 1, 'PAID', 'PAID', 0.0, 1.0, 'FACTOR', 22, 1, 1, 0, 1, 0, 2, 3);
INSERT INTO core_accessrule (id, organization_id, branch_id, stage, action_type, is_payment_order_signer, is_active, entity_type, post_id, min_signatures, auto_advance, is_final_stage, stage_order, triggers_payment_order, created_by_id, min_level) VALUES (5622, 7, 1, 'PARTIAL', 'PARTIAL', 0.0, 1.0, 'FACTOR', 22, 1, 1, 0, 1, 0, 2, 3);
INSERT INTO core_accessrule (id, organization_id, branch_id, stage, action_type, is_payment_order_signer, is_active, entity_type, post_id, min_signatures, auto_advance, is_final_stage, stage_order, triggers_payment_order, created_by_id, min_level) VALUES (5623, 7, 1, 'PENDING_APPROVAL', 'PENDING_APPROVAL', 0.0, 1.0, 'FACTOR', 22, 1, 1, 0, 1, 0, 2, 3);
INSERT INTO core_accessrule (id, organization_id, branch_id, stage, action_type, is_payment_order_signer, is_active, entity_type, post_id, min_signatures, auto_advance, is_final_stage, stage_order, triggers_payment_order, created_by_id, min_level) VALUES (5624, 7, 1, 'APPROVED_INTERMEDIATE', 'APPROVED_INTERMEDIATE', 0.0, 1.0, 'FACTOR', 22, 1, 1, 0, 1, 0, 2, 3);
INSERT INTO core_accessrule (id, organization_id, branch_id, stage, action_type, is_payment_order_signer, is_active, entity_type, post_id, min_signatures, auto_advance, is_final_stage, stage_order, triggers_payment_order, created_by_id, min_level) VALUES (5625, 7, 1, 'APPROVED_FINAL', 'APPROVED_FINAL', 0.0, 1.0, 'FACTOR', 22, 1, 1, 0, 1, 0, 2, 3);
INSERT INTO core_accessrule (id, organization_id, branch_id, stage, action_type, is_payment_order_signer, is_active, entity_type, post_id, min_signatures, auto_advance, is_final_stage, stage_order, triggers_payment_order, created_by_id, min_level) VALUES (5626, 7, 1, 'SIGN_PAYMENT', 'SIGN_PAYMENT', 0.0, 1.0, 'FACTOR', 22, 1, 1, 0, 1, 0, 2, 3);
INSERT INTO core_accessrule (id, organization_id, branch_id, stage, action_type, is_payment_order_signer, is_active, entity_type, post_id, min_signatures, auto_advance, is_final_stage, stage_order, triggers_payment_order, created_by_id, min_level) VALUES (5627, 7, 1, 'SENT_TO_HQ', 'SENT_TO_HQ', 0.0, 1.0, 'FACTOR', 22, 1, 1, 0, 1, 0, 2, 3);
INSERT INTO core_accessrule (id, organization_id, branch_id, stage, action_type, is_payment_order_signer, is_active, entity_type, post_id, min_signatures, auto_advance, is_final_stage, stage_order, triggers_payment_order, created_by_id, min_level) VALUES (5628, 7, 1, 'HQ_OPS_PENDING', 'HQ_OPS_PENDING', 0.0, 1.0, 'FACTOR', 22, 1, 1, 0, 1, 0, 2, 3);
INSERT INTO core_accessrule (id, organization_id, branch_id, stage, action_type, is_payment_order_signer, is_active, entity_type, post_id, min_signatures, auto_advance, is_final_stage, stage_order, triggers_payment_order, created_by_id, min_level) VALUES (5629, 7, 1, 'HQ_OPS_APPROVED', 'HQ_OPS_APPROVED', 0.0, 1.0, 'FACTOR', 22, 1, 1, 0, 1, 0, 2, 3);
INSERT INTO core_accessrule (id, organization_id, branch_id, stage, action_type, is_payment_order_signer, is_active, entity_type, post_id, min_signatures, auto_advance, is_final_stage, stage_order, triggers_payment_order, created_by_id, min_level) VALUES (5630, 7, 1, 'HQ_FIN_PENDING', 'HQ_FIN_PENDING', 0.0, 1.0, 'FACTOR', 22, 1, 1, 0, 1, 0, 2, 3);
INSERT INTO core_accessrule (id, organization_id, branch_id, stage, action_type, is_payment_order_signer, is_active, entity_type, post_id, min_signatures, auto_advance, is_final_stage, stage_order, triggers_payment_order, created_by_id, min_level) VALUES (5631, 7, 1, 'DRAFT', 'DRAFT', 0.0, 1.0, 'TANKHAH', 22, 1, 1, 0, 1, 0, 2, 3);
INSERT INTO core_accessrule (id, organization_id, branch_id, stage, action_type, is_payment_order_signer, is_active, entity_type, post_id, min_signatures, auto_advance, is_final_stage, stage_order, triggers_payment_order, created_by_id, min_level) VALUES (5632, 7, 1, 'PENDING', 'PENDING', 0.0, 1.0, 'TANKHAH', 22, 1, 1, 0, 1, 0, 2, 3);
INSERT INTO core_accessrule (id, organization_id, branch_id, stage, action_type, is_payment_order_signer, is_active, entity_type, post_id, min_signatures, auto_advance, is_final_stage, stage_order, triggers_payment_order, created_by_id, min_level) VALUES (5633, 7, 1, 'APPROVE', 'APPROVE', 0.0, 1.0, 'TANKHAH', 22, 1, 1, 0, 1, 0, 2, 3);
INSERT INTO core_accessrule (id, organization_id, branch_id, stage, action_type, is_payment_order_signer, is_active, entity_type, post_id, min_signatures, auto_advance, is_final_stage, stage_order, triggers_payment_order, created_by_id, min_level) VALUES (5634, 7, 1, 'REJECT', 'REJECT', 0.0, 1.0, 'TANKHAH', 22, 1, 1, 0, 1, 0, 2, 3);
INSERT INTO core_accessrule (id, organization_id, branch_id, stage, action_type, is_payment_order_signer, is_active, entity_type, post_id, min_signatures, auto_advance, is_final_stage, stage_order, triggers_payment_order, created_by_id, min_level) VALUES (5635, 7, 1, 'STAGE_CHANGE', 'STAGE_CHANGE', 0.0, 1.0, 'TANKHAH', 22, 1, 1, 0, 1, 0, 2, 3);
INSERT INTO core_accessrule (id, organization_id, branch_id, stage, action_type, is_payment_order_signer, is_active, entity_type, post_id, min_signatures, auto_advance, is_final_stage, stage_order, triggers_payment_order, created_by_id, min_level) VALUES (5636, 7, 1, 'DELETE', 'DELETE', 0.0, 1.0, 'TANKHAH', 22, 1, 1, 0, 1, 0, 2, 3);
INSERT INTO core_accessrule (id, organization_id, branch_id, stage, action_type, is_payment_order_signer, is_active, entity_type, post_id, min_signatures, auto_advance, is_final_stage, stage_order, triggers_payment_order, created_by_id, min_level) VALUES (5637, 7, 1, 'CREATE', 'CREATE', 0.0, 1.0, 'TANKHAH', 22, 1, 1, 0, 1, 0, 2, 3);
INSERT INTO core_accessrule (id, organization_id, branch_id, stage, action_type, is_payment_order_signer, is_active, entity_type, post_id, min_signatures, auto_advance, is_final_stage, stage_order, triggers_payment_order, created_by_id, min_level) VALUES (5638, 7, 1, 'EDIT', 'EDIT', 0.0, 1.0, 'TANKHAH', 22, 1, 1, 0, 1, 0, 2, 3);
INSERT INTO core_accessrule (id, organization_id, branch_id, stage, action_type, is_payment_order_signer, is_active, entity_type, post_id, min_signatures, auto_advance, is_final_stage, stage_order, triggers_payment_order, created_by_id, min_level) VALUES (5639, 7, 1, 'VIEW', 'VIEW', 0.0, 1.0, 'TANKHAH', 22, 1, 1, 0, 1, 0, 2, 3);
INSERT INTO core_accessrule (id, organization_id, branch_id, stage, action_type, is_payment_order_signer, is_active, entity_type, post_id, min_signatures, auto_advance, is_final_stage, stage_order, triggers_payment_order, created_by_id, min_level) VALUES (5640, 7, 1, 'PAID', 'PAID', 0.0, 1.0, 'TANKHAH', 22, 1, 1, 0, 1, 0, 2, 3);
INSERT INTO core_accessrule (id, organization_id, branch_id, stage, action_type, is_payment_order_signer, is_active, entity_type, post_id, min_signatures, auto_advance, is_final_stage, stage_order, triggers_payment_order, created_by_id, min_level) VALUES (5641, 7, 1, 'PARTIAL', 'PARTIAL', 0.0, 1.0, 'TANKHAH', 22, 1, 1, 0, 1, 0, 2, 3);
INSERT INTO core_accessrule (id, organization_id, branch_id, stage, action_type, is_payment_order_signer, is_active, entity_type, post_id, min_signatures, auto_advance, is_final_stage, stage_order, triggers_payment_order, created_by_id, min_level) VALUES (5642, 7, 1, 'PENDING_APPROVAL', 'PENDING_APPROVAL', 0.0, 1.0, 'TANKHAH', 22, 1, 1, 0, 1, 0, 2, 3);
INSERT INTO core_accessrule (id, organization_id, branch_id, stage, action_type, is_payment_order_signer, is_active, entity_type, post_id, min_signatures, auto_advance, is_final_stage, stage_order, triggers_payment_order, created_by_id, min_level) VALUES (5643, 7, 1, 'APPROVED_INTERMEDIATE', 'APPROVED_INTERMEDIATE', 0.0, 1.0, 'TANKHAH', 22, 1, 1, 0, 1, 0, 2, 3);
INSERT INTO core_accessrule (id, organization_id, branch_id, stage, action_type, is_payment_order_signer, is_active, entity_type, post_id, min_signatures, auto_advance, is_final_stage, stage_order, triggers_payment_order, created_by_id, min_level) VALUES (5644, 7, 1, 'APPROVED_FINAL', 'APPROVED_FINAL', 0.0, 1.0, 'TANKHAH', 22, 1, 1, 0, 1, 0, 2, 3);
INSERT INTO core_accessrule (id, organization_id, branch_id, stage, action_type, is_payment_order_signer, is_active, entity_type, post_id, min_signatures, auto_advance, is_final_stage, stage_order, triggers_payment_order, created_by_id, min_level) VALUES (5645, 7, 1, 'SIGN_PAYMENT', 'SIGN_PAYMENT', 0.0, 1.0, 'TANKHAH', 22, 1, 1, 0, 1, 0, 2, 3);
INSERT INTO core_accessrule (id, organization_id, branch_id, stage, action_type, is_payment_order_signer, is_active, entity_type, post_id, min_signatures, auto_advance, is_final_stage, stage_order, triggers_payment_order, created_by_id, min_level) VALUES (5646, 7, 1, 'SENT_TO_HQ', 'SENT_TO_HQ', 0.0, 1.0, 'TANKHAH', 22, 1, 1, 0, 1, 0, 2, 3);
INSERT INTO core_accessrule (id, organization_id, branch_id, stage, action_type, is_payment_order_signer, is_active, entity_type, post_id, min_signatures, auto_advance, is_final_stage, stage_order, triggers_payment_order, created_by_id, min_level) VALUES (5647, 7, 1, 'HQ_OPS_PENDING', 'HQ_OPS_PENDING', 0.0, 1.0, 'TANKHAH', 22, 1, 1, 0, 1, 0, 2, 3);
INSERT INTO core_accessrule (id, organization_id, branch_id, stage, action_type, is_payment_order_signer, is_active, entity_type, post_id, min_signatures, auto_advance, is_final_stage, stage_order, triggers_payment_order, created_by_id, min_level) VALUES (5648, 7, 1, 'HQ_OPS_APPROVED', 'HQ_OPS_APPROVED', 0.0, 1.0, 'TANKHAH', 22, 1, 1, 0, 1, 0, 2, 3);
INSERT INTO core_accessrule (id, organization_id, branch_id, stage, action_type, is_payment_order_signer, is_active, entity_type, post_id, min_signatures, auto_advance, is_final_stage, stage_order, triggers_payment_order, created_by_id, min_level) VALUES (5649, 7, 1, 'HQ_FIN_PENDING', 'HQ_FIN_PENDING', 0.0, 1.0, 'TANKHAH', 22, 1, 1, 0, 1, 0, 2, 3);
INSERT INTO core_accessrule (id, organization_id, branch_id, stage, action_type, is_payment_order_signer, is_active, entity_type, post_id, min_signatures, auto_advance, is_final_stage, stage_order, triggers_payment_order, created_by_id, min_level) VALUES (5650, 7, 1, 'DRAFT', 'DRAFT', 0.0, 1.0, 'BUDGET', 22, 1, 1, 0, 1, 0, 2, 3);
INSERT INTO core_accessrule (id, organization_id, branch_id, stage, action_type, is_payment_order_signer, is_active, entity_type, post_id, min_signatures, auto_advance, is_final_stage, stage_order, triggers_payment_order, created_by_id, min_level) VALUES (5651, 7, 1, 'PENDING', 'PENDING', 0.0, 1.0, 'BUDGET', 22, 1, 1, 0, 1, 0, 2, 3);
INSERT INTO core_accessrule (id, organization_id, branch_id, stage, action_type, is_payment_order_signer, is_active, entity_type, post_id, min_signatures, auto_advance, is_final_stage, stage_order, triggers_payment_order, created_by_id, min_level) VALUES (5654, 7, 1, 'STAGE_CHANGE', 'STAGE_CHANGE', 0.0, 1.0, 'BUDGET', 22, 1, 1, 0, 1, 0, 2, 3);
INSERT INTO core_accessrule (id, organization_id, branch_id, stage, action_type, is_payment_order_signer, is_active, entity_type, post_id, min_signatures, auto_advance, is_final_stage, stage_order, triggers_payment_order, created_by_id, min_level) VALUES (5655, 7, 1, 'DELETE', 'DELETE', 0.0, 1.0, 'BUDGET', 22, 1, 1, 0, 1, 0, 2, 3);
INSERT INTO core_accessrule (id, organization_id, branch_id, stage, action_type, is_payment_order_signer, is_active, entity_type, post_id, min_signatures, auto_advance, is_final_stage, stage_order, triggers_payment_order, created_by_id, min_level) VALUES (5656, 7, 1, 'CREATE', 'CREATE', 0.0, 1.0, 'BUDGET', 22, 1, 1, 0, 1, 0, 2, 3);
INSERT INTO core_accessrule (id, organization_id, branch_id, stage, action_type, is_payment_order_signer, is_active, entity_type, post_id, min_signatures, auto_advance, is_final_stage, stage_order, triggers_payment_order, created_by_id, min_level) VALUES (5657, 7, 1, 'EDIT', 'EDIT', 0.0, 1.0, 'BUDGET', 22, 1, 1, 0, 1, 0, 2, 3);
INSERT INTO core_accessrule (id, organization_id, branch_id, stage, action_type, is_payment_order_signer, is_active, entity_type, post_id, min_signatures, auto_advance, is_final_stage, stage_order, triggers_payment_order, created_by_id, min_level) VALUES (5658, 7, 1, 'VIEW', 'VIEW', 0.0, 1.0, 'BUDGET', 22, 1, 1, 0, 1, 0, 2, 3);
INSERT INTO core_accessrule (id, organization_id, branch_id, stage, action_type, is_payment_order_signer, is_active, entity_type, post_id, min_signatures, auto_advance, is_final_stage, stage_order, triggers_payment_order, created_by_id, min_level) VALUES (5659, 7, 1, 'PAID', 'PAID', 0.0, 1.0, 'BUDGET', 22, 1, 1, 0, 1, 0, 2, 3);
INSERT INTO core_accessrule (id, organization_id, branch_id, stage, action_type, is_payment_order_signer, is_active, entity_type, post_id, min_signatures, auto_advance, is_final_stage, stage_order, triggers_payment_order, created_by_id, min_level) VALUES (5660, 7, 1, 'PARTIAL', 'PARTIAL', 0.0, 1.0, 'BUDGET', 22, 1, 1, 0, 1, 0, 2, 3);
INSERT INTO core_accessrule (id, organization_id, branch_id, stage, action_type, is_payment_order_signer, is_active, entity_type, post_id, min_signatures, auto_advance, is_final_stage, stage_order, triggers_payment_order, created_by_id, min_level) VALUES (5661, 7, 1, 'PENDING_APPROVAL', 'PENDING_APPROVAL', 0.0, 1.0, 'BUDGET', 22, 1, 1, 0, 1, 0, 2, 3);
INSERT INTO core_accessrule (id, organization_id, branch_id, stage, action_type, is_payment_order_signer, is_active, entity_type, post_id, min_signatures, auto_advance, is_final_stage, stage_order, triggers_payment_order, created_by_id, min_level) VALUES (5662, 7, 1, 'APPROVED_INTERMEDIATE', 'APPROVED_INTERMEDIATE', 0.0, 1.0, 'BUDGET', 22, 1, 1, 0, 1, 0, 2, 3);
INSERT INTO core_accessrule (id, organization_id, branch_id, stage, action_type, is_payment_order_signer, is_active, entity_type, post_id, min_signatures, auto_advance, is_final_stage, stage_order, triggers_payment_order, created_by_id, min_level) VALUES (5663, 7, 1, 'APPROVED_FINAL', 'APPROVED_FINAL', 0.0, 1.0, 'BUDGET', 22, 1, 1, 0, 1, 0, 2, 3);
INSERT INTO core_accessrule (id, organization_id, branch_id, stage, action_type, is_payment_order_signer, is_active, entity_type, post_id, min_signatures, auto_advance, is_final_stage, stage_order, triggers_payment_order, created_by_id, min_level) VALUES (5664, 7, 1, 'SIGN_PAYMENT', 'SIGN_PAYMENT', 0.0, 1.0, 'BUDGET', 22, 1, 1, 0, 1, 0, 2, 3);
INSERT INTO core_accessrule (id, organization_id, branch_id, stage, action_type, is_payment_order_signer, is_active, entity_type, post_id, min_signatures, auto_advance, is_final_stage, stage_order, triggers_payment_order, created_by_id, min_level) VALUES (5665, 7, 1, 'SENT_TO_HQ', 'SENT_TO_HQ', 0.0, 1.0, 'BUDGET', 22, 1, 1, 0, 1, 0, 2, 3);
INSERT INTO core_accessrule (id, organization_id, branch_id, stage, action_type, is_payment_order_signer, is_active, entity_type, post_id, min_signatures, auto_advance, is_final_stage, stage_order, triggers_payment_order, created_by_id, min_level) VALUES (5666, 7, 1, 'HQ_OPS_PENDING', 'HQ_OPS_PENDING', 0.0, 1.0, 'BUDGET', 22, 1, 1, 0, 1, 0, 2, 3);
INSERT INTO core_accessrule (id, organization_id, branch_id, stage, action_type, is_payment_order_signer, is_active, entity_type, post_id, min_signatures, auto_advance, is_final_stage, stage_order, triggers_payment_order, created_by_id, min_level) VALUES (5667, 7, 1, 'HQ_OPS_APPROVED', 'HQ_OPS_APPROVED', 0.0, 1.0, 'BUDGET', 22, 1, 1, 0, 1, 0, 2, 3);
INSERT INTO core_accessrule (id, organization_id, branch_id, stage, action_type, is_payment_order_signer, is_active, entity_type, post_id, min_signatures, auto_advance, is_final_stage, stage_order, triggers_payment_order, created_by_id, min_level) VALUES (5668, 7, 1, 'HQ_FIN_PENDING', 'HQ_FIN_PENDING', 0.0, 1.0, 'BUDGET', 22, 1, 1, 0, 1, 0, 2, 3);
INSERT INTO core_accessrule (id, organization_id, branch_id, stage, action_type, is_payment_order_signer, is_active, entity_type, post_id, min_signatures, auto_advance, is_final_stage, stage_order, triggers_payment_order, created_by_id, min_level) VALUES (5669, 7, 1, 'DRAFT', 'DRAFT', 0.0, 1.0, 'PAYMENTORDER', 22, 1, 1, 0, 1, 0, 2, 3);
INSERT INTO core_accessrule (id, organization_id, branch_id, stage, action_type, is_payment_order_signer, is_active, entity_type, post_id, min_signatures, auto_advance, is_final_stage, stage_order, triggers_payment_order, created_by_id, min_level) VALUES (5670, 7, 1, 'PENDING', 'PENDING', 0.0, 1.0, 'PAYMENTORDER', 22, 1, 1, 0, 1, 0, 2, 3);
INSERT INTO core_accessrule (id, organization_id, branch_id, stage, action_type, is_payment_order_signer, is_active, entity_type, post_id, min_signatures, auto_advance, is_final_stage, stage_order, triggers_payment_order, created_by_id, min_level) VALUES (5671, 7, 1, 'APPROVE', 'APPROVE', 0.0, 1.0, 'PAYMENTORDER', 22, 1, 1, 0, 1, 0, 2, 3);
INSERT INTO core_accessrule (id, organization_id, branch_id, stage, action_type, is_payment_order_signer, is_active, entity_type, post_id, min_signatures, auto_advance, is_final_stage, stage_order, triggers_payment_order, created_by_id, min_level) VALUES (5672, 7, 1, 'REJECT', 'REJECT', 0.0, 1.0, 'PAYMENTORDER', 22, 1, 1, 0, 1, 0, 2, 3);
INSERT INTO core_accessrule (id, organization_id, branch_id, stage, action_type, is_payment_order_signer, is_active, entity_type, post_id, min_signatures, auto_advance, is_final_stage, stage_order, triggers_payment_order, created_by_id, min_level) VALUES (5673, 7, 1, 'STAGE_CHANGE', 'STAGE_CHANGE', 0.0, 1.0, 'PAYMENTORDER', 22, 1, 1, 0, 1, 0, 2, 3);
INSERT INTO core_accessrule (id, organization_id, branch_id, stage, action_type, is_payment_order_signer, is_active, entity_type, post_id, min_signatures, auto_advance, is_final_stage, stage_order, triggers_payment_order, created_by_id, min_level) VALUES (5674, 7, 1, 'DELETE', 'DELETE', 0.0, 1.0, 'PAYMENTORDER', 22, 1, 1, 0, 1, 0, 2, 3);
INSERT INTO core_accessrule (id, organization_id, branch_id, stage, action_type, is_payment_order_signer, is_active, entity_type, post_id, min_signatures, auto_advance, is_final_stage, stage_order, triggers_payment_order, created_by_id, min_level) VALUES (5675, 7, 1, 'CREATE', 'CREATE', 0.0, 1.0, 'PAYMENTORDER', 22, 1, 1, 0, 1, 0, 2, 3);
INSERT INTO core_accessrule (id, organization_id, branch_id, stage, action_type, is_payment_order_signer, is_active, entity_type, post_id, min_signatures, auto_advance, is_final_stage, stage_order, triggers_payment_order, created_by_id, min_level) VALUES (5676, 7, 1, 'EDIT', 'EDIT', 0.0, 1.0, 'PAYMENTORDER', 22, 1, 1, 0, 1, 0, 2, 3);
INSERT INTO core_accessrule (id, organization_id, branch_id, stage, action_type, is_payment_order_signer, is_active, entity_type, post_id, min_signatures, auto_advance, is_final_stage, stage_order, triggers_payment_order, created_by_id, min_level) VALUES (5677, 7, 1, 'VIEW', 'VIEW', 0.0, 1.0, 'PAYMENTORDER', 22, 1, 1, 0, 1, 0, 2, 3);
INSERT INTO core_accessrule (id, organization_id, branch_id, stage, action_type, is_payment_order_signer, is_active, entity_type, post_id, min_signatures, auto_advance, is_final_stage, stage_order, triggers_payment_order, created_by_id, min_level) VALUES (5678, 7, 1, 'PAID', 'PAID', 0.0, 1.0, 'PAYMENTORDER', 22, 1, 1, 0, 1, 0, 2, 3);
INSERT INTO core_accessrule (id, organization_id, branch_id, stage, action_type, is_payment_order_signer, is_active, entity_type, post_id, min_signatures, auto_advance, is_final_stage, stage_order, triggers_payment_order, created_by_id, min_level) VALUES (5679, 7, 1, 'PARTIAL', 'PARTIAL', 0.0, 1.0, 'PAYMENTORDER', 22, 1, 1, 0, 1, 0, 2, 3);
INSERT INTO core_accessrule (id, organization_id, branch_id, stage, action_type, is_payment_order_signer, is_active, entity_type, post_id, min_signatures, auto_advance, is_final_stage, stage_order, triggers_payment_order, created_by_id, min_level) VALUES (5680, 7, 1, 'PENDING_APPROVAL', 'PENDING_APPROVAL', 0.0, 1.0, 'PAYMENTORDER', 22, 1, 1, 0, 1, 0, 2, 3);
INSERT INTO core_accessrule (id, organization_id, branch_id, stage, action_type, is_payment_order_signer, is_active, entity_type, post_id, min_signatures, auto_advance, is_final_stage, stage_order, triggers_payment_order, created_by_id, min_level) VALUES (5681, 7, 1, 'APPROVED_INTERMEDIATE', 'APPROVED_INTERMEDIATE', 0.0, 1.0, 'PAYMENTORDER', 22, 1, 1, 0, 1, 0, 2, 3);
INSERT INTO core_accessrule (id, organization_id, branch_id, stage, action_type, is_payment_order_signer, is_active, entity_type, post_id, min_signatures, auto_advance, is_final_stage, stage_order, triggers_payment_order, created_by_id, min_level) VALUES (5682, 7, 1, 'APPROVED_FINAL', 'APPROVED_FINAL', 0.0, 1.0, 'PAYMENTORDER', 22, 1, 1, 0, 1, 0, 2, 3);
INSERT INTO core_accessrule (id, organization_id, branch_id, stage, action_type, is_payment_order_signer, is_active, entity_type, post_id, min_signatures, auto_advance, is_final_stage, stage_order, triggers_payment_order, created_by_id, min_level) VALUES (5683, 7, 1, 'SIGN_PAYMENT', 'SIGN_PAYMENT', 0.0, 1.0, 'PAYMENTORDER', 22, 1, 1, 0, 1, 0, 2, 3);
INSERT INTO core_accessrule (id, organization_id, branch_id, stage, action_type, is_payment_order_signer, is_active, entity_type, post_id, min_signatures, auto_advance, is_final_stage, stage_order, triggers_payment_order, created_by_id, min_level) VALUES (5684, 7, 1, 'SENT_TO_HQ', 'SENT_TO_HQ', 0.0, 1.0, 'PAYMENTORDER', 22, 1, 1, 0, 1, 0, 2, 3);
INSERT INTO core_accessrule (id, organization_id, branch_id, stage, action_type, is_payment_order_signer, is_active, entity_type, post_id, min_signatures, auto_advance, is_final_stage, stage_order, triggers_payment_order, created_by_id, min_level) VALUES (5685, 7, 1, 'HQ_OPS_PENDING', 'HQ_OPS_PENDING', 0.0, 1.0, 'PAYMENTORDER', 22, 1, 1, 0, 1, 0, 2, 3);
INSERT INTO core_accessrule (id, organization_id, branch_id, stage, action_type, is_payment_order_signer, is_active, entity_type, post_id, min_signatures, auto_advance, is_final_stage, stage_order, triggers_payment_order, created_by_id, min_level) VALUES (5686, 7, 1, 'HQ_OPS_APPROVED', 'HQ_OPS_APPROVED', 0.0, 1.0, 'PAYMENTORDER', 22, 1, 1, 0, 1, 0, 2, 3);
INSERT INTO core_accessrule (id, organization_id, branch_id, stage, action_type, is_payment_order_signer, is_active, entity_type, post_id, min_signatures, auto_advance, is_final_stage, stage_order, triggers_payment_order, created_by_id, min_level) VALUES (5687, 7, 1, 'HQ_FIN_PENDING', 'HQ_FIN_PENDING', 0.0, 1.0, 'PAYMENTORDER', 22, 1, 1, 0, 1, 0, 2, 3);
INSERT INTO core_accessrule (id, organization_id, branch_id, stage, action_type, is_payment_order_signer, is_active, entity_type, post_id, min_signatures, auto_advance, is_final_stage, stage_order, triggers_payment_order, created_by_id, min_level) VALUES (5688, 7, 1, 'DRAFT', 'DRAFT', 0.0, 1.0, 'REPORTS', 22, 1, 1, 0, 1, 0, 2, 3);
INSERT INTO core_accessrule (id, organization_id, branch_id, stage, action_type, is_payment_order_signer, is_active, entity_type, post_id, min_signatures, auto_advance, is_final_stage, stage_order, triggers_payment_order, created_by_id, min_level) VALUES (5689, 7, 1, 'PENDING', 'PENDING', 0.0, 1.0, 'REPORTS', 22, 1, 1, 0, 1, 0, 2, 3);
INSERT INTO core_accessrule (id, organization_id, branch_id, stage, action_type, is_payment_order_signer, is_active, entity_type, post_id, min_signatures, auto_advance, is_final_stage, stage_order, triggers_payment_order, created_by_id, min_level) VALUES (5690, 7, 1, 'APPROVE', 'APPROVE', 0.0, 1.0, 'REPORTS', 22, 1, 1, 0, 1, 0, 2, 3);
INSERT INTO core_accessrule (id, organization_id, branch_id, stage, action_type, is_payment_order_signer, is_active, entity_type, post_id, min_signatures, auto_advance, is_final_stage, stage_order, triggers_payment_order, created_by_id, min_level) VALUES (5691, 7, 1, 'REJECT', 'REJECT', 0.0, 1.0, 'REPORTS', 22, 1, 1, 0, 1, 0, 2, 3);
INSERT INTO core_accessrule (id, organization_id, branch_id, stage, action_type, is_payment_order_signer, is_active, entity_type, post_id, min_signatures, auto_advance, is_final_stage, stage_order, triggers_payment_order, created_by_id, min_level) VALUES (5692, 7, 1, 'STAGE_CHANGE', 'STAGE_CHANGE', 0.0, 1.0, 'REPORTS', 22, 1, 1, 0, 1, 0, 2, 3);
INSERT INTO core_accessrule (id, organization_id, branch_id, stage, action_type, is_payment_order_signer, is_active, entity_type, post_id, min_signatures, auto_advance, is_final_stage, stage_order, triggers_payment_order, created_by_id, min_level) VALUES (5693, 7, 1, 'DELETE', 'DELETE', 0.0, 1.0, 'REPORTS', 22, 1, 1, 0, 1, 0, 2, 3);
INSERT INTO core_accessrule (id, organization_id, branch_id, stage, action_type, is_payment_order_signer, is_active, entity_type, post_id, min_signatures, auto_advance, is_final_stage, stage_order, triggers_payment_order, created_by_id, min_level) VALUES (5694, 7, 1, 'CREATE', 'CREATE', 0.0, 1.0, 'REPORTS', 22, 1, 1, 0, 1, 0, 2, 3);
INSERT INTO core_accessrule (id, organization_id, branch_id, stage, action_type, is_payment_order_signer, is_active, entity_type, post_id, min_signatures, auto_advance, is_final_stage, stage_order, triggers_payment_order, created_by_id, min_level) VALUES (5695, 7, 1, 'EDIT', 'EDIT', 0.0, 1.0, 'REPORTS', 22, 1, 1, 0, 1, 0, 2, 3);
INSERT INTO core_accessrule (id, organization_id, branch_id, stage, action_type, is_payment_order_signer, is_active, entity_type, post_id, min_signatures, auto_advance, is_final_stage, stage_order, triggers_payment_order, created_by_id, min_level) VALUES (5696, 7, 1, 'VIEW', 'VIEW', 0.0, 1.0, 'REPORTS', 22, 1, 1, 0, 1, 0, 2, 3);
INSERT INTO core_accessrule (id, organization_id, branch_id, stage, action_type, is_payment_order_signer, is_active, entity_type, post_id, min_signatures, auto_advance, is_final_stage, stage_order, triggers_payment_order, created_by_id, min_level) VALUES (5697, 7, 1, 'PAID', 'PAID', 0.0, 1.0, 'REPORTS', 22, 1, 1, 0, 1, 0, 2, 3);
INSERT INTO core_accessrule (id, organization_id, branch_id, stage, action_type, is_payment_order_signer, is_active, entity_type, post_id, min_signatures, auto_advance, is_final_stage, stage_order, triggers_payment_order, created_by_id, min_level) VALUES (5698, 7, 1, 'PARTIAL', 'PARTIAL', 0.0, 1.0, 'REPORTS', 22, 1, 1, 0, 1, 0, 2, 3);
INSERT INTO core_accessrule (id, organization_id, branch_id, stage, action_type, is_payment_order_signer, is_active, entity_type, post_id, min_signatures, auto_advance, is_final_stage, stage_order, triggers_payment_order, created_by_id, min_level) VALUES (5699, 7, 1, 'PENDING_APPROVAL', 'PENDING_APPROVAL', 0.0, 1.0, 'REPORTS', 22, 1, 1, 0, 1, 0, 2, 3);
INSERT INTO core_accessrule (id, organization_id, branch_id, stage, action_type, is_payment_order_signer, is_active, entity_type, post_id, min_signatures, auto_advance, is_final_stage, stage_order, triggers_payment_order, created_by_id, min_level) VALUES (5700, 7, 1, 'APPROVED_INTERMEDIATE', 'APPROVED_INTERMEDIATE', 0.0, 1.0, 'REPORTS', 22, 1, 1, 0, 1, 0, 2, 3);
INSERT INTO core_accessrule (id, organization_id, branch_id, stage, action_type, is_payment_order_signer, is_active, entity_type, post_id, min_signatures, auto_advance, is_final_stage, stage_order, triggers_payment_order, created_by_id, min_level) VALUES (5701, 7, 1, 'APPROVED_FINAL', 'APPROVED_FINAL', 0.0, 1.0, 'REPORTS', 22, 1, 1, 0, 1, 0, 2, 3);
INSERT INTO core_accessrule (id, organization_id, branch_id, stage, action_type, is_payment_order_signer, is_active, entity_type, post_id, min_signatures, auto_advance, is_final_stage, stage_order, triggers_payment_order, created_by_id, min_level) VALUES (5702, 7, 1, 'SIGN_PAYMENT', 'SIGN_PAYMENT', 0.0, 1.0, 'REPORTS', 22, 1, 1, 0, 1, 0, 2, 3);
INSERT INTO core_accessrule (id, organization_id, branch_id, stage, action_type, is_payment_order_signer, is_active, entity_type, post_id, min_signatures, auto_advance, is_final_stage, stage_order, triggers_payment_order, created_by_id, min_level) VALUES (5703, 7, 1, 'SENT_TO_HQ', 'SENT_TO_HQ', 0.0, 1.0, 'REPORTS', 22, 1, 1, 0, 1, 0, 2, 3);
INSERT INTO core_accessrule (id, organization_id, branch_id, stage, action_type, is_payment_order_signer, is_active, entity_type, post_id, min_signatures, auto_advance, is_final_stage, stage_order, triggers_payment_order, created_by_id, min_level) VALUES (5704, 7, 1, 'HQ_OPS_PENDING', 'HQ_OPS_PENDING', 0.0, 1.0, 'REPORTS', 22, 1, 1, 0, 1, 0, 2, 3);
INSERT INTO core_accessrule (id, organization_id, branch_id, stage, action_type, is_payment_order_signer, is_active, entity_type, post_id, min_signatures, auto_advance, is_final_stage, stage_order, triggers_payment_order, created_by_id, min_level) VALUES (5705, 7, 1, 'HQ_OPS_APPROVED', 'HQ_OPS_APPROVED', 0.0, 1.0, 'REPORTS', 22, 1, 1, 0, 1, 0, 2, 3);
INSERT INTO core_accessrule (id, organization_id, branch_id, stage, action_type, is_payment_order_signer, is_active, entity_type, post_id, min_signatures, auto_advance, is_final_stage, stage_order, triggers_payment_order, created_by_id, min_level) VALUES (5706, 7, 1, 'HQ_FIN_PENDING', 'HQ_FIN_PENDING', 0.0, 1.0, 'REPORTS', 22, 1, 1, 0, 1, 0, 2, 3);
INSERT INTO core_accessrule (id, organization_id, branch_id, stage, action_type, is_payment_order_signer, is_active, entity_type, post_id, min_signatures, auto_advance, is_final_stage, stage_order, triggers_payment_order, created_by_id, min_level) VALUES (5707, 7, 1, 'DRAFT', 'DRAFT', 0.0, 1.0, 'GENERAL', 22, 1, 1, 0, 1, 0, 2, 3);
INSERT INTO core_accessrule (id, organization_id, branch_id, stage, action_type, is_payment_order_signer, is_active, entity_type, post_id, min_signatures, auto_advance, is_final_stage, stage_order, triggers_payment_order, created_by_id, min_level) VALUES (5708, 7, 1, 'PENDING', 'PENDING', 0.0, 1.0, 'GENERAL', 22, 1, 1, 0, 1, 0, 2, 3);
INSERT INTO core_accessrule (id, organization_id, branch_id, stage, action_type, is_payment_order_signer, is_active, entity_type, post_id, min_signatures, auto_advance, is_final_stage, stage_order, triggers_payment_order, created_by_id, min_level) VALUES (5709, 7, 1, 'APPROVE', 'APPROVE', 0.0, 1.0, 'GENERAL', 22, 1, 1, 0, 1, 0, 2, 3);
INSERT INTO core_accessrule (id, organization_id, branch_id, stage, action_type, is_payment_order_signer, is_active, entity_type, post_id, min_signatures, auto_advance, is_final_stage, stage_order, triggers_payment_order, created_by_id, min_level) VALUES (5710, 7, 1, 'REJECT', 'REJECT', 0.0, 1.0, 'GENERAL', 22, 1, 1, 0, 1, 0, 2, 3);
INSERT INTO core_accessrule (id, organization_id, branch_id, stage, action_type, is_payment_order_signer, is_active, entity_type, post_id, min_signatures, auto_advance, is_final_stage, stage_order, triggers_payment_order, created_by_id, min_level) VALUES (5711, 7, 1, 'STAGE_CHANGE', 'STAGE_CHANGE', 0.0, 1.0, 'GENERAL', 22, 1, 1, 0, 1, 0, 2, 3);
INSERT INTO core_accessrule (id, organization_id, branch_id, stage, action_type, is_payment_order_signer, is_active, entity_type, post_id, min_signatures, auto_advance, is_final_stage, stage_order, triggers_payment_order, created_by_id, min_level) VALUES (5712, 7, 1, 'DELETE', 'DELETE', 0.0, 1.0, 'GENERAL', 22, 1, 1, 0, 1, 0, 2, 3);
INSERT INTO core_accessrule (id, organization_id, branch_id, stage, action_type, is_payment_order_signer, is_active, entity_type, post_id, min_signatures, auto_advance, is_final_stage, stage_order, triggers_payment_order, created_by_id, min_level) VALUES (5713, 7, 1, 'CREATE', 'CREATE', 0.0, 1.0, 'GENERAL', 22, 1, 1, 0, 1, 0, 2, 3);
INSERT INTO core_accessrule (id, organization_id, branch_id, stage, action_type, is_payment_order_signer, is_active, entity_type, post_id, min_signatures, auto_advance, is_final_stage, stage_order, triggers_payment_order, created_by_id, min_level) VALUES (5714, 7, 1, 'EDIT', 'EDIT', 0.0, 1.0, 'GENERAL', 22, 1, 1, 0, 1, 0, 2, 3);
INSERT INTO core_accessrule (id, organization_id, branch_id, stage, action_type, is_payment_order_signer, is_active, entity_type, post_id, min_signatures, auto_advance, is_final_stage, stage_order, triggers_payment_order, created_by_id, min_level) VALUES (5715, 7, 1, 'VIEW', 'VIEW', 0.0, 1.0, 'GENERAL', 22, 1, 1, 0, 1, 0, 2, 3);
INSERT INTO core_accessrule (id, organization_id, branch_id, stage, action_type, is_payment_order_signer, is_active, entity_type, post_id, min_signatures, auto_advance, is_final_stage, stage_order, triggers_payment_order, created_by_id, min_level) VALUES (5716, 7, 1, 'PAID', 'PAID', 0.0, 1.0, 'GENERAL', 22, 1, 1, 0, 1, 0, 2, 3);
INSERT INTO core_accessrule (id, organization_id, branch_id, stage, action_type, is_payment_order_signer, is_active, entity_type, post_id, min_signatures, auto_advance, is_final_stage, stage_order, triggers_payment_order, created_by_id, min_level) VALUES (5717, 7, 1, 'PARTIAL', 'PARTIAL', 0.0, 1.0, 'GENERAL', 22, 1, 1, 0, 1, 0, 2, 3);
INSERT INTO core_accessrule (id, organization_id, branch_id, stage, action_type, is_payment_order_signer, is_active, entity_type, post_id, min_signatures, auto_advance, is_final_stage, stage_order, triggers_payment_order, created_by_id, min_level) VALUES (5718, 7, 1, 'PENDING_APPROVAL', 'PENDING_APPROVAL', 0.0, 1.0, 'GENERAL', 22, 1, 1, 0, 1, 0, 2, 3);
INSERT INTO core_accessrule (id, organization_id, branch_id, stage, action_type, is_payment_order_signer, is_active, entity_type, post_id, min_signatures, auto_advance, is_final_stage, stage_order, triggers_payment_order, created_by_id, min_level) VALUES (5719, 7, 1, 'APPROVED_INTERMEDIATE', 'APPROVED_INTERMEDIATE', 0.0, 1.0, 'GENERAL', 22, 1, 1, 0, 1, 0, 2, 3);
INSERT INTO core_accessrule (id, organization_id, branch_id, stage, action_type, is_payment_order_signer, is_active, entity_type, post_id, min_signatures, auto_advance, is_final_stage, stage_order, triggers_payment_order, created_by_id, min_level) VALUES (5720, 7, 1, 'APPROVED_FINAL', 'APPROVED_FINAL', 0.0, 1.0, 'GENERAL', 22, 1, 1, 0, 1, 0, 2, 3);
INSERT INTO core_accessrule (id, organization_id, branch_id, stage, action_type, is_payment_order_signer, is_active, entity_type, post_id, min_signatures, auto_advance, is_final_stage, stage_order, triggers_payment_order, created_by_id, min_level) VALUES (5721, 7, 1, 'SIGN_PAYMENT', 'SIGN_PAYMENT', 0.0, 1.0, 'GENERAL', 22, 1, 1, 0, 1, 0, 2, 3);
INSERT INTO core_accessrule (id, organization_id, branch_id, stage, action_type, is_payment_order_signer, is_active, entity_type, post_id, min_signatures, auto_advance, is_final_stage, stage_order, triggers_payment_order, created_by_id, min_level) VALUES (5722, 7, 1, 'SENT_TO_HQ', 'SENT_TO_HQ', 0.0, 1.0, 'GENERAL', 22, 1, 1, 0, 1, 0, 2, 3);
INSERT INTO core_accessrule (id, organization_id, branch_id, stage, action_type, is_payment_order_signer, is_active, entity_type, post_id, min_signatures, auto_advance, is_final_stage, stage_order, triggers_payment_order, created_by_id, min_level) VALUES (5723, 7, 1, 'HQ_OPS_PENDING', 'HQ_OPS_PENDING', 0.0, 1.0, 'GENERAL', 22, 1, 1, 0, 1, 0, 2, 3);
INSERT INTO core_accessrule (id, organization_id, branch_id, stage, action_type, is_payment_order_signer, is_active, entity_type, post_id, min_signatures, auto_advance, is_final_stage, stage_order, triggers_payment_order, created_by_id, min_level) VALUES (5724, 7, 1, 'HQ_OPS_APPROVED', 'HQ_OPS_APPROVED', 0.0, 1.0, 'GENERAL', 22, 1, 1, 0, 1, 0, 2, 3);
INSERT INTO core_accessrule (id, organization_id, branch_id, stage, action_type, is_payment_order_signer, is_active, entity_type, post_id, min_signatures, auto_advance, is_final_stage, stage_order, triggers_payment_order, created_by_id, min_level) VALUES (5725, 7, 1, 'HQ_FIN_PENDING', 'HQ_FIN_PENDING', 0.0, 1.0, 'GENERAL', 22, 1, 1, 0, 1, 0, 2, 3);
INSERT INTO core_accessrule (id, organization_id, branch_id, stage, action_type, is_payment_order_signer, is_active, entity_type, post_id, min_signatures, auto_advance, is_final_stage, stage_order, triggers_payment_order, created_by_id, min_level) VALUES (5728, 7, 1, 'STAGE_CHANGE', 'STAGE_CHANGE', 0.0, 1.0, 'FACTOR', 4, 1, 1, 0, 1, 0, 2, 4);
INSERT INTO core_accessrule (id, organization_id, branch_id, stage, action_type, is_payment_order_signer, is_active, entity_type, post_id, min_signatures, auto_advance, is_final_stage, stage_order, triggers_payment_order, created_by_id, min_level) VALUES (5729, 7, 1, 'VIEW', 'VIEW', 0.0, 1.0, 'FACTOR', 4, 1, 1, 0, 1, 0, 2, 4);
INSERT INTO core_accessrule (id, organization_id, branch_id, stage, action_type, is_payment_order_signer, is_active, entity_type, post_id, min_signatures, auto_advance, is_final_stage, stage_order, triggers_payment_order, created_by_id, min_level) VALUES (5730, 7, 1, 'HQ_OPS_PENDING', 'HQ_OPS_PENDING', 0.0, 1.0, 'FACTOR', 4, 1, 1, 0, 1, 0, 2, 4);
INSERT INTO core_accessrule (id, organization_id, branch_id, stage, action_type, is_payment_order_signer, is_active, entity_type, post_id, min_signatures, auto_advance, is_final_stage, stage_order, triggers_payment_order, created_by_id, min_level) VALUES (5731, 7, 1, 'DRAFT', 'DRAFT', 0.0, 1.0, 'PAYMENTORDER', 4, 1, 1, 0, 1, 0, 2, 4);
INSERT INTO core_accessrule (id, organization_id, branch_id, stage, action_type, is_payment_order_signer, is_active, entity_type, post_id, min_signatures, auto_advance, is_final_stage, stage_order, triggers_payment_order, created_by_id, min_level) VALUES (5732, 7, 1, 'PENDING', 'PENDING', 0.0, 1.0, 'PAYMENTORDER', 4, 1, 1, 0, 1, 0, 2, 4);
INSERT INTO core_accessrule (id, organization_id, branch_id, stage, action_type, is_payment_order_signer, is_active, entity_type, post_id, min_signatures, auto_advance, is_final_stage, stage_order, triggers_payment_order, created_by_id, min_level) VALUES (5733, 7, 1, 'APPROVE', 'APPROVE', 0.0, 1.0, 'PAYMENTORDER', 4, 1, 1, 0, 1, 0, 2, 4);
INSERT INTO core_accessrule (id, organization_id, branch_id, stage, action_type, is_payment_order_signer, is_active, entity_type, post_id, min_signatures, auto_advance, is_final_stage, stage_order, triggers_payment_order, created_by_id, min_level) VALUES (5734, 7, 1, 'REJECT', 'REJECT', 0.0, 1.0, 'PAYMENTORDER', 4, 1, 1, 0, 1, 0, 2, 4);
INSERT INTO core_accessrule (id, organization_id, branch_id, stage, action_type, is_payment_order_signer, is_active, entity_type, post_id, min_signatures, auto_advance, is_final_stage, stage_order, triggers_payment_order, created_by_id, min_level) VALUES (5735, 7, 1, 'STAGE_CHANGE', 'STAGE_CHANGE', 0.0, 1.0, 'PAYMENTORDER', 4, 1, 1, 0, 1, 0, 2, 4);
INSERT INTO core_accessrule (id, organization_id, branch_id, stage, action_type, is_payment_order_signer, is_active, entity_type, post_id, min_signatures, auto_advance, is_final_stage, stage_order, triggers_payment_order, created_by_id, min_level) VALUES (5736, 7, 1, 'DELETE', 'DELETE', 0.0, 1.0, 'PAYMENTORDER', 4, 1, 1, 0, 1, 0, 2, 4);
INSERT INTO core_accessrule (id, organization_id, branch_id, stage, action_type, is_payment_order_signer, is_active, entity_type, post_id, min_signatures, auto_advance, is_final_stage, stage_order, triggers_payment_order, created_by_id, min_level) VALUES (5737, 7, 1, 'CREATE', 'CREATE', 0.0, 1.0, 'PAYMENTORDER', 4, 1, 1, 0, 1, 0, 2, 4);
INSERT INTO core_accessrule (id, organization_id, branch_id, stage, action_type, is_payment_order_signer, is_active, entity_type, post_id, min_signatures, auto_advance, is_final_stage, stage_order, triggers_payment_order, created_by_id, min_level) VALUES (5738, 7, 1, 'EDIT', 'EDIT', 0.0, 1.0, 'PAYMENTORDER', 4, 1, 1, 0, 1, 0, 2, 4);
INSERT INTO core_accessrule (id, organization_id, branch_id, stage, action_type, is_payment_order_signer, is_active, entity_type, post_id, min_signatures, auto_advance, is_final_stage, stage_order, triggers_payment_order, created_by_id, min_level) VALUES (5739, 7, 1, 'VIEW', 'VIEW', 0.0, 1.0, 'PAYMENTORDER', 4, 1, 1, 0, 1, 0, 2, 4);
INSERT INTO core_accessrule (id, organization_id, branch_id, stage, action_type, is_payment_order_signer, is_active, entity_type, post_id, min_signatures, auto_advance, is_final_stage, stage_order, triggers_payment_order, created_by_id, min_level) VALUES (5740, 7, 1, 'PAID', 'PAID', 0.0, 1.0, 'PAYMENTORDER', 4, 1, 1, 0, 1, 0, 2, 4);
INSERT INTO core_accessrule (id, organization_id, branch_id, stage, action_type, is_payment_order_signer, is_active, entity_type, post_id, min_signatures, auto_advance, is_final_stage, stage_order, triggers_payment_order, created_by_id, min_level) VALUES (5741, 7, 1, 'PARTIAL', 'PARTIAL', 0.0, 1.0, 'PAYMENTORDER', 4, 1, 1, 0, 1, 0, 2, 4);
INSERT INTO core_accessrule (id, organization_id, branch_id, stage, action_type, is_payment_order_signer, is_active, entity_type, post_id, min_signatures, auto_advance, is_final_stage, stage_order, triggers_payment_order, created_by_id, min_level) VALUES (5742, 7, 1, 'PENDING_APPROVAL', 'PENDING_APPROVAL', 0.0, 1.0, 'PAYMENTORDER', 4, 1, 1, 0, 1, 0, 2, 4);
INSERT INTO core_accessrule (id, organization_id, branch_id, stage, action_type, is_payment_order_signer, is_active, entity_type, post_id, min_signatures, auto_advance, is_final_stage, stage_order, triggers_payment_order, created_by_id, min_level) VALUES (5743, 7, 1, 'APPROVED_INTERMEDIATE', 'APPROVED_INTERMEDIATE', 0.0, 1.0, 'PAYMENTORDER', 4, 1, 1, 0, 1, 0, 2, 4);
INSERT INTO core_accessrule (id, organization_id, branch_id, stage, action_type, is_payment_order_signer, is_active, entity_type, post_id, min_signatures, auto_advance, is_final_stage, stage_order, triggers_payment_order, created_by_id, min_level) VALUES (5744, 7, 1, 'APPROVED_FINAL', 'APPROVED_FINAL', 0.0, 1.0, 'PAYMENTORDER', 4, 1, 1, 0, 1, 0, 2, 4);
INSERT INTO core_accessrule (id, organization_id, branch_id, stage, action_type, is_payment_order_signer, is_active, entity_type, post_id, min_signatures, auto_advance, is_final_stage, stage_order, triggers_payment_order, created_by_id, min_level) VALUES (5745, 7, 1, 'SIGN_PAYMENT', 'SIGN_PAYMENT', 0.0, 1.0, 'PAYMENTORDER', 4, 1, 1, 0, 1, 0, 2, 4);
INSERT INTO core_accessrule (id, organization_id, branch_id, stage, action_type, is_payment_order_signer, is_active, entity_type, post_id, min_signatures, auto_advance, is_final_stage, stage_order, triggers_payment_order, created_by_id, min_level) VALUES (5746, 7, 1, 'SENT_TO_HQ', 'SENT_TO_HQ', 0.0, 1.0, 'PAYMENTORDER', 4, 1, 1, 0, 1, 0, 2, 4);
INSERT INTO core_accessrule (id, organization_id, branch_id, stage, action_type, is_payment_order_signer, is_active, entity_type, post_id, min_signatures, auto_advance, is_final_stage, stage_order, triggers_payment_order, created_by_id, min_level) VALUES (5747, 7, 1, 'HQ_OPS_PENDING', 'HQ_OPS_PENDING', 0.0, 1.0, 'PAYMENTORDER', 4, 1, 1, 0, 1, 0, 2, 4);
INSERT INTO core_accessrule (id, organization_id, branch_id, stage, action_type, is_payment_order_signer, is_active, entity_type, post_id, min_signatures, auto_advance, is_final_stage, stage_order, triggers_payment_order, created_by_id, min_level) VALUES (5748, 7, 1, 'HQ_OPS_APPROVED', 'HQ_OPS_APPROVED', 0.0, 1.0, 'PAYMENTORDER', 4, 1, 1, 0, 1, 0, 2, 4);
INSERT INTO core_accessrule (id, organization_id, branch_id, stage, action_type, is_payment_order_signer, is_active, entity_type, post_id, min_signatures, auto_advance, is_final_stage, stage_order, triggers_payment_order, created_by_id, min_level) VALUES (5749, 7, 1, 'HQ_FIN_PENDING', 'HQ_FIN_PENDING', 0.0, 1.0, 'PAYMENTORDER', 4, 1, 1, 0, 1, 0, 2, 4);
INSERT INTO core_accessrule (id, organization_id, branch_id, stage, action_type, is_payment_order_signer, is_active, entity_type, post_id, min_signatures, auto_advance, is_final_stage, stage_order, triggers_payment_order, created_by_id, min_level) VALUES (5750, 7, 1, 'DRAFT', 'DRAFT', 0.0, 1.0, 'TANKHAH', 7, 1, 1, 0, 1, 0, 2, 4);
INSERT INTO core_accessrule (id, organization_id, branch_id, stage, action_type, is_payment_order_signer, is_active, entity_type, post_id, min_signatures, auto_advance, is_final_stage, stage_order, triggers_payment_order, created_by_id, min_level) VALUES (5751, 7, 1, 'PENDING', 'PENDING', 0.0, 1.0, 'TANKHAH', 7, 1, 1, 0, 1, 0, 2, 4);
INSERT INTO core_accessrule (id, organization_id, branch_id, stage, action_type, is_payment_order_signer, is_active, entity_type, post_id, min_signatures, auto_advance, is_final_stage, stage_order, triggers_payment_order, created_by_id, min_level) VALUES (5752, 7, 1, 'APPROVE', 'APPROVE', 0.0, 1.0, 'TANKHAH', 7, 1, 1, 0, 1, 0, 2, 4);
INSERT INTO core_accessrule (id, organization_id, branch_id, stage, action_type, is_payment_order_signer, is_active, entity_type, post_id, min_signatures, auto_advance, is_final_stage, stage_order, triggers_payment_order, created_by_id, min_level) VALUES (5753, 7, 1, 'REJECT', 'REJECT', 0.0, 1.0, 'TANKHAH', 7, 1, 1, 0, 1, 0, 2, 4);
INSERT INTO core_accessrule (id, organization_id, branch_id, stage, action_type, is_payment_order_signer, is_active, entity_type, post_id, min_signatures, auto_advance, is_final_stage, stage_order, triggers_payment_order, created_by_id, min_level) VALUES (5754, 7, 1, 'STAGE_CHANGE', 'STAGE_CHANGE', 0.0, 1.0, 'TANKHAH', 7, 1, 1, 0, 1, 0, 2, 4);
INSERT INTO core_accessrule (id, organization_id, branch_id, stage, action_type, is_payment_order_signer, is_active, entity_type, post_id, min_signatures, auto_advance, is_final_stage, stage_order, triggers_payment_order, created_by_id, min_level) VALUES (5755, 7, 1, 'DELETE', 'DELETE', 0.0, 1.0, 'TANKHAH', 7, 1, 1, 0, 1, 0, 2, 4);
INSERT INTO core_accessrule (id, organization_id, branch_id, stage, action_type, is_payment_order_signer, is_active, entity_type, post_id, min_signatures, auto_advance, is_final_stage, stage_order, triggers_payment_order, created_by_id, min_level) VALUES (5756, 7, 1, 'CREATE', 'CREATE', 0.0, 1.0, 'TANKHAH', 7, 1, 1, 0, 1, 0, 2, 4);
INSERT INTO core_accessrule (id, organization_id, branch_id, stage, action_type, is_payment_order_signer, is_active, entity_type, post_id, min_signatures, auto_advance, is_final_stage, stage_order, triggers_payment_order, created_by_id, min_level) VALUES (5757, 7, 1, 'EDIT', 'EDIT', 0.0, 1.0, 'TANKHAH', 7, 1, 1, 0, 1, 0, 2, 4);
INSERT INTO core_accessrule (id, organization_id, branch_id, stage, action_type, is_payment_order_signer, is_active, entity_type, post_id, min_signatures, auto_advance, is_final_stage, stage_order, triggers_payment_order, created_by_id, min_level) VALUES (5758, 7, 1, 'VIEW', 'VIEW', 0.0, 1.0, 'TANKHAH', 7, 1, 1, 0, 1, 0, 2, 4);
INSERT INTO core_accessrule (id, organization_id, branch_id, stage, action_type, is_payment_order_signer, is_active, entity_type, post_id, min_signatures, auto_advance, is_final_stage, stage_order, triggers_payment_order, created_by_id, min_level) VALUES (5759, 7, 1, 'PAID', 'PAID', 0.0, 1.0, 'TANKHAH', 7, 1, 1, 0, 1, 0, 2, 4);
INSERT INTO core_accessrule (id, organization_id, branch_id, stage, action_type, is_payment_order_signer, is_active, entity_type, post_id, min_signatures, auto_advance, is_final_stage, stage_order, triggers_payment_order, created_by_id, min_level) VALUES (5760, 7, 1, 'PARTIAL', 'PARTIAL', 0.0, 1.0, 'TANKHAH', 7, 1, 1, 0, 1, 0, 2, 4);
INSERT INTO core_accessrule (id, organization_id, branch_id, stage, action_type, is_payment_order_signer, is_active, entity_type, post_id, min_signatures, auto_advance, is_final_stage, stage_order, triggers_payment_order, created_by_id, min_level) VALUES (5761, 7, 1, 'PENDING_APPROVAL', 'PENDING_APPROVAL', 0.0, 1.0, 'TANKHAH', 7, 1, 1, 0, 1, 0, 2, 4);
INSERT INTO core_accessrule (id, organization_id, branch_id, stage, action_type, is_payment_order_signer, is_active, entity_type, post_id, min_signatures, auto_advance, is_final_stage, stage_order, triggers_payment_order, created_by_id, min_level) VALUES (5762, 7, 1, 'APPROVED_INTERMEDIATE', 'APPROVED_INTERMEDIATE', 0.0, 1.0, 'TANKHAH', 7, 1, 1, 0, 1, 0, 2, 4);
INSERT INTO core_accessrule (id, organization_id, branch_id, stage, action_type, is_payment_order_signer, is_active, entity_type, post_id, min_signatures, auto_advance, is_final_stage, stage_order, triggers_payment_order, created_by_id, min_level) VALUES (5763, 7, 1, 'APPROVED_FINAL', 'APPROVED_FINAL', 0.0, 1.0, 'TANKHAH', 7, 1, 1, 0, 1, 0, 2, 4);
INSERT INTO core_accessrule (id, organization_id, branch_id, stage, action_type, is_payment_order_signer, is_active, entity_type, post_id, min_signatures, auto_advance, is_final_stage, stage_order, triggers_payment_order, created_by_id, min_level) VALUES (5764, 7, 1, 'SIGN_PAYMENT', 'SIGN_PAYMENT', 0.0, 1.0, 'TANKHAH', 7, 1, 1, 0, 1, 0, 2, 4);
INSERT INTO core_accessrule (id, organization_id, branch_id, stage, action_type, is_payment_order_signer, is_active, entity_type, post_id, min_signatures, auto_advance, is_final_stage, stage_order, triggers_payment_order, created_by_id, min_level) VALUES (5765, 7, 1, 'SENT_TO_HQ', 'SENT_TO_HQ', 0.0, 1.0, 'TANKHAH', 7, 1, 1, 0, 1, 0, 2, 4);
INSERT INTO core_accessrule (id, organization_id, branch_id, stage, action_type, is_payment_order_signer, is_active, entity_type, post_id, min_signatures, auto_advance, is_final_stage, stage_order, triggers_payment_order, created_by_id, min_level) VALUES (5766, 7, 1, 'HQ_OPS_PENDING', 'HQ_OPS_PENDING', 0.0, 1.0, 'TANKHAH', 7, 1, 1, 0, 1, 0, 2, 4);
INSERT INTO core_accessrule (id, organization_id, branch_id, stage, action_type, is_payment_order_signer, is_active, entity_type, post_id, min_signatures, auto_advance, is_final_stage, stage_order, triggers_payment_order, created_by_id, min_level) VALUES (5767, 7, 1, 'HQ_OPS_APPROVED', 'HQ_OPS_APPROVED', 0.0, 1.0, 'TANKHAH', 7, 1, 1, 0, 1, 0, 2, 4);
INSERT INTO core_accessrule (id, organization_id, branch_id, stage, action_type, is_payment_order_signer, is_active, entity_type, post_id, min_signatures, auto_advance, is_final_stage, stage_order, triggers_payment_order, created_by_id, min_level) VALUES (5768, 7, 1, 'HQ_FIN_PENDING', 'HQ_FIN_PENDING', 0.0, 1.0, 'TANKHAH', 7, 1, 1, 0, 1, 0, 2, 4);
INSERT INTO core_accessrule (id, organization_id, branch_id, stage, action_type, is_payment_order_signer, is_active, entity_type, post_id, min_signatures, auto_advance, is_final_stage, stage_order, triggers_payment_order, created_by_id, min_level) VALUES (5769, 7, 1, 'DRAFT', 'DRAFT', 0.0, 1.0, 'REPORTS', 7, 1, 1, 0, 1, 0, 2, 4);
INSERT INTO core_accessrule (id, organization_id, branch_id, stage, action_type, is_payment_order_signer, is_active, entity_type, post_id, min_signatures, auto_advance, is_final_stage, stage_order, triggers_payment_order, created_by_id, min_level) VALUES (5770, 7, 1, 'PENDING', 'PENDING', 0.0, 1.0, 'REPORTS', 7, 1, 1, 0, 1, 0, 2, 4);
INSERT INTO core_accessrule (id, organization_id, branch_id, stage, action_type, is_payment_order_signer, is_active, entity_type, post_id, min_signatures, auto_advance, is_final_stage, stage_order, triggers_payment_order, created_by_id, min_level) VALUES (5771, 7, 1, 'APPROVE', 'APPROVE', 0.0, 1.0, 'REPORTS', 7, 1, 1, 0, 1, 0, 2, 4);
INSERT INTO core_accessrule (id, organization_id, branch_id, stage, action_type, is_payment_order_signer, is_active, entity_type, post_id, min_signatures, auto_advance, is_final_stage, stage_order, triggers_payment_order, created_by_id, min_level) VALUES (5772, 7, 1, 'REJECT', 'REJECT', 0.0, 1.0, 'REPORTS', 7, 1, 1, 0, 1, 0, 2, 4);
INSERT INTO core_accessrule (id, organization_id, branch_id, stage, action_type, is_payment_order_signer, is_active, entity_type, post_id, min_signatures, auto_advance, is_final_stage, stage_order, triggers_payment_order, created_by_id, min_level) VALUES (5773, 7, 1, 'STAGE_CHANGE', 'STAGE_CHANGE', 0.0, 1.0, 'REPORTS', 7, 1, 1, 0, 1, 0, 2, 4);
INSERT INTO core_accessrule (id, organization_id, branch_id, stage, action_type, is_payment_order_signer, is_active, entity_type, post_id, min_signatures, auto_advance, is_final_stage, stage_order, triggers_payment_order, created_by_id, min_level) VALUES (5774, 7, 1, 'DELETE', 'DELETE', 0.0, 1.0, 'REPORTS', 7, 1, 1, 0, 1, 0, 2, 4);
INSERT INTO core_accessrule (id, organization_id, branch_id, stage, action_type, is_payment_order_signer, is_active, entity_type, post_id, min_signatures, auto_advance, is_final_stage, stage_order, triggers_payment_order, created_by_id, min_level) VALUES (5775, 7, 1, 'CREATE', 'CREATE', 0.0, 1.0, 'REPORTS', 7, 1, 1, 0, 1, 0, 2, 4);
INSERT INTO core_accessrule (id, organization_id, branch_id, stage, action_type, is_payment_order_signer, is_active, entity_type, post_id, min_signatures, auto_advance, is_final_stage, stage_order, triggers_payment_order, created_by_id, min_level) VALUES (5776, 7, 1, 'EDIT', 'EDIT', 0.0, 1.0, 'REPORTS', 7, 1, 1, 0, 1, 0, 2, 4);
INSERT INTO core_accessrule (id, organization_id, branch_id, stage, action_type, is_payment_order_signer, is_active, entity_type, post_id, min_signatures, auto_advance, is_final_stage, stage_order, triggers_payment_order, created_by_id, min_level) VALUES (5777, 7, 1, 'VIEW', 'VIEW', 0.0, 1.0, 'REPORTS', 7, 1, 1, 0, 1, 0, 2, 4);
INSERT INTO core_accessrule (id, organization_id, branch_id, stage, action_type, is_payment_order_signer, is_active, entity_type, post_id, min_signatures, auto_advance, is_final_stage, stage_order, triggers_payment_order, created_by_id, min_level) VALUES (5778, 7, 1, 'PAID', 'PAID', 0.0, 1.0, 'REPORTS', 7, 1, 1, 0, 1, 0, 2, 4);
INSERT INTO core_accessrule (id, organization_id, branch_id, stage, action_type, is_payment_order_signer, is_active, entity_type, post_id, min_signatures, auto_advance, is_final_stage, stage_order, triggers_payment_order, created_by_id, min_level) VALUES (5779, 7, 1, 'PARTIAL', 'PARTIAL', 0.0, 1.0, 'REPORTS', 7, 1, 1, 0, 1, 0, 2, 4);
INSERT INTO core_accessrule (id, organization_id, branch_id, stage, action_type, is_payment_order_signer, is_active, entity_type, post_id, min_signatures, auto_advance, is_final_stage, stage_order, triggers_payment_order, created_by_id, min_level) VALUES (5780, 7, 1, 'PENDING_APPROVAL', 'PENDING_APPROVAL', 0.0, 1.0, 'REPORTS', 7, 1, 1, 0, 1, 0, 2, 4);
INSERT INTO core_accessrule (id, organization_id, branch_id, stage, action_type, is_payment_order_signer, is_active, entity_type, post_id, min_signatures, auto_advance, is_final_stage, stage_order, triggers_payment_order, created_by_id, min_level) VALUES (5781, 7, 1, 'APPROVED_INTERMEDIATE', 'APPROVED_INTERMEDIATE', 0.0, 1.0, 'REPORTS', 7, 1, 1, 0, 1, 0, 2, 4);
INSERT INTO core_accessrule (id, organization_id, branch_id, stage, action_type, is_payment_order_signer, is_active, entity_type, post_id, min_signatures, auto_advance, is_final_stage, stage_order, triggers_payment_order, created_by_id, min_level) VALUES (5782, 7, 1, 'APPROVED_FINAL', 'APPROVED_FINAL', 0.0, 1.0, 'REPORTS', 7, 1, 1, 0, 1, 0, 2, 4);
INSERT INTO core_accessrule (id, organization_id, branch_id, stage, action_type, is_payment_order_signer, is_active, entity_type, post_id, min_signatures, auto_advance, is_final_stage, stage_order, triggers_payment_order, created_by_id, min_level) VALUES (5783, 7, 1, 'SIGN_PAYMENT', 'SIGN_PAYMENT', 0.0, 1.0, 'REPORTS', 7, 1, 1, 0, 1, 0, 2, 4);
INSERT INTO core_accessrule (id, organization_id, branch_id, stage, action_type, is_payment_order_signer, is_active, entity_type, post_id, min_signatures, auto_advance, is_final_stage, stage_order, triggers_payment_order, created_by_id, min_level) VALUES (5784, 7, 1, 'SENT_TO_HQ', 'SENT_TO_HQ', 0.0, 1.0, 'REPORTS', 7, 1, 1, 0, 1, 0, 2, 4);
INSERT INTO core_accessrule (id, organization_id, branch_id, stage, action_type, is_payment_order_signer, is_active, entity_type, post_id, min_signatures, auto_advance, is_final_stage, stage_order, triggers_payment_order, created_by_id, min_level) VALUES (5785, 7, 1, 'HQ_OPS_PENDING', 'HQ_OPS_PENDING', 0.0, 1.0, 'REPORTS', 7, 1, 1, 0, 1, 0, 2, 4);
INSERT INTO core_accessrule (id, organization_id, branch_id, stage, action_type, is_payment_order_signer, is_active, entity_type, post_id, min_signatures, auto_advance, is_final_stage, stage_order, triggers_payment_order, created_by_id, min_level) VALUES (5786, 7, 1, 'HQ_OPS_APPROVED', 'HQ_OPS_APPROVED', 0.0, 1.0, 'REPORTS', 7, 1, 1, 0, 1, 0, 2, 4);
INSERT INTO core_accessrule (id, organization_id, branch_id, stage, action_type, is_payment_order_signer, is_active, entity_type, post_id, min_signatures, auto_advance, is_final_stage, stage_order, triggers_payment_order, created_by_id, min_level) VALUES (5787, 7, 1, 'HQ_FIN_PENDING', 'HQ_FIN_PENDING', 0.0, 1.0, 'REPORTS', 7, 1, 1, 0, 1, 0, 2, 4);
INSERT INTO core_accessrule (id, organization_id, branch_id, stage, action_type, is_payment_order_signer, is_active, entity_type, post_id, min_signatures, auto_advance, is_final_stage, stage_order, triggers_payment_order, created_by_id, min_level) VALUES (5807, 6, 3, 'DRAFT', 'DRAFT', 0.0, 1.0, 'TANKHAH', 20, 1, 1, 0, 1, 0, 2, 5);
INSERT INTO core_accessrule (id, organization_id, branch_id, stage, action_type, is_payment_order_signer, is_active, entity_type, post_id, min_signatures, auto_advance, is_final_stage, stage_order, triggers_payment_order, created_by_id, min_level) VALUES (5808, 6, 3, 'PENDING', 'PENDING', 0.0, 1.0, 'TANKHAH', 20, 1, 1, 0, 1, 0, 2, 5);
INSERT INTO core_accessrule (id, organization_id, branch_id, stage, action_type, is_payment_order_signer, is_active, entity_type, post_id, min_signatures, auto_advance, is_final_stage, stage_order, triggers_payment_order, created_by_id, min_level) VALUES (5809, 6, 3, 'APPROVE', 'APPROVE', 0.0, 1.0, 'TANKHAH', 20, 1, 1, 0, 1, 0, 2, 5);
INSERT INTO core_accessrule (id, organization_id, branch_id, stage, action_type, is_payment_order_signer, is_active, entity_type, post_id, min_signatures, auto_advance, is_final_stage, stage_order, triggers_payment_order, created_by_id, min_level) VALUES (5810, 6, 3, 'REJECT', 'REJECT', 0.0, 1.0, 'TANKHAH', 20, 1, 1, 0, 1, 0, 2, 5);
INSERT INTO core_accessrule (id, organization_id, branch_id, stage, action_type, is_payment_order_signer, is_active, entity_type, post_id, min_signatures, auto_advance, is_final_stage, stage_order, triggers_payment_order, created_by_id, min_level) VALUES (5811, 6, 3, 'STAGE_CHANGE', 'STAGE_CHANGE', 0.0, 1.0, 'TANKHAH', 20, 1, 1, 0, 1, 0, 2, 5);
INSERT INTO core_accessrule (id, organization_id, branch_id, stage, action_type, is_payment_order_signer, is_active, entity_type, post_id, min_signatures, auto_advance, is_final_stage, stage_order, triggers_payment_order, created_by_id, min_level) VALUES (5812, 6, 3, 'DELETE', 'DELETE', 0.0, 1.0, 'TANKHAH', 20, 1, 1, 0, 1, 0, 2, 5);
INSERT INTO core_accessrule (id, organization_id, branch_id, stage, action_type, is_payment_order_signer, is_active, entity_type, post_id, min_signatures, auto_advance, is_final_stage, stage_order, triggers_payment_order, created_by_id, min_level) VALUES (5813, 6, 3, 'CREATE', 'CREATE', 0.0, 1.0, 'TANKHAH', 20, 1, 1, 0, 1, 0, 2, 5);
INSERT INTO core_accessrule (id, organization_id, branch_id, stage, action_type, is_payment_order_signer, is_active, entity_type, post_id, min_signatures, auto_advance, is_final_stage, stage_order, triggers_payment_order, created_by_id, min_level) VALUES (5814, 6, 3, 'EDIT', 'EDIT', 0.0, 1.0, 'TANKHAH', 20, 1, 1, 0, 1, 0, 2, 5);
INSERT INTO core_accessrule (id, organization_id, branch_id, stage, action_type, is_payment_order_signer, is_active, entity_type, post_id, min_signatures, auto_advance, is_final_stage, stage_order, triggers_payment_order, created_by_id, min_level) VALUES (5815, 6, 3, 'VIEW', 'VIEW', 0.0, 1.0, 'TANKHAH', 20, 1, 1, 0, 1, 0, 2, 5);
INSERT INTO core_accessrule (id, organization_id, branch_id, stage, action_type, is_payment_order_signer, is_active, entity_type, post_id, min_signatures, auto_advance, is_final_stage, stage_order, triggers_payment_order, created_by_id, min_level) VALUES (5816, 6, 3, 'PAID', 'PAID', 0.0, 1.0, 'TANKHAH', 20, 1, 1, 0, 1, 0, 2, 5);
INSERT INTO core_accessrule (id, organization_id, branch_id, stage, action_type, is_payment_order_signer, is_active, entity_type, post_id, min_signatures, auto_advance, is_final_stage, stage_order, triggers_payment_order, created_by_id, min_level) VALUES (5817, 6, 3, 'PARTIAL', 'PARTIAL', 0.0, 1.0, 'TANKHAH', 20, 1, 1, 0, 1, 0, 2, 5);
INSERT INTO core_accessrule (id, organization_id, branch_id, stage, action_type, is_payment_order_signer, is_active, entity_type, post_id, min_signatures, auto_advance, is_final_stage, stage_order, triggers_payment_order, created_by_id, min_level) VALUES (5818, 6, 3, 'PENDING_APPROVAL', 'PENDING_APPROVAL', 0.0, 1.0, 'TANKHAH', 20, 1, 1, 0, 1, 0, 2, 5);
INSERT INTO core_accessrule (id, organization_id, branch_id, stage, action_type, is_payment_order_signer, is_active, entity_type, post_id, min_signatures, auto_advance, is_final_stage, stage_order, triggers_payment_order, created_by_id, min_level) VALUES (5819, 6, 3, 'APPROVED_INTERMEDIATE', 'APPROVED_INTERMEDIATE', 0.0, 1.0, 'TANKHAH', 20, 1, 1, 0, 1, 0, 2, 5);
INSERT INTO core_accessrule (id, organization_id, branch_id, stage, action_type, is_payment_order_signer, is_active, entity_type, post_id, min_signatures, auto_advance, is_final_stage, stage_order, triggers_payment_order, created_by_id, min_level) VALUES (5820, 6, 3, 'APPROVED_FINAL', 'APPROVED_FINAL', 0.0, 1.0, 'TANKHAH', 20, 1, 1, 0, 1, 0, 2, 5);
INSERT INTO core_accessrule (id, organization_id, branch_id, stage, action_type, is_payment_order_signer, is_active, entity_type, post_id, min_signatures, auto_advance, is_final_stage, stage_order, triggers_payment_order, created_by_id, min_level) VALUES (5821, 6, 3, 'SIGN_PAYMENT', 'SIGN_PAYMENT', 0.0, 1.0, 'TANKHAH', 20, 1, 1, 0, 1, 0, 2, 5);
INSERT INTO core_accessrule (id, organization_id, branch_id, stage, action_type, is_payment_order_signer, is_active, entity_type, post_id, min_signatures, auto_advance, is_final_stage, stage_order, triggers_payment_order, created_by_id, min_level) VALUES (5822, 6, 3, 'SENT_TO_HQ', 'SENT_TO_HQ', 0.0, 1.0, 'TANKHAH', 20, 1, 1, 0, 1, 0, 2, 5);
INSERT INTO core_accessrule (id, organization_id, branch_id, stage, action_type, is_payment_order_signer, is_active, entity_type, post_id, min_signatures, auto_advance, is_final_stage, stage_order, triggers_payment_order, created_by_id, min_level) VALUES (5823, 6, 3, 'HQ_OPS_PENDING', 'HQ_OPS_PENDING', 0.0, 1.0, 'TANKHAH', 20, 1, 1, 0, 1, 0, 2, 5);
INSERT INTO core_accessrule (id, organization_id, branch_id, stage, action_type, is_payment_order_signer, is_active, entity_type, post_id, min_signatures, auto_advance, is_final_stage, stage_order, triggers_payment_order, created_by_id, min_level) VALUES (5824, 6, 3, 'HQ_OPS_APPROVED', 'HQ_OPS_APPROVED', 0.0, 1.0, 'TANKHAH', 20, 1, 1, 0, 1, 0, 2, 5);
INSERT INTO core_accessrule (id, organization_id, branch_id, stage, action_type, is_payment_order_signer, is_active, entity_type, post_id, min_signatures, auto_advance, is_final_stage, stage_order, triggers_payment_order, created_by_id, min_level) VALUES (5825, 6, 3, 'HQ_FIN_PENDING', 'HQ_FIN_PENDING', 0.0, 1.0, 'TANKHAH', 20, 1, 1, 0, 1, 0, 2, 5);
INSERT INTO core_accessrule (id, organization_id, branch_id, stage, action_type, is_payment_order_signer, is_active, entity_type, post_id, min_signatures, auto_advance, is_final_stage, stage_order, triggers_payment_order, created_by_id, min_level) VALUES (5826, 6, 3, 'DRAFT', 'DRAFT', 0.0, 1.0, 'BUDGET', 20, 1, 1, 0, 1, 0, 2, 5);
INSERT INTO core_accessrule (id, organization_id, branch_id, stage, action_type, is_payment_order_signer, is_active, entity_type, post_id, min_signatures, auto_advance, is_final_stage, stage_order, triggers_payment_order, created_by_id, min_level) VALUES (5827, 6, 3, 'PENDING', 'PENDING', 0.0, 1.0, 'BUDGET', 20, 1, 1, 0, 1, 0, 2, 5);
INSERT INTO core_accessrule (id, organization_id, branch_id, stage, action_type, is_payment_order_signer, is_active, entity_type, post_id, min_signatures, auto_advance, is_final_stage, stage_order, triggers_payment_order, created_by_id, min_level) VALUES (5828, 6, 3, 'APPROVE', 'APPROVE', 0.0, 1.0, 'BUDGET', 20, 1, 1, 0, 1, 0, 2, 5);
INSERT INTO core_accessrule (id, organization_id, branch_id, stage, action_type, is_payment_order_signer, is_active, entity_type, post_id, min_signatures, auto_advance, is_final_stage, stage_order, triggers_payment_order, created_by_id, min_level) VALUES (5829, 6, 3, 'REJECT', 'REJECT', 0.0, 1.0, 'BUDGET', 20, 1, 1, 0, 1, 0, 2, 5);
INSERT INTO core_accessrule (id, organization_id, branch_id, stage, action_type, is_payment_order_signer, is_active, entity_type, post_id, min_signatures, auto_advance, is_final_stage, stage_order, triggers_payment_order, created_by_id, min_level) VALUES (5830, 6, 3, 'STAGE_CHANGE', 'STAGE_CHANGE', 0.0, 1.0, 'BUDGET', 20, 1, 1, 0, 1, 0, 2, 5);
INSERT INTO core_accessrule (id, organization_id, branch_id, stage, action_type, is_payment_order_signer, is_active, entity_type, post_id, min_signatures, auto_advance, is_final_stage, stage_order, triggers_payment_order, created_by_id, min_level) VALUES (5831, 6, 3, 'DELETE', 'DELETE', 0.0, 1.0, 'BUDGET', 20, 1, 1, 0, 1, 0, 2, 5);
INSERT INTO core_accessrule (id, organization_id, branch_id, stage, action_type, is_payment_order_signer, is_active, entity_type, post_id, min_signatures, auto_advance, is_final_stage, stage_order, triggers_payment_order, created_by_id, min_level) VALUES (5832, 6, 3, 'CREATE', 'CREATE', 0.0, 1.0, 'BUDGET', 20, 1, 1, 0, 1, 0, 2, 5);
INSERT INTO core_accessrule (id, organization_id, branch_id, stage, action_type, is_payment_order_signer, is_active, entity_type, post_id, min_signatures, auto_advance, is_final_stage, stage_order, triggers_payment_order, created_by_id, min_level) VALUES (5833, 6, 3, 'EDIT', 'EDIT', 0.0, 1.0, 'BUDGET', 20, 1, 1, 0, 1, 0, 2, 5);
INSERT INTO core_accessrule (id, organization_id, branch_id, stage, action_type, is_payment_order_signer, is_active, entity_type, post_id, min_signatures, auto_advance, is_final_stage, stage_order, triggers_payment_order, created_by_id, min_level) VALUES (5834, 6, 3, 'VIEW', 'VIEW', 0.0, 1.0, 'BUDGET', 20, 1, 1, 0, 1, 0, 2, 5);
INSERT INTO core_accessrule (id, organization_id, branch_id, stage, action_type, is_payment_order_signer, is_active, entity_type, post_id, min_signatures, auto_advance, is_final_stage, stage_order, triggers_payment_order, created_by_id, min_level) VALUES (5835, 6, 3, 'PAID', 'PAID', 0.0, 1.0, 'BUDGET', 20, 1, 1, 0, 1, 0, 2, 5);
INSERT INTO core_accessrule (id, organization_id, branch_id, stage, action_type, is_payment_order_signer, is_active, entity_type, post_id, min_signatures, auto_advance, is_final_stage, stage_order, triggers_payment_order, created_by_id, min_level) VALUES (5836, 6, 3, 'PARTIAL', 'PARTIAL', 0.0, 1.0, 'BUDGET', 20, 1, 1, 0, 1, 0, 2, 5);
INSERT INTO core_accessrule (id, organization_id, branch_id, stage, action_type, is_payment_order_signer, is_active, entity_type, post_id, min_signatures, auto_advance, is_final_stage, stage_order, triggers_payment_order, created_by_id, min_level) VALUES (5837, 6, 3, 'PENDING_APPROVAL', 'PENDING_APPROVAL', 0.0, 1.0, 'BUDGET', 20, 1, 1, 0, 1, 0, 2, 5);
INSERT INTO core_accessrule (id, organization_id, branch_id, stage, action_type, is_payment_order_signer, is_active, entity_type, post_id, min_signatures, auto_advance, is_final_stage, stage_order, triggers_payment_order, created_by_id, min_level) VALUES (5838, 6, 3, 'APPROVED_INTERMEDIATE', 'APPROVED_INTERMEDIATE', 0.0, 1.0, 'BUDGET', 20, 1, 1, 0, 1, 0, 2, 5);
INSERT INTO core_accessrule (id, organization_id, branch_id, stage, action_type, is_payment_order_signer, is_active, entity_type, post_id, min_signatures, auto_advance, is_final_stage, stage_order, triggers_payment_order, created_by_id, min_level) VALUES (5839, 6, 3, 'APPROVED_FINAL', 'APPROVED_FINAL', 0.0, 1.0, 'BUDGET', 20, 1, 1, 0, 1, 0, 2, 5);
INSERT INTO core_accessrule (id, organization_id, branch_id, stage, action_type, is_payment_order_signer, is_active, entity_type, post_id, min_signatures, auto_advance, is_final_stage, stage_order, triggers_payment_order, created_by_id, min_level) VALUES (5840, 6, 3, 'SIGN_PAYMENT', 'SIGN_PAYMENT', 0.0, 1.0, 'BUDGET', 20, 1, 1, 0, 1, 0, 2, 5);
INSERT INTO core_accessrule (id, organization_id, branch_id, stage, action_type, is_payment_order_signer, is_active, entity_type, post_id, min_signatures, auto_advance, is_final_stage, stage_order, triggers_payment_order, created_by_id, min_level) VALUES (5841, 6, 3, 'SENT_TO_HQ', 'SENT_TO_HQ', 0.0, 1.0, 'BUDGET', 20, 1, 1, 0, 1, 0, 2, 5);
INSERT INTO core_accessrule (id, organization_id, branch_id, stage, action_type, is_payment_order_signer, is_active, entity_type, post_id, min_signatures, auto_advance, is_final_stage, stage_order, triggers_payment_order, created_by_id, min_level) VALUES (5842, 6, 3, 'HQ_OPS_PENDING', 'HQ_OPS_PENDING', 0.0, 1.0, 'BUDGET', 20, 1, 1, 0, 1, 0, 2, 5);
INSERT INTO core_accessrule (id, organization_id, branch_id, stage, action_type, is_payment_order_signer, is_active, entity_type, post_id, min_signatures, auto_advance, is_final_stage, stage_order, triggers_payment_order, created_by_id, min_level) VALUES (5843, 6, 3, 'HQ_OPS_APPROVED', 'HQ_OPS_APPROVED', 0.0, 1.0, 'BUDGET', 20, 1, 1, 0, 1, 0, 2, 5);
INSERT INTO core_accessrule (id, organization_id, branch_id, stage, action_type, is_payment_order_signer, is_active, entity_type, post_id, min_signatures, auto_advance, is_final_stage, stage_order, triggers_payment_order, created_by_id, min_level) VALUES (5844, 6, 3, 'HQ_FIN_PENDING', 'HQ_FIN_PENDING', 0.0, 1.0, 'BUDGET', 20, 1, 1, 0, 1, 0, 2, 5);
INSERT INTO core_accessrule (id, organization_id, branch_id, stage, action_type, is_payment_order_signer, is_active, entity_type, post_id, min_signatures, auto_advance, is_final_stage, stage_order, triggers_payment_order, created_by_id, min_level) VALUES (5845, 6, 3, 'DRAFT', 'DRAFT', 0.0, 1.0, 'PAYMENTORDER', 20, 1, 1, 0, 1, 0, 2, 5);
INSERT INTO core_accessrule (id, organization_id, branch_id, stage, action_type, is_payment_order_signer, is_active, entity_type, post_id, min_signatures, auto_advance, is_final_stage, stage_order, triggers_payment_order, created_by_id, min_level) VALUES (5846, 6, 3, 'PENDING', 'PENDING', 0.0, 1.0, 'PAYMENTORDER', 20, 1, 1, 0, 1, 0, 2, 5);
INSERT INTO core_accessrule (id, organization_id, branch_id, stage, action_type, is_payment_order_signer, is_active, entity_type, post_id, min_signatures, auto_advance, is_final_stage, stage_order, triggers_payment_order, created_by_id, min_level) VALUES (5847, 6, 3, 'APPROVE', 'APPROVE', 0.0, 1.0, 'PAYMENTORDER', 20, 1, 1, 0, 1, 0, 2, 5);
INSERT INTO core_accessrule (id, organization_id, branch_id, stage, action_type, is_payment_order_signer, is_active, entity_type, post_id, min_signatures, auto_advance, is_final_stage, stage_order, triggers_payment_order, created_by_id, min_level) VALUES (5848, 6, 3, 'REJECT', 'REJECT', 0.0, 1.0, 'PAYMENTORDER', 20, 1, 1, 0, 1, 0, 2, 5);
INSERT INTO core_accessrule (id, organization_id, branch_id, stage, action_type, is_payment_order_signer, is_active, entity_type, post_id, min_signatures, auto_advance, is_final_stage, stage_order, triggers_payment_order, created_by_id, min_level) VALUES (5849, 6, 3, 'STAGE_CHANGE', 'STAGE_CHANGE', 0.0, 1.0, 'PAYMENTORDER', 20, 1, 1, 0, 1, 0, 2, 5);
INSERT INTO core_accessrule (id, organization_id, branch_id, stage, action_type, is_payment_order_signer, is_active, entity_type, post_id, min_signatures, auto_advance, is_final_stage, stage_order, triggers_payment_order, created_by_id, min_level) VALUES (5850, 6, 3, 'DELETE', 'DELETE', 0.0, 1.0, 'PAYMENTORDER', 20, 1, 1, 0, 1, 0, 2, 5);
INSERT INTO core_accessrule (id, organization_id, branch_id, stage, action_type, is_payment_order_signer, is_active, entity_type, post_id, min_signatures, auto_advance, is_final_stage, stage_order, triggers_payment_order, created_by_id, min_level) VALUES (5851, 6, 3, 'CREATE', 'CREATE', 0.0, 1.0, 'PAYMENTORDER', 20, 1, 1, 0, 1, 0, 2, 5);
INSERT INTO core_accessrule (id, organization_id, branch_id, stage, action_type, is_payment_order_signer, is_active, entity_type, post_id, min_signatures, auto_advance, is_final_stage, stage_order, triggers_payment_order, created_by_id, min_level) VALUES (5852, 6, 3, 'EDIT', 'EDIT', 0.0, 1.0, 'PAYMENTORDER', 20, 1, 1, 0, 1, 0, 2, 5);
INSERT INTO core_accessrule (id, organization_id, branch_id, stage, action_type, is_payment_order_signer, is_active, entity_type, post_id, min_signatures, auto_advance, is_final_stage, stage_order, triggers_payment_order, created_by_id, min_level) VALUES (5853, 6, 3, 'VIEW', 'VIEW', 0.0, 1.0, 'PAYMENTORDER', 20, 1, 1, 0, 1, 0, 2, 5);
INSERT INTO core_accessrule (id, organization_id, branch_id, stage, action_type, is_payment_order_signer, is_active, entity_type, post_id, min_signatures, auto_advance, is_final_stage, stage_order, triggers_payment_order, created_by_id, min_level) VALUES (5854, 6, 3, 'PAID', 'PAID', 0.0, 1.0, 'PAYMENTORDER', 20, 1, 1, 0, 1, 0, 2, 5);
INSERT INTO core_accessrule (id, organization_id, branch_id, stage, action_type, is_payment_order_signer, is_active, entity_type, post_id, min_signatures, auto_advance, is_final_stage, stage_order, triggers_payment_order, created_by_id, min_level) VALUES (5855, 6, 3, 'PARTIAL', 'PARTIAL', 0.0, 1.0, 'PAYMENTORDER', 20, 1, 1, 0, 1, 0, 2, 5);
INSERT INTO core_accessrule (id, organization_id, branch_id, stage, action_type, is_payment_order_signer, is_active, entity_type, post_id, min_signatures, auto_advance, is_final_stage, stage_order, triggers_payment_order, created_by_id, min_level) VALUES (5856, 6, 3, 'PENDING_APPROVAL', 'PENDING_APPROVAL', 0.0, 1.0, 'PAYMENTORDER', 20, 1, 1, 0, 1, 0, 2, 5);
INSERT INTO core_accessrule (id, organization_id, branch_id, stage, action_type, is_payment_order_signer, is_active, entity_type, post_id, min_signatures, auto_advance, is_final_stage, stage_order, triggers_payment_order, created_by_id, min_level) VALUES (5857, 6, 3, 'APPROVED_INTERMEDIATE', 'APPROVED_INTERMEDIATE', 0.0, 1.0, 'PAYMENTORDER', 20, 1, 1, 0, 1, 0, 2, 5);
INSERT INTO core_accessrule (id, organization_id, branch_id, stage, action_type, is_payment_order_signer, is_active, entity_type, post_id, min_signatures, auto_advance, is_final_stage, stage_order, triggers_payment_order, created_by_id, min_level) VALUES (5858, 6, 3, 'APPROVED_FINAL', 'APPROVED_FINAL', 0.0, 1.0, 'PAYMENTORDER', 20, 1, 1, 0, 1, 0, 2, 5);
INSERT INTO core_accessrule (id, organization_id, branch_id, stage, action_type, is_payment_order_signer, is_active, entity_type, post_id, min_signatures, auto_advance, is_final_stage, stage_order, triggers_payment_order, created_by_id, min_level) VALUES (5859, 6, 3, 'SIGN_PAYMENT', 'SIGN_PAYMENT', 0.0, 1.0, 'PAYMENTORDER', 20, 1, 1, 0, 1, 0, 2, 5);
INSERT INTO core_accessrule (id, organization_id, branch_id, stage, action_type, is_payment_order_signer, is_active, entity_type, post_id, min_signatures, auto_advance, is_final_stage, stage_order, triggers_payment_order, created_by_id, min_level) VALUES (5860, 6, 3, 'SENT_TO_HQ', 'SENT_TO_HQ', 0.0, 1.0, 'PAYMENTORDER', 20, 1, 1, 0, 1, 0, 2, 5);
INSERT INTO core_accessrule (id, organization_id, branch_id, stage, action_type, is_payment_order_signer, is_active, entity_type, post_id, min_signatures, auto_advance, is_final_stage, stage_order, triggers_payment_order, created_by_id, min_level) VALUES (5861, 6, 3, 'HQ_OPS_PENDING', 'HQ_OPS_PENDING', 0.0, 1.0, 'PAYMENTORDER', 20, 1, 1, 0, 1, 0, 2, 5);
INSERT INTO core_accessrule (id, organization_id, branch_id, stage, action_type, is_payment_order_signer, is_active, entity_type, post_id, min_signatures, auto_advance, is_final_stage, stage_order, triggers_payment_order, created_by_id, min_level) VALUES (5862, 6, 3, 'HQ_OPS_APPROVED', 'HQ_OPS_APPROVED', 0.0, 1.0, 'PAYMENTORDER', 20, 1, 1, 0, 1, 0, 2, 5);
INSERT INTO core_accessrule (id, organization_id, branch_id, stage, action_type, is_payment_order_signer, is_active, entity_type, post_id, min_signatures, auto_advance, is_final_stage, stage_order, triggers_payment_order, created_by_id, min_level) VALUES (5863, 6, 3, 'HQ_FIN_PENDING', 'HQ_FIN_PENDING', 0.0, 1.0, 'PAYMENTORDER', 20, 1, 1, 0, 1, 0, 2, 5);
INSERT INTO core_accessrule (id, organization_id, branch_id, stage, action_type, is_payment_order_signer, is_active, entity_type, post_id, min_signatures, auto_advance, is_final_stage, stage_order, triggers_payment_order, created_by_id, min_level) VALUES (5864, 6, 3, 'DRAFT', 'DRAFT', 0.0, 1.0, 'REPORTS', 20, 1, 1, 0, 1, 0, 2, 5);
INSERT INTO core_accessrule (id, organization_id, branch_id, stage, action_type, is_payment_order_signer, is_active, entity_type, post_id, min_signatures, auto_advance, is_final_stage, stage_order, triggers_payment_order, created_by_id, min_level) VALUES (5865, 6, 3, 'PENDING', 'PENDING', 0.0, 1.0, 'REPORTS', 20, 1, 1, 0, 1, 0, 2, 5);
INSERT INTO core_accessrule (id, organization_id, branch_id, stage, action_type, is_payment_order_signer, is_active, entity_type, post_id, min_signatures, auto_advance, is_final_stage, stage_order, triggers_payment_order, created_by_id, min_level) VALUES (5866, 6, 3, 'APPROVE', 'APPROVE', 0.0, 1.0, 'REPORTS', 20, 1, 1, 0, 1, 0, 2, 5);
INSERT INTO core_accessrule (id, organization_id, branch_id, stage, action_type, is_payment_order_signer, is_active, entity_type, post_id, min_signatures, auto_advance, is_final_stage, stage_order, triggers_payment_order, created_by_id, min_level) VALUES (5867, 6, 3, 'REJECT', 'REJECT', 0.0, 1.0, 'REPORTS', 20, 1, 1, 0, 1, 0, 2, 5);
INSERT INTO core_accessrule (id, organization_id, branch_id, stage, action_type, is_payment_order_signer, is_active, entity_type, post_id, min_signatures, auto_advance, is_final_stage, stage_order, triggers_payment_order, created_by_id, min_level) VALUES (5868, 6, 3, 'STAGE_CHANGE', 'STAGE_CHANGE', 0.0, 1.0, 'REPORTS', 20, 1, 1, 0, 1, 0, 2, 5);
INSERT INTO core_accessrule (id, organization_id, branch_id, stage, action_type, is_payment_order_signer, is_active, entity_type, post_id, min_signatures, auto_advance, is_final_stage, stage_order, triggers_payment_order, created_by_id, min_level) VALUES (5869, 6, 3, 'DELETE', 'DELETE', 0.0, 1.0, 'REPORTS', 20, 1, 1, 0, 1, 0, 2, 5);
INSERT INTO core_accessrule (id, organization_id, branch_id, stage, action_type, is_payment_order_signer, is_active, entity_type, post_id, min_signatures, auto_advance, is_final_stage, stage_order, triggers_payment_order, created_by_id, min_level) VALUES (5870, 6, 3, 'CREATE', 'CREATE', 0.0, 1.0, 'REPORTS', 20, 1, 1, 0, 1, 0, 2, 5);
INSERT INTO core_accessrule (id, organization_id, branch_id, stage, action_type, is_payment_order_signer, is_active, entity_type, post_id, min_signatures, auto_advance, is_final_stage, stage_order, triggers_payment_order, created_by_id, min_level) VALUES (5871, 6, 3, 'EDIT', 'EDIT', 0.0, 1.0, 'REPORTS', 20, 1, 1, 0, 1, 0, 2, 5);
INSERT INTO core_accessrule (id, organization_id, branch_id, stage, action_type, is_payment_order_signer, is_active, entity_type, post_id, min_signatures, auto_advance, is_final_stage, stage_order, triggers_payment_order, created_by_id, min_level) VALUES (5872, 6, 3, 'VIEW', 'VIEW', 0.0, 1.0, 'REPORTS', 20, 1, 1, 0, 1, 0, 2, 5);
INSERT INTO core_accessrule (id, organization_id, branch_id, stage, action_type, is_payment_order_signer, is_active, entity_type, post_id, min_signatures, auto_advance, is_final_stage, stage_order, triggers_payment_order, created_by_id, min_level) VALUES (5873, 6, 3, 'PAID', 'PAID', 0.0, 1.0, 'REPORTS', 20, 1, 1, 0, 1, 0, 2, 5);
INSERT INTO core_accessrule (id, organization_id, branch_id, stage, action_type, is_payment_order_signer, is_active, entity_type, post_id, min_signatures, auto_advance, is_final_stage, stage_order, triggers_payment_order, created_by_id, min_level) VALUES (5874, 6, 3, 'PARTIAL', 'PARTIAL', 0.0, 1.0, 'REPORTS', 20, 1, 1, 0, 1, 0, 2, 5);
INSERT INTO core_accessrule (id, organization_id, branch_id, stage, action_type, is_payment_order_signer, is_active, entity_type, post_id, min_signatures, auto_advance, is_final_stage, stage_order, triggers_payment_order, created_by_id, min_level) VALUES (5875, 6, 3, 'PENDING_APPROVAL', 'PENDING_APPROVAL', 0.0, 1.0, 'REPORTS', 20, 1, 1, 0, 1, 0, 2, 5);
INSERT INTO core_accessrule (id, organization_id, branch_id, stage, action_type, is_payment_order_signer, is_active, entity_type, post_id, min_signatures, auto_advance, is_final_stage, stage_order, triggers_payment_order, created_by_id, min_level) VALUES (5876, 6, 3, 'APPROVED_INTERMEDIATE', 'APPROVED_INTERMEDIATE', 0.0, 1.0, 'REPORTS', 20, 1, 1, 0, 1, 0, 2, 5);
INSERT INTO core_accessrule (id, organization_id, branch_id, stage, action_type, is_payment_order_signer, is_active, entity_type, post_id, min_signatures, auto_advance, is_final_stage, stage_order, triggers_payment_order, created_by_id, min_level) VALUES (5877, 6, 3, 'APPROVED_FINAL', 'APPROVED_FINAL', 0.0, 1.0, 'REPORTS', 20, 1, 1, 0, 1, 0, 2, 5);
INSERT INTO core_accessrule (id, organization_id, branch_id, stage, action_type, is_payment_order_signer, is_active, entity_type, post_id, min_signatures, auto_advance, is_final_stage, stage_order, triggers_payment_order, created_by_id, min_level) VALUES (5878, 6, 3, 'SIGN_PAYMENT', 'SIGN_PAYMENT', 0.0, 1.0, 'REPORTS', 20, 1, 1, 0, 1, 0, 2, 5);
INSERT INTO core_accessrule (id, organization_id, branch_id, stage, action_type, is_payment_order_signer, is_active, entity_type, post_id, min_signatures, auto_advance, is_final_stage, stage_order, triggers_payment_order, created_by_id, min_level) VALUES (5879, 6, 3, 'SENT_TO_HQ', 'SENT_TO_HQ', 0.0, 1.0, 'REPORTS', 20, 1, 1, 0, 1, 0, 2, 5);
INSERT INTO core_accessrule (id, organization_id, branch_id, stage, action_type, is_payment_order_signer, is_active, entity_type, post_id, min_signatures, auto_advance, is_final_stage, stage_order, triggers_payment_order, created_by_id, min_level) VALUES (5880, 6, 3, 'HQ_OPS_PENDING', 'HQ_OPS_PENDING', 0.0, 1.0, 'REPORTS', 20, 1, 1, 0, 1, 0, 2, 5);
INSERT INTO core_accessrule (id, organization_id, branch_id, stage, action_type, is_payment_order_signer, is_active, entity_type, post_id, min_signatures, auto_advance, is_final_stage, stage_order, triggers_payment_order, created_by_id, min_level) VALUES (5881, 6, 3, 'HQ_OPS_APPROVED', 'HQ_OPS_APPROVED', 0.0, 1.0, 'REPORTS', 20, 1, 1, 0, 1, 0, 2, 5);
INSERT INTO core_accessrule (id, organization_id, branch_id, stage, action_type, is_payment_order_signer, is_active, entity_type, post_id, min_signatures, auto_advance, is_final_stage, stage_order, triggers_payment_order, created_by_id, min_level) VALUES (5882, 6, 3, 'HQ_FIN_PENDING', 'HQ_FIN_PENDING', 0.0, 1.0, 'REPORTS', 20, 1, 1, 0, 1, 0, 2, 5);
INSERT INTO core_accessrule (id, organization_id, branch_id, stage, action_type, is_payment_order_signer, is_active, entity_type, post_id, min_signatures, auto_advance, is_final_stage, stage_order, triggers_payment_order, created_by_id, min_level) VALUES (5883, 6, 3, 'DRAFT', 'DRAFT', 0.0, 1.0, 'GENERAL', 20, 1, 1, 0, 1, 0, 2, 5);
INSERT INTO core_accessrule (id, organization_id, branch_id, stage, action_type, is_payment_order_signer, is_active, entity_type, post_id, min_signatures, auto_advance, is_final_stage, stage_order, triggers_payment_order, created_by_id, min_level) VALUES (5884, 6, 3, 'PENDING', 'PENDING', 0.0, 1.0, 'GENERAL', 20, 1, 1, 0, 1, 0, 2, 5);
INSERT INTO core_accessrule (id, organization_id, branch_id, stage, action_type, is_payment_order_signer, is_active, entity_type, post_id, min_signatures, auto_advance, is_final_stage, stage_order, triggers_payment_order, created_by_id, min_level) VALUES (5885, 6, 3, 'APPROVE', 'APPROVE', 0.0, 1.0, 'GENERAL', 20, 1, 1, 0, 1, 0, 2, 5);
INSERT INTO core_accessrule (id, organization_id, branch_id, stage, action_type, is_payment_order_signer, is_active, entity_type, post_id, min_signatures, auto_advance, is_final_stage, stage_order, triggers_payment_order, created_by_id, min_level) VALUES (5886, 6, 3, 'REJECT', 'REJECT', 0.0, 1.0, 'GENERAL', 20, 1, 1, 0, 1, 0, 2, 5);
INSERT INTO core_accessrule (id, organization_id, branch_id, stage, action_type, is_payment_order_signer, is_active, entity_type, post_id, min_signatures, auto_advance, is_final_stage, stage_order, triggers_payment_order, created_by_id, min_level) VALUES (5887, 6, 3, 'STAGE_CHANGE', 'STAGE_CHANGE', 0.0, 1.0, 'GENERAL', 20, 1, 1, 0, 1, 0, 2, 5);
INSERT INTO core_accessrule (id, organization_id, branch_id, stage, action_type, is_payment_order_signer, is_active, entity_type, post_id, min_signatures, auto_advance, is_final_stage, stage_order, triggers_payment_order, created_by_id, min_level) VALUES (5888, 6, 3, 'DELETE', 'DELETE', 0.0, 1.0, 'GENERAL', 20, 1, 1, 0, 1, 0, 2, 5);
INSERT INTO core_accessrule (id, organization_id, branch_id, stage, action_type, is_payment_order_signer, is_active, entity_type, post_id, min_signatures, auto_advance, is_final_stage, stage_order, triggers_payment_order, created_by_id, min_level) VALUES (5889, 6, 3, 'CREATE', 'CREATE', 0.0, 1.0, 'GENERAL', 20, 1, 1, 0, 1, 0, 2, 5);
INSERT INTO core_accessrule (id, organization_id, branch_id, stage, action_type, is_payment_order_signer, is_active, entity_type, post_id, min_signatures, auto_advance, is_final_stage, stage_order, triggers_payment_order, created_by_id, min_level) VALUES (5890, 6, 3, 'EDIT', 'EDIT', 0.0, 1.0, 'GENERAL', 20, 1, 1, 0, 1, 0, 2, 5);
INSERT INTO core_accessrule (id, organization_id, branch_id, stage, action_type, is_payment_order_signer, is_active, entity_type, post_id, min_signatures, auto_advance, is_final_stage, stage_order, triggers_payment_order, created_by_id, min_level) VALUES (5891, 6, 3, 'VIEW', 'VIEW', 0.0, 1.0, 'GENERAL', 20, 1, 1, 0, 1, 0, 2, 5);
INSERT INTO core_accessrule (id, organization_id, branch_id, stage, action_type, is_payment_order_signer, is_active, entity_type, post_id, min_signatures, auto_advance, is_final_stage, stage_order, triggers_payment_order, created_by_id, min_level) VALUES (5892, 6, 3, 'PAID', 'PAID', 0.0, 1.0, 'GENERAL', 20, 1, 1, 0, 1, 0, 2, 5);
INSERT INTO core_accessrule (id, organization_id, branch_id, stage, action_type, is_payment_order_signer, is_active, entity_type, post_id, min_signatures, auto_advance, is_final_stage, stage_order, triggers_payment_order, created_by_id, min_level) VALUES (5893, 6, 3, 'PARTIAL', 'PARTIAL', 0.0, 1.0, 'GENERAL', 20, 1, 1, 0, 1, 0, 2, 5);
INSERT INTO core_accessrule (id, organization_id, branch_id, stage, action_type, is_payment_order_signer, is_active, entity_type, post_id, min_signatures, auto_advance, is_final_stage, stage_order, triggers_payment_order, created_by_id, min_level) VALUES (5894, 6, 3, 'PENDING_APPROVAL', 'PENDING_APPROVAL', 0.0, 1.0, 'GENERAL', 20, 1, 1, 0, 1, 0, 2, 5);
INSERT INTO core_accessrule (id, organization_id, branch_id, stage, action_type, is_payment_order_signer, is_active, entity_type, post_id, min_signatures, auto_advance, is_final_stage, stage_order, triggers_payment_order, created_by_id, min_level) VALUES (5895, 6, 3, 'APPROVED_INTERMEDIATE', 'APPROVED_INTERMEDIATE', 0.0, 1.0, 'GENERAL', 20, 1, 1, 0, 1, 0, 2, 5);
INSERT INTO core_accessrule (id, organization_id, branch_id, stage, action_type, is_payment_order_signer, is_active, entity_type, post_id, min_signatures, auto_advance, is_final_stage, stage_order, triggers_payment_order, created_by_id, min_level) VALUES (5896, 6, 3, 'APPROVED_FINAL', 'APPROVED_FINAL', 0.0, 1.0, 'GENERAL', 20, 1, 1, 0, 1, 0, 2, 5);
INSERT INTO core_accessrule (id, organization_id, branch_id, stage, action_type, is_payment_order_signer, is_active, entity_type, post_id, min_signatures, auto_advance, is_final_stage, stage_order, triggers_payment_order, created_by_id, min_level) VALUES (5897, 6, 3, 'SIGN_PAYMENT', 'SIGN_PAYMENT', 0.0, 1.0, 'GENERAL', 20, 1, 1, 0, 1, 0, 2, 5);
INSERT INTO core_accessrule (id, organization_id, branch_id, stage, action_type, is_payment_order_signer, is_active, entity_type, post_id, min_signatures, auto_advance, is_final_stage, stage_order, triggers_payment_order, created_by_id, min_level) VALUES (5898, 6, 3, 'SENT_TO_HQ', 'SENT_TO_HQ', 0.0, 1.0, 'GENERAL', 20, 1, 1, 0, 1, 0, 2, 5);
INSERT INTO core_accessrule (id, organization_id, branch_id, stage, action_type, is_payment_order_signer, is_active, entity_type, post_id, min_signatures, auto_advance, is_final_stage, stage_order, triggers_payment_order, created_by_id, min_level) VALUES (5899, 6, 3, 'HQ_OPS_PENDING', 'HQ_OPS_PENDING', 0.0, 1.0, 'GENERAL', 20, 1, 1, 0, 1, 0, 2, 5);
INSERT INTO core_accessrule (id, organization_id, branch_id, stage, action_type, is_payment_order_signer, is_active, entity_type, post_id, min_signatures, auto_advance, is_final_stage, stage_order, triggers_payment_order, created_by_id, min_level) VALUES (5900, 6, 3, 'HQ_OPS_APPROVED', 'HQ_OPS_APPROVED', 0.0, 1.0, 'GENERAL', 20, 1, 1, 0, 1, 0, 2, 5);
INSERT INTO core_accessrule (id, organization_id, branch_id, stage, action_type, is_payment_order_signer, is_active, entity_type, post_id, min_signatures, auto_advance, is_final_stage, stage_order, triggers_payment_order, created_by_id, min_level) VALUES (5901, 6, 3, 'HQ_FIN_PENDING', 'HQ_FIN_PENDING', 0.0, 1.0, 'GENERAL', 20, 1, 1, 0, 1, 0, 2, 5);
INSERT INTO core_accessrule (id, organization_id, branch_id, stage, action_type, is_payment_order_signer, is_active, entity_type, post_id, min_signatures, auto_advance, is_final_stage, stage_order, triggers_payment_order, created_by_id, min_level) VALUES (5905, 1, 2, 'VIEW', 'VIEW', 0.0, 1.0, 'TANKHAH', 5, 1, 1, 0, 1, 0, 2, 5);
INSERT INTO core_accessrule (id, organization_id, branch_id, stage, action_type, is_payment_order_signer, is_active, entity_type, post_id, min_signatures, auto_advance, is_final_stage, stage_order, triggers_payment_order, created_by_id, min_level) VALUES (5906, 1, 2, 'VIEW', 'VIEW', 0.0, 1.0, 'BUDGET', 5, 1, 1, 0, 1, 0, 2, 5);
INSERT INTO core_accessrule (id, organization_id, branch_id, stage, action_type, is_payment_order_signer, is_active, entity_type, post_id, min_signatures, auto_advance, is_final_stage, stage_order, triggers_payment_order, created_by_id, min_level) VALUES (5907, 1, 2, 'VIEW', 'VIEW', 0.0, 1.0, 'REPORTS', 5, 1, 1, 0, 1, 0, 2, 5);
INSERT INTO core_accessrule (id, organization_id, branch_id, stage, action_type, is_payment_order_signer, is_active, entity_type, post_id, min_signatures, auto_advance, is_final_stage, stage_order, triggers_payment_order, created_by_id, min_level) VALUES (5946, 6, 3, '  5', 'APPROVE', 0.0, 1.0, 'FACTOR', 20, 1, 1, 0, 5, 0, 2, 5);
INSERT INTO core_accessrule (id, organization_id, branch_id, stage, action_type, is_payment_order_signer, is_active, entity_type, post_id, min_signatures, auto_advance, is_final_stage, stage_order, triggers_payment_order, created_by_id, min_level) VALUES (5947, 6, 3, '  5', 'REJECT', 0.0, 1.0, 'FACTOR', 20, 1, 1, 0, 5, 0, 2, 5);
INSERT INTO core_accessrule (id, organization_id, branch_id, stage, action_type, is_payment_order_signer, is_active, entity_type, post_id, min_signatures, auto_advance, is_final_stage, stage_order, triggers_payment_order, created_by_id, min_level) VALUES (5948, 6, 3, '  5', 'SUBMIT', 0.0, 1.0, 'FACTOR', 20, 1, 1, 0, 5, 0, 2, 5);
INSERT INTO core_accessrule (id, organization_id, branch_id, stage, action_type, is_payment_order_signer, is_active, entity_type, post_id, min_signatures, auto_advance, is_final_stage, stage_order, triggers_payment_order, created_by_id, min_level) VALUES (5949, 6, 1, '  6', 'APPROVE', 0.0, 1.0, 'FACTOR', 21, 1, 1, 0, 6, 0, 2, 6);
INSERT INTO core_accessrule (id, organization_id, branch_id, stage, action_type, is_payment_order_signer, is_active, entity_type, post_id, min_signatures, auto_advance, is_final_stage, stage_order, triggers_payment_order, created_by_id, min_level) VALUES (5950, 6, 1, '  6', 'REJECT', 0.0, 1.0, 'FACTOR', 21, 1, 1, 0, 6, 0, 2, 6);
INSERT INTO core_accessrule (id, organization_id, branch_id, stage, action_type, is_payment_order_signer, is_active, entity_type, post_id, min_signatures, auto_advance, is_final_stage, stage_order, triggers_payment_order, created_by_id, min_level) VALUES (5981, 7, 1, ' -  ', 'APPROVE', 0.0, 1.0, 'FACTOR', 18, 1, 1, 0, 1, 0, 2, 1);
INSERT INTO core_accessrule (id, organization_id, branch_id, stage, action_type, is_payment_order_signer, is_active, entity_type, post_id, min_signatures, auto_advance, is_final_stage, stage_order, triggers_payment_order, created_by_id, min_level) VALUES (5982, 7, 1, ' -  ', 'REJECT', 0.0, 1.0, 'FACTOR', 18, 1, 1, 0, 1, 0, 2, 1);
INSERT INTO core_accessrule (id, organization_id, branch_id, stage, action_type, is_payment_order_signer, is_active, entity_type, post_id, min_signatures, auto_advance, is_final_stage, stage_order, triggers_payment_order, created_by_id, min_level) VALUES (5983, 7, 1, ' -  ', 'APPROVE', 0.0, 1.0, 'FACTOR', 2, 1, 1, 0, 2, 0, 2, 2);
INSERT INTO core_accessrule (id, organization_id, branch_id, stage, action_type, is_payment_order_signer, is_active, entity_type, post_id, min_signatures, auto_advance, is_final_stage, stage_order, triggers_payment_order, created_by_id, min_level) VALUES (5984, 7, 1, ' -  ', 'REJECT', 0.0, 1.0, 'FACTOR', 2, 1, 1, 0, 2, 0, 2, 2);
INSERT INTO core_accessrule (id, organization_id, branch_id, stage, action_type, is_payment_order_signer, is_active, entity_type, post_id, min_signatures, auto_advance, is_final_stage, stage_order, triggers_payment_order, created_by_id, min_level) VALUES (5985, 7, 1, ' -  ', 'SUBMIT', 0.0, 1.0, 'FACTOR', 2, 1, 1, 0, 2, 0, 2, 2);
INSERT INTO core_accessrule (id, organization_id, branch_id, stage, action_type, is_payment_order_signer, is_active, entity_type, post_id, min_signatures, auto_advance, is_final_stage, stage_order, triggers_payment_order, created_by_id, min_level) VALUES (5986, 7, 1, ' -  ', 'APPROVE', 0.0, 1.0, 'FACTOR', 1, 1, 1, 0, 2, 0, 2, 2);
INSERT INTO core_accessrule (id, organization_id, branch_id, stage, action_type, is_payment_order_signer, is_active, entity_type, post_id, min_signatures, auto_advance, is_final_stage, stage_order, triggers_payment_order, created_by_id, min_level) VALUES (5987, 7, 1, ' -  ', 'REJECT', 0.0, 1.0, 'FACTOR', 1, 1, 1, 0, 2, 0, 2, 2);
INSERT INTO core_accessrule (id, organization_id, branch_id, stage, action_type, is_payment_order_signer, is_active, entity_type, post_id, min_signatures, auto_advance, is_final_stage, stage_order, triggers_payment_order, created_by_id, min_level) VALUES (5988, 7, 1, ' - ', 'APPROVE', 0.0, 1.0, 'FACTOR', 3, 1, 1, 0, 3, 0, 2, 3);
INSERT INTO core_accessrule (id, organization_id, branch_id, stage, action_type, is_payment_order_signer, is_active, entity_type, post_id, min_signatures, auto_advance, is_final_stage, stage_order, triggers_payment_order, created_by_id, min_level) VALUES (5989, 7, 1, ' - ', 'REJECT', 0.0, 1.0, 'FACTOR', 3, 1, 1, 0, 3, 0, 2, 3);
INSERT INTO core_accessrule (id, organization_id, branch_id, stage, action_type, is_payment_order_signer, is_active, entity_type, post_id, min_signatures, auto_advance, is_final_stage, stage_order, triggers_payment_order, created_by_id, min_level) VALUES (5990, 7, 1, ' - ', 'APPROVE', 0.0, 1.0, 'FACTOR', 22, 1, 1, 0, 3, 0, 2, 3);
INSERT INTO core_accessrule (id, organization_id, branch_id, stage, action_type, is_payment_order_signer, is_active, entity_type, post_id, min_signatures, auto_advance, is_final_stage, stage_order, triggers_payment_order, created_by_id, min_level) VALUES (5991, 7, 1, ' - ', 'REJECT', 0.0, 1.0, 'FACTOR', 22, 1, 1, 0, 3, 0, 2, 3);
INSERT INTO core_accessrule (id, organization_id, branch_id, stage, action_type, is_payment_order_signer, is_active, entity_type, post_id, min_signatures, auto_advance, is_final_stage, stage_order, triggers_payment_order, created_by_id, min_level) VALUES (5992, 7, 1, ' - ', 'FINAL_APPROVE', 0.0, 1.0, 'FACTOR', 22, 1, 1, 0, 3, 0, 2, 3);
INSERT INTO core_accessrule (id, organization_id, branch_id, stage, action_type, is_payment_order_signer, is_active, entity_type, post_id, min_signatures, auto_advance, is_final_stage, stage_order, triggers_payment_order, created_by_id, min_level) VALUES (5993, 7, 1, ' -    ', 'APPROVE', 0.0, 1.0, 'FACTOR', 4, 1, 1, 0, 5, 0, 2, 5);
INSERT INTO core_accessrule (id, organization_id, branch_id, stage, action_type, is_payment_order_signer, is_active, entity_type, post_id, min_signatures, auto_advance, is_final_stage, stage_order, triggers_payment_order, created_by_id, min_level) VALUES (5994, 7, 1, ' -    ', 'REJECT', 0.0, 1.0, 'FACTOR', 4, 1, 1, 0, 5, 0, 2, 5);
INSERT INTO core_accessrule (id, organization_id, branch_id, stage, action_type, is_payment_order_signer, is_active, entity_type, post_id, min_signatures, auto_advance, is_final_stage, stage_order, triggers_payment_order, created_by_id, min_level) VALUES (5995, 7, 1, '  ', 'APPROVE', 0.0, 1.0, 'BUDGET', 18, 1, 1, 0, 1, 0, 2, 1);
INSERT INTO core_accessrule (id, organization_id, branch_id, stage, action_type, is_payment_order_signer, is_active, entity_type, post_id, min_signatures, auto_advance, is_final_stage, stage_order, triggers_payment_order, created_by_id, min_level) VALUES (5996, 7, 1, '  ', 'REJECT', 0.0, 1.0, 'BUDGET', 18, 1, 1, 0, 1, 0, 2, 1);
INSERT INTO core_accessrule (id, organization_id, branch_id, stage, action_type, is_payment_order_signer, is_active, entity_type, post_id, min_signatures, auto_advance, is_final_stage, stage_order, triggers_payment_order, created_by_id, min_level) VALUES (5997, 7, 1, '  ', 'SUBMIT', 0.0, 1.0, 'BUDGET', 18, 1, 1, 0, 1, 0, 2, 1);
INSERT INTO core_accessrule (id, organization_id, branch_id, stage, action_type, is_payment_order_signer, is_active, entity_type, post_id, min_signatures, auto_advance, is_final_stage, stage_order, triggers_payment_order, created_by_id, min_level) VALUES (5998, 7, 1, '  ', 'FINAL_APPROVE', 0.0, 1.0, 'BUDGET', 18, 1, 1, 0, 1, 0, 2, 1);
INSERT INTO core_accessrule (id, organization_id, branch_id, stage, action_type, is_payment_order_signer, is_active, entity_type, post_id, min_signatures, auto_advance, is_final_stage, stage_order, triggers_payment_order, created_by_id, min_level) VALUES (5999, 7, 1, '  ', 'APPROVE', 0.0, 1.0, 'BUDGET', 19, 1, 1, 0, 1, 0, 2, 1);
INSERT INTO core_accessrule (id, organization_id, branch_id, stage, action_type, is_payment_order_signer, is_active, entity_type, post_id, min_signatures, auto_advance, is_final_stage, stage_order, triggers_payment_order, created_by_id, min_level) VALUES (6000, 7, 1, '  ', 'REJECT', 0.0, 1.0, 'BUDGET', 19, 1, 1, 0, 1, 0, 2, 1);
INSERT INTO core_accessrule (id, organization_id, branch_id, stage, action_type, is_payment_order_signer, is_active, entity_type, post_id, min_signatures, auto_advance, is_final_stage, stage_order, triggers_payment_order, created_by_id, min_level) VALUES (6001, 7, 1, '  ', 'FINAL_APPROVE', 0.0, 1.0, 'BUDGET', 19, 1, 1, 0, 1, 0, 2, 1);
INSERT INTO core_accessrule (id, organization_id, branch_id, stage, action_type, is_payment_order_signer, is_active, entity_type, post_id, min_signatures, auto_advance, is_final_stage, stage_order, triggers_payment_order, created_by_id, min_level) VALUES (6002, 7, 3, '  2', 'APPROVE', 0.0, 1.0, 'BUDGET', 8, 1, 1, 0, 2, 0, 2, 2);
INSERT INTO core_accessrule (id, organization_id, branch_id, stage, action_type, is_payment_order_signer, is_active, entity_type, post_id, min_signatures, auto_advance, is_final_stage, stage_order, triggers_payment_order, created_by_id, min_level) VALUES (6003, 7, 3, '  2', 'REJECT', 0.0, 1.0, 'BUDGET', 8, 1, 1, 0, 2, 0, 2, 2);
INSERT INTO core_accessrule (id, organization_id, branch_id, stage, action_type, is_payment_order_signer, is_active, entity_type, post_id, min_signatures, auto_advance, is_final_stage, stage_order, triggers_payment_order, created_by_id, min_level) VALUES (6004, 7, 3, '  2', 'SUBMIT', 0.0, 1.0, 'BUDGET', 8, 1, 1, 0, 2, 0, 2, 2);
INSERT INTO core_accessrule (id, organization_id, branch_id, stage, action_type, is_payment_order_signer, is_active, entity_type, post_id, min_signatures, auto_advance, is_final_stage, stage_order, triggers_payment_order, created_by_id, min_level) VALUES (6005, 7, 1, '  3', 'SUBMIT', 0.0, 1.0, 'BUDGET', 22, 1, 1, 0, 3, 0, 2, 3);
INSERT INTO core_accessrule (id, organization_id, branch_id, stage, action_type, is_payment_order_signer, is_active, entity_type, post_id, min_signatures, auto_advance, is_final_stage, stage_order, triggers_payment_order, created_by_id, min_level) VALUES (6006, 7, 3, '  4', 'SUBMIT', 0.0, 1.0, 'BUDGET', 10, 1, 1, 0, 4, 0, 2, 4);
INSERT INTO core_accessrule (id, organization_id, branch_id, stage, action_type, is_payment_order_signer, is_active, entity_type, post_id, min_signatures, auto_advance, is_final_stage, stage_order, triggers_payment_order, created_by_id, min_level) VALUES (6007, 7, 3, '  4', 'SUBMIT', 0.0, 1.0, 'BUDGET', 12, 1, 1, 0, 4, 0, 2, 4);
INSERT INTO core_accessrule (id, organization_id, branch_id, stage, action_type, is_payment_order_signer, is_active, entity_type, post_id, min_signatures, auto_advance, is_final_stage, stage_order, triggers_payment_order, created_by_id, min_level) VALUES (6008, 7, 3, '  4', 'SUBMIT', 0.0, 1.0, 'BUDGET', 9, 1, 1, 0, 4, 0, 2, 4);
INSERT INTO core_accessrule (id, organization_id, branch_id, stage, action_type, is_payment_order_signer, is_active, entity_type, post_id, min_signatures, auto_advance, is_final_stage, stage_order, triggers_payment_order, created_by_id, min_level) VALUES (6009, 7, 3, '  4', 'SUBMIT', 0.0, 1.0, 'BUDGET', 11, 1, 1, 0, 4, 0, 2, 4);
INSERT INTO core_accessrule (id, organization_id, branch_id, stage, action_type, is_payment_order_signer, is_active, entity_type, post_id, min_signatures, auto_advance, is_final_stage, stage_order, triggers_payment_order, created_by_id, min_level) VALUES (6010, 7, 3, '  4', 'SUBMIT', 0.0, 1.0, 'BUDGET', 7, 1, 1, 0, 4, 0, 2, 4);
INSERT INTO core_accessrule (id, organization_id, branch_id, stage, action_type, is_payment_order_signer, is_active, entity_type, post_id, min_signatures, auto_advance, is_final_stage, stage_order, triggers_payment_order, created_by_id, min_level) VALUES (6044, 1, 2, '  6', 'APPROVE', 0.0, 1.0, 'FACTORITEM', 5, 1, 1, 0, 6, 0, 2, 6);
INSERT INTO core_accessrule (id, organization_id, branch_id, stage, action_type, is_payment_order_signer, is_active, entity_type, post_id, min_signatures, auto_advance, is_final_stage, stage_order, triggers_payment_order, created_by_id, min_level) VALUES (6045, 1, 2, '  6', 'REJECT', 0.0, 1.0, 'FACTORITEM', 5, 1, 1, 0, 6, 0, 2, 6);
INSERT INTO core_accessrule (id, organization_id, branch_id, stage, action_type, is_payment_order_signer, is_active, entity_type, post_id, min_signatures, auto_advance, is_final_stage, stage_order, triggers_payment_order, created_by_id, min_level) VALUES (6046, 1, 2, '  7', 'SUBMIT', 0.0, 1.0, 'FACTORITEM', 6, 1, 1, 0, 7, 0, 2, 7);
INSERT INTO core_accessrule (id, organization_id, branch_id, stage, action_type, is_payment_order_signer, is_active, entity_type, post_id, min_signatures, auto_advance, is_final_stage, stage_order, triggers_payment_order, created_by_id, min_level) VALUES (6047, 1, 2, '  ', 'SUBMIT', 0.0, 1.0, 'FACTOR', 5, 1, 1, 0, 6, 0, 2, 6);
INSERT INTO core_accessrule (id, organization_id, branch_id, stage, action_type, is_payment_order_signer, is_active, entity_type, post_id, min_signatures, auto_advance, is_final_stage, stage_order, triggers_payment_order, created_by_id, min_level) VALUES (6048, 1, 2, '   ', 'SUBMIT', 0.0, 1.0, 'FACTOR', 6, 1, 1, 0, 7, 0, 2, 7);

-- Table: core_action
CREATE TABLE `core_action` (
  `id` bigint NOT NULL AUTO_INCREMENT,
  `name` varchar(100) NOT NULL,
  `code` varchar(50) NOT NULL,
  `description` longtext NOT NULL,
  `is_active` tinyint(1) DEFAULT '1',
  `created_by_id` int DEFAULT NULL,
  `created_at` datetime DEFAULT CURRENT_TIMESTAMP,
  `updated_at` datetime(6) NOT NULL,
  PRIMARY KEY (`id`),
  UNIQUE KEY `code` (`code`)
) ENGINE=InnoDB AUTO_INCREMENT=35 DEFAULT CHARSET=utf8mb4 COLLATE=utf8mb4_0900_ai_ci;

INSERT INTO core_action (id, name, code, description, is_active, created_by_id, created_at, updated_at) VALUES (1, '  ', 'SUBMIT', '      SUBMIT', 1, 1, 2025-08-06 23:14:23, 2025-09-16 07:50:18.607125);
INSERT INTO core_action (id, name, code, description, is_active, created_by_id, created_at, updated_at) VALUES (2, '', 'APPROVE', '  : APPROVE', 1, 1, 2025-08-06 23:14:23, 2025-09-16 07:50:18.607125);
INSERT INTO core_action (id, name, code, description, is_active, created_by_id, created_at, updated_at) VALUES (3, '', 'REJECT', 'REJECT', 1, 1, 2025-08-06 23:14:23, 2025-09-16 07:50:18.607125);
INSERT INTO core_action (id, name, code, description, is_active, created_by_id, created_at, updated_at) VALUES (4, ' ', 'FINAL_APPROVE', 'FINAL_APPROVE', 1, 1, 2025-08-06 23:14:23, 2025-09-16 07:50:18.607125);
INSERT INTO core_action (id, name, code, description, is_active, created_by_id, created_at, updated_at) VALUES (5, '', 'VIEW', 'VIEW', 0, 1, 2025-08-06 23:14:23, 2025-09-16 07:50:18.607125);
INSERT INTO core_action (id, name, code, description, is_active, created_by_id, created_at, updated_at) VALUES (6, '', 'EDIT', 'EDIT', 0, 1, 2025-08-06 23:14:23, 2025-09-16 07:50:18.607125);
INSERT INTO core_action (id, name, code, description, is_active, created_by_id, created_at, updated_at) VALUES (7, '', 'CREATE', 'CREATE', 0, 1, 2025-08-06 23:14:23, 2025-09-16 07:50:18.607125);
INSERT INTO core_action (id, name, code, description, is_active, created_by_id, created_at, updated_at) VALUES (8, '', 'DELETE', 'DELETE', 0, 1, 2025-08-06 23:14:23, 2025-09-16 07:50:18.607125);
INSERT INTO core_action (id, name, code, description, is_active, created_by_id, created_at, updated_at) VALUES (9, '  ', 'SIGN_PAYMENT', 'SIGN_PAYMENT', 0, 1, 2025-08-06 23:14:23, 2025-09-16 07:50:18.607125);
INSERT INTO core_action (id, name, code, description, is_active, created_by_id, created_at, updated_at) VALUES (10, 'teset', 'TERAST', 'tertst', 0, 2, 2025-08-06 20:04:11, 2025-09-16 07:50:18.607125);
INSERT INTO core_action (id, name, code, description, is_active, created_by_id, created_at, updated_at) VALUES (11, ' ', 'PEYMENT', '   PEYMENT', 1, NULL, 2025-09-04 13:11:34, 2025-09-16 07:50:18.607125);
INSERT INTO core_action (id, name, code, description, is_active, created_by_id, created_at, updated_at) VALUES (31, ' ', 'CANCEL', '     ', 1, 2, 2025-09-16 04:50:29, 2025-09-16 07:50:18.607125);
INSERT INTO core_action (id, name, code, description, is_active, created_by_id, created_at, updated_at) VALUES (32, ' ', 'PAY', '  ', 1, 2, 2025-09-16 04:51:47, 2025-09-16 07:50:18.607125);
INSERT INTO core_action (id, name, code, description, is_active, created_by_id, created_at, updated_at) VALUES (33, '', 'RETURN', '    ', 1, 1, 2025-09-19 18:14:54, 2025-09-19 18:14:54.428513);
INSERT INTO core_action (id, name, code, description, is_active, created_by_id, created_at, updated_at) VALUES (34, '   ', '  ', '', 1, 2, 2025-09-19 19:28:57, 2025-09-19 19:28:56.631394);

-- Table: core_branch
CREATE TABLE `core_branch` (
  `id` bigint NOT NULL AUTO_INCREMENT,
  `code` varchar(10) NOT NULL,
  `name` varchar(250) NOT NULL,
  `is_active` tinyint(1) NOT NULL,
  `created_at` datetime(6) NOT NULL,
  PRIMARY KEY (`id`),
  UNIQUE KEY `code` (`code`)
) ENGINE=InnoDB AUTO_INCREMENT=7 DEFAULT CHARSET=utf8mb4 COLLATE=utf8mb4_0900_ai_ci;

INSERT INTO core_branch (id, code, name, is_active, created_at) VALUES (1, 'CEO', '  ', 1, 2025-07-26 10:21:03.741212);
INSERT INTO core_branch (id, code, name, is_active, created_at) VALUES (2, 'HOT', '   ', 1, 2025-07-26 10:20:54.271669);
INSERT INTO core_branch (id, code, name, is_active, created_at) VALUES (3, 'INV', '  ', 1, 2025-07-26 10:21:19.806192);
INSERT INTO core_branch (id, code, name, is_active, created_at) VALUES (4, 'STF', '  ', 1, 2025-07-26 10:21:47.814660);
INSERT INTO core_branch (id, code, name, is_active, created_at) VALUES (6, 'FIN', '    ', 1, 2025-07-26 21:35:25);

-- Table: core_dashboard_core
CREATE TABLE `core_dashboard_core` (
  `id` bigint NOT NULL AUTO_INCREMENT,
  PRIMARY KEY (`id`) USING BTREE
) ENGINE=InnoDB DEFAULT CHARSET=utf8mb4 COLLATE=utf8mb4_0900_ai_ci ROW_FORMAT=DYNAMIC;


-- Table: core_dashboardview
CREATE TABLE `core_dashboardview` (
  `id` bigint NOT NULL AUTO_INCREMENT,
  PRIMARY KEY (`id`) USING BTREE
) ENGINE=InnoDB DEFAULT CHARSET=utf8mb4 COLLATE=utf8mb4_0900_ai_ci ROW_FORMAT=DYNAMIC;


-- Table: core_dashboardview_flows
CREATE TABLE `core_dashboardview_flows` (
  `id` bigint NOT NULL AUTO_INCREMENT,
  PRIMARY KEY (`id`) USING BTREE
) ENGINE=InnoDB DEFAULT CHARSET=utf8mb4 COLLATE=utf8mb4_0900_ai_ci ROW_FORMAT=DYNAMIC;


-- Table: core_entitytype
CREATE TABLE `core_entitytype` (
  `id` int NOT NULL AUTO_INCREMENT,
  `name` varchar(100) COLLATE utf8mb4_unicode_ci NOT NULL,
  `code` varchar(50) COLLATE utf8mb4_unicode_ci NOT NULL,
  `content_type_id` int DEFAULT NULL,
  `created_at` bigint DEFAULT NULL,
  PRIMARY KEY (`id`),
  UNIQUE KEY `code` (`code`),
  UNIQUE KEY `content_type_id` (`content_type_id`),
  KEY `core_entitytype_content_type_id_fk_django_co` (`content_type_id`),
  KEY `core_entity_code_18637a_idx` (`code`),
  CONSTRAINT `core_entitytype_content_type_id_fk_django_co` FOREIGN KEY (`content_type_id`) REFERENCES `django_content_type` (`id`)
) ENGINE=InnoDB AUTO_INCREMENT=13 DEFAULT CHARSET=utf8mb4 COLLATE=utf8mb4_unicode_ci;

INSERT INTO core_entitytype (id, name, code, content_type_id, created_at) VALUES (1, '', 'FACTOR', NULL, NULL);
INSERT INTO core_entitytype (id, name, code, content_type_id, created_at) VALUES (2, ' ', 'FACTORITEM', NULL, NULL);
INSERT INTO core_entitytype (id, name, code, content_type_id, created_at) VALUES (3, '', 'TANKHAH', NULL, NULL);
INSERT INTO core_entitytype (id, name, code, content_type_id, created_at) VALUES (4, '', 'BUDGET', NULL, NULL);
INSERT INTO core_entitytype (id, name, code, content_type_id, created_at) VALUES (5, ' ', 'PAYMENTORDER', 52, NULL);
INSERT INTO core_entitytype (id, name, code, content_type_id, created_at) VALUES (6, '', 'REPORTS', NULL, NULL);
INSERT INTO core_entitytype (id, name, code, content_type_id, created_at) VALUES (7, '', 'GENERAL', NULL, NULL);

-- Table: core_organization
CREATE TABLE `core_organization` (
  `id` bigint NOT NULL AUTO_INCREMENT,
  `code` varchar(10) CHARACTER SET utf8mb4 COLLATE utf8mb4_0900_ai_ci NOT NULL,
  `name` varchar(100) CHARACTER SET utf8mb4 COLLATE utf8mb4_0900_ai_ci NOT NULL,
  `org_type_id` varchar(25) CHARACTER SET utf8mb4 COLLATE utf8mb4_0900_ai_ci NOT NULL,
  `description` longtext CHARACTER SET utf8mb4 COLLATE utf8mb4_0900_ai_ci,
  `parent_organization_id` bigint DEFAULT NULL,
  `is_active` tinyint(1) NOT NULL,
  `is_core` tinyint(1) NOT NULL,
  `is_independent` float DEFAULT NULL,
  `is_holding` float DEFAULT NULL,
  PRIMARY KEY (`id`) USING BTREE,
  UNIQUE KEY `code` (`code`) USING BTREE,
  KEY `core_organi_code_eadc65_idx` (`code`,`org_type_id`) USING BTREE,
  KEY `core_organization_parent_organization__0e5b8fdd_fk_core_orga` (`parent_organization_id`) USING BTREE,
  CONSTRAINT `core_organization_parent_organization__0e5b8fdd_fk_core_orga` FOREIGN KEY (`parent_organization_id`) REFERENCES `core_organization` (`id`) ON DELETE RESTRICT ON UPDATE RESTRICT
) ENGINE=InnoDB AUTO_INCREMENT=8 DEFAULT CHARSET=utf8mb4 COLLATE=utf8mb4_0900_ai_ci ROW_FORMAT=DYNAMIC;

INSERT INTO core_organization (id, code, name, org_type_id, description, parent_organization_id, is_active, is_core, is_independent, is_holding) VALUES (1, 'HSarein', '  ', '1', '  ', 7, 1, 0, 0.0, 0.0);
INSERT INTO core_organization (id, code, name, org_type_id, description, parent_organization_id, is_active, is_core, is_independent, is_holding) VALUES (2, 'Htehran', '  ', '1', '  ', 7, 1, 0, 0.0, 0.0);
INSERT INTO core_organization (id, code, name, org_type_id, description, parent_organization_id, is_active, is_core, is_independent, is_holding) VALUES (3, 'Hcha', '  ', '1', '  ', 7, 1, 0, NULL, NULL);
INSERT INTO core_organization (id, code, name, org_type_id, description, parent_organization_id, is_active, is_core, is_independent, is_holding) VALUES (4, 'Hkan', '  ', '1', '  ', 7, 1, 0, NULL, NULL);
INSERT INTO core_organization (id, code, name, org_type_id, description, parent_organization_id, is_active, is_core, is_independent, is_holding) VALUES (5, 'Hbis', '  ', '1', '  ', 7, 1, 0, NULL, NULL);
INSERT INTO core_organization (id, code, name, org_type_id, description, parent_organization_id, is_active, is_core, is_independent, is_holding) VALUES (6, 'ComplexSHC', '  ', '1', '  ', 7, 1, 0, NULL, NULL);
INSERT INTO core_organization (id, code, name, org_type_id, description, parent_organization_id, is_active, is_core, is_independent, is_holding) VALUES (7, 'HQ_ITDC', '     ', '5', '     ', NULL, 1, 1, 0.0, 1.0);

-- Table: core_organizationchartapiview
CREATE TABLE `core_organizationchartapiview` (
  `id` bigint NOT NULL AUTO_INCREMENT,
  PRIMARY KEY (`id`) USING BTREE
) ENGINE=InnoDB DEFAULT CHARSET=utf8mb4 COLLATE=utf8mb4_0900_ai_ci ROW_FORMAT=DYNAMIC;


-- Table: core_organizationchartview
CREATE TABLE `core_organizationchartview` (
  `id` bigint NOT NULL AUTO_INCREMENT,
  PRIMARY KEY (`id`) USING BTREE
) ENGINE=InnoDB DEFAULT CHARSET=utf8mb4 COLLATE=utf8mb4_0900_ai_ci ROW_FORMAT=DYNAMIC;


-- Table: core_organizationtype
CREATE TABLE `core_organizationtype` (
  `id` bigint NOT NULL AUTO_INCREMENT,
  `org_type` varchar(100) CHARACTER SET utf8mb4 COLLATE utf8mb4_0900_ai_ci DEFAULT NULL,
  `fname` varchar(100) CHARACTER SET utf8mb4 COLLATE utf8mb4_0900_ai_ci DEFAULT NULL,
  `is_budget_allocatable` tinyint(1) NOT NULL,
  `is_active` tinyint(1) NOT NULL,
  PRIMARY KEY (`id`) USING BTREE,
  UNIQUE KEY `en_name` (`org_type`) USING BTREE,
  UNIQUE KEY `fname` (`fname`) USING BTREE
) ENGINE=InnoDB AUTO_INCREMENT=6 DEFAULT CHARSET=utf8mb4 COLLATE=utf8mb4_0900_ai_ci ROW_FORMAT=DYNAMIC;

INSERT INTO core_organizationtype (id, org_type, fname, is_budget_allocatable, is_active) VALUES (1, 'HOTEL', '', 1, 1);
INSERT INTO core_organizationtype (id, org_type, fname, is_budget_allocatable, is_active) VALUES (2, 'COMPLEX', '', 1, 1);
INSERT INTO core_organizationtype (id, org_type, fname, is_budget_allocatable, is_active) VALUES (3, 'PROVINCE', ' ', 1, 1);
INSERT INTO core_organizationtype (id, org_type, fname, is_budget_allocatable, is_active) VALUES (4, 'RENTAL', ' ', 1, 1);
INSERT INTO core_organizationtype (id, org_type, fname, is_budget_allocatable, is_active) VALUES (5, 'HQ', ' ', 1, 1);

-- Table: core_permission_allowed_actions
CREATE TABLE `core_permission_allowed_actions` (
  `id` int NOT NULL AUTO_INCREMENT,
  `permission_id` bigint NOT NULL,
  `action_id` bigint NOT NULL,
  PRIMARY KEY (`id`)
) ENGINE=InnoDB DEFAULT CHARSET=utf8mb4 COLLATE=utf8mb4_0900_ai_ci;


-- Table: core_post
CREATE TABLE `core_post` (
  `id` bigint NOT NULL AUTO_INCREMENT,
  `name` varchar(100) CHARACTER SET utf8mb4 COLLATE utf8mb4_0900_ai_ci NOT NULL,
  `level` int NOT NULL,
  `branch_id` varchar(3) CHARACTER SET utf8mb4 COLLATE utf8mb4_0900_ai_ci DEFAULT NULL,
  `description` longtext CHARACTER SET utf8mb4 COLLATE utf8mb4_0900_ai_ci,
  `is_active` tinyint(1) NOT NULL,
  `organization_id` bigint NOT NULL,
  `parent_id` bigint DEFAULT NULL,
  `max_change_level` int NOT NULL,
  `is_payment_order_signer` tinyint(1) NOT NULL,
  `can_final_approve_budget` tinyint(1) NOT NULL,
  `can_final_approve_factor` tinyint(1) NOT NULL,
  `can_final_approve_tankhah` tinyint(1) NOT NULL,
  PRIMARY KEY (`id`) USING BTREE,
  KEY `core_post_organization_id_7cb921cb_fk_core_organization_id` (`organization_id`) USING BTREE,
  KEY `core_post_parent_id_f52ad6c0_fk_core_post_id` (`parent_id`) USING BTREE,
  CONSTRAINT `core_post_organization_id_7cb921cb_fk_core_organization_id` FOREIGN KEY (`organization_id`) REFERENCES `core_organization` (`id`) ON DELETE RESTRICT ON UPDATE RESTRICT,
  CONSTRAINT `core_post_parent_id_f52ad6c0_fk_core_post_id` FOREIGN KEY (`parent_id`) REFERENCES `core_post` (`id`) ON DELETE RESTRICT ON UPDATE RESTRICT
) ENGINE=InnoDB AUTO_INCREMENT=44 DEFAULT CHARSET=utf8mb4 COLLATE=utf8mb4_0900_ai_ci ROW_FORMAT=DYNAMIC;

INSERT INTO core_post (id, name, level, branch_id, description, is_active, organization_id, parent_id, max_change_level, is_payment_order_signer, can_final_approve_budget, can_final_approve_factor, can_final_approve_tankhah) VALUES (1, ' /  ', 2, '6', '', 1, 7, 18, 2, 0, 0, 0, 1);
INSERT INTO core_post (id, name, level, branch_id, description, is_active, organization_id, parent_id, max_change_level, is_payment_order_signer, can_final_approve_budget, can_final_approve_factor, can_final_approve_tankhah) VALUES (2, '  ', 2, '1', '', 1, 7, 18, 4, 0, 0, 0, 0);
INSERT INTO core_post (id, name, level, branch_id, description, is_active, organization_id, parent_id, max_change_level, is_payment_order_signer, can_final_approve_budget, can_final_approve_factor, can_final_approve_tankhah) VALUES (3, '   -  ', 3, '1', '   -  ', 1, 7, 2, 4, 0, 0, 0, 0);
INSERT INTO core_post (id, name, level, branch_id, description, is_active, organization_id, parent_id, max_change_level, is_payment_order_signer, can_final_approve_budget, can_final_approve_factor, can_final_approve_tankhah) VALUES (4, '   -  ', 4, '1', '   -  ', 1, 7, 3, 9, 0, 0, 0, 0);
INSERT INTO core_post (id, name, level, branch_id, description, is_active, organization_id, parent_id, max_change_level, is_payment_order_signer, can_final_approve_budget, can_final_approve_factor, can_final_approve_tankhah) VALUES (5, '   ', 5, '2', '   ', 1, 1, 4, 9, 0, 0, 0, 0);
INSERT INTO core_post (id, name, level, branch_id, description, is_active, organization_id, parent_id, max_change_level, is_payment_order_signer, can_final_approve_budget, can_final_approve_factor, can_final_approve_tankhah) VALUES (6, '    ', 6, '2', '    ', 1, 1, 5, 9, 0, 0, 0, 0);
INSERT INTO core_post (id, name, level, branch_id, description, is_active, organization_id, parent_id, max_change_level, is_payment_order_signer, can_final_approve_budget, can_final_approve_factor, can_final_approve_tankhah) VALUES (7, '      (   )', 3, '3', '      (   )', 1, 7, 8, 9, 0, 0, 0, 0);
INSERT INTO core_post (id, name, level, branch_id, description, is_active, organization_id, parent_id, max_change_level, is_payment_order_signer, can_final_approve_budget, can_final_approve_factor, can_final_approve_tankhah) VALUES (8, '       ', 2, '3', '            ', 1, 7, 18, 9, 0, 0, 0, 0);
INSERT INTO core_post (id, name, level, branch_id, description, is_active, organization_id, parent_id, max_change_level, is_payment_order_signer, can_final_approve_budget, can_final_approve_factor, can_final_approve_tankhah) VALUES (9, '  ', 3, '3', '                   ', 1, 7, 8, 9, 0, 0, 0, 0);
INSERT INTO core_post (id, name, level, branch_id, description, is_active, organization_id, parent_id, max_change_level, is_payment_order_signer, can_final_approve_budget, can_final_approve_factor, can_final_approve_tankhah) VALUES (10, ' ', 3, '3', '       ', 1, 7, 8, 9, 0, 0, 0, 0);
INSERT INTO core_post (id, name, level, branch_id, description, is_active, organization_id, parent_id, max_change_level, is_payment_order_signer, can_final_approve_budget, can_final_approve_factor, can_final_approve_tankhah) VALUES (11, '     ', 3, '3', '          ', 1, 7, 8, 9, 0, 0, 0, 0);
INSERT INTO core_post (id, name, level, branch_id, description, is_active, organization_id, parent_id, max_change_level, is_payment_order_signer, can_final_approve_budget, can_final_approve_factor, can_final_approve_tankhah) VALUES (12, '     ', 3, '3', '          
', 1, 7, 8, 9, 0, 0, 0, 0);
INSERT INTO core_post (id, name, level, branch_id, description, is_active, organization_id, parent_id, max_change_level, is_payment_order_signer, can_final_approve_budget, can_final_approve_factor, can_final_approve_tankhah) VALUES (13, '   (       )', 5, '3', '   (       )', 0, 7, 9, 4, 0, 0, 0, 0);
INSERT INTO core_post (id, name, level, branch_id, description, is_active, organization_id, parent_id, max_change_level, is_payment_order_signer, can_final_approve_budget, can_final_approve_factor, can_final_approve_tankhah) VALUES (14, '  (       )', 5, '3', '  (       )', 0, 7, 10, 4, 0, 0, 0, 0);
INSERT INTO core_post (id, name, level, branch_id, description, is_active, organization_id, parent_id, max_change_level, is_payment_order_signer, can_final_approve_budget, can_final_approve_factor, can_final_approve_tankhah) VALUES (15, '       (       )', 5, '3', '       (       )', 0, 7, 11, 4, 0, 0, 0, 0);
INSERT INTO core_post (id, name, level, branch_id, description, is_active, organization_id, parent_id, max_change_level, is_payment_order_signer, can_final_approve_budget, can_final_approve_factor, can_final_approve_tankhah) VALUES (16, '       (       )', 4, '3', '       (       )', 0, 7, 8, 4, 0, 0, 0, 0);
INSERT INTO core_post (id, name, level, branch_id, description, is_active, organization_id, parent_id, max_change_level, is_payment_order_signer, can_final_approve_budget, can_final_approve_factor, can_final_approve_tankhah) VALUES (17, '       (       )', 5, '3', '       (       )', 0, 7, 11, 4, 0, 0, 0, 0);
INSERT INTO core_post (id, name, level, branch_id, description, is_active, organization_id, parent_id, max_change_level, is_payment_order_signer, can_final_approve_budget, can_final_approve_factor, can_final_approve_tankhah) VALUES (18, '  ', 1, '1', ' ', 1, 7, NULL, 4, 0, 0, 0, 0);
INSERT INTO core_post (id, name, level, branch_id, description, is_active, organization_id, parent_id, max_change_level, is_payment_order_signer, can_final_approve_budget, can_final_approve_factor, can_final_approve_tankhah) VALUES (19, ' ', 1, '1', ' ', 1, 7, NULL, 1, 0, 0, 0, 0);
INSERT INTO core_post (id, name, level, branch_id, description, is_active, organization_id, parent_id, max_change_level, is_payment_order_signer, can_final_approve_budget, can_final_approve_factor, can_final_approve_tankhah) VALUES (20, '   ', 5, '2', '   ', 1, 6, 4, 9, 0, 0, 0, 0);
INSERT INTO core_post (id, name, level, branch_id, description, is_active, organization_id, parent_id, max_change_level, is_payment_order_signer, can_final_approve_budget, can_final_approve_factor, can_final_approve_tankhah) VALUES (21, '  _    ', 6, '2', '  _   ', 1, 6, 20, 9, 0, 0, 0, 0);
INSERT INTO core_post (id, name, level, branch_id, description, is_active, organization_id, parent_id, max_change_level, is_payment_order_signer, can_final_approve_budget, can_final_approve_factor, can_final_approve_tankhah) VALUES (22, '  ()', 3, '6', '  ()', 1, 7, 1, 5, 1, 0, 1, 1);
INSERT INTO core_post (id, name, level, branch_id, description, is_active, organization_id, parent_id, max_change_level, is_payment_order_signer, can_final_approve_budget, can_final_approve_factor, can_final_approve_tankhah) VALUES (23, '  ', 6, '6', '', 1, 1, 5, 7, 0, 0, 0, 0);
INSERT INTO core_post (id, name, level, branch_id, description, is_active, organization_id, parent_id, max_change_level, is_payment_order_signer, can_final_approve_budget, can_final_approve_factor, can_final_approve_tankhah) VALUES (27, '    ', 7, NULL, NULL, 1, 1, NULL, 0, 0, 0, 0, 0);
INSERT INTO core_post (id, name, level, branch_id, description, is_active, organization_id, parent_id, max_change_level, is_payment_order_signer, can_final_approve_budget, can_final_approve_factor, can_final_approve_tankhah) VALUES (28, '   ', 1, NULL, '    ', 1, 1, NULL, 1, 0, 0, 0, 0);
INSERT INTO core_post (id, name, level, branch_id, description, is_active, organization_id, parent_id, max_change_level, is_payment_order_signer, can_final_approve_budget, can_final_approve_factor, can_final_approve_tankhah) VALUES (29, '   ', 1, NULL, '    ', 1, 1, NULL, 1, 0, 0, 0, 0);
INSERT INTO core_post (id, name, level, branch_id, description, is_active, organization_id, parent_id, max_change_level, is_payment_order_signer, can_final_approve_budget, can_final_approve_factor, can_final_approve_tankhah) VALUES (30, '   ', 5, '2', '    ', 1, 2, 4, 5, 0, 0, 0, 0);
INSERT INTO core_post (id, name, level, branch_id, description, is_active, organization_id, parent_id, max_change_level, is_payment_order_signer, can_final_approve_budget, can_final_approve_factor, can_final_approve_tankhah) VALUES (31, '   ', 1, NULL, '    ', 1, 2, NULL, 1, 0, 0, 0, 0);
INSERT INTO core_post (id, name, level, branch_id, description, is_active, organization_id, parent_id, max_change_level, is_payment_order_signer, can_final_approve_budget, can_final_approve_factor, can_final_approve_tankhah) VALUES (32, '   ', 1, NULL, '    ', 1, 3, NULL, 1, 0, 0, 0, 0);
INSERT INTO core_post (id, name, level, branch_id, description, is_active, organization_id, parent_id, max_change_level, is_payment_order_signer, can_final_approve_budget, can_final_approve_factor, can_final_approve_tankhah) VALUES (33, '   ', 1, NULL, '    ', 1, 3, NULL, 1, 0, 0, 0, 0);
INSERT INTO core_post (id, name, level, branch_id, description, is_active, organization_id, parent_id, max_change_level, is_payment_order_signer, can_final_approve_budget, can_final_approve_factor, can_final_approve_tankhah) VALUES (34, '   ', 1, NULL, '    ', 1, 4, NULL, 1, 0, 0, 0, 0);
INSERT INTO core_post (id, name, level, branch_id, description, is_active, organization_id, parent_id, max_change_level, is_payment_order_signer, can_final_approve_budget, can_final_approve_factor, can_final_approve_tankhah) VALUES (35, '   ', 1, NULL, '    ', 1, 4, NULL, 1, 0, 0, 0, 0);
INSERT INTO core_post (id, name, level, branch_id, description, is_active, organization_id, parent_id, max_change_level, is_payment_order_signer, can_final_approve_budget, can_final_approve_factor, can_final_approve_tankhah) VALUES (36, '   ', 1, NULL, '    ', 1, 5, NULL, 1, 0, 0, 0, 0);
INSERT INTO core_post (id, name, level, branch_id, description, is_active, organization_id, parent_id, max_change_level, is_payment_order_signer, can_final_approve_budget, can_final_approve_factor, can_final_approve_tankhah) VALUES (37, '   ', 1, NULL, '    ', 1, 5, NULL, 1, 0, 0, 0, 0);
INSERT INTO core_post (id, name, level, branch_id, description, is_active, organization_id, parent_id, max_change_level, is_payment_order_signer, can_final_approve_budget, can_final_approve_factor, can_final_approve_tankhah) VALUES (38, '   ', 1, NULL, '    ', 1, 6, NULL, 1, 0, 0, 0, 0);
INSERT INTO core_post (id, name, level, branch_id, description, is_active, organization_id, parent_id, max_change_level, is_payment_order_signer, can_final_approve_budget, can_final_approve_factor, can_final_approve_tankhah) VALUES (40, '  -   ', 1, NULL, '      ', 1, 7, NULL, 1, 1, 0, 1, 0);
INSERT INTO core_post (id, name, level, branch_id, description, is_active, organization_id, parent_id, max_change_level, is_payment_order_signer, can_final_approve_budget, can_final_approve_factor, can_final_approve_tankhah) VALUES (41, '  -   ', 1, NULL, '      ', 1, 7, NULL, 1, 1, 0, 1, 0);
INSERT INTO core_post (id, name, level, branch_id, description, is_active, organization_id, parent_id, max_change_level, is_payment_order_signer, can_final_approve_budget, can_final_approve_factor, can_final_approve_tankhah) VALUES (42, '  -   ', 1, NULL, '      ', 1, 7, NULL, 1, 1, 0, 1, 0);
INSERT INTO core_post (id, name, level, branch_id, description, is_active, organization_id, parent_id, max_change_level, is_payment_order_signer, can_final_approve_budget, can_final_approve_factor, can_final_approve_tankhah) VALUES (43, '  -    - beygh', 1, NULL, '       -  ', 1, 7, NULL, 1, 1, 0, 1, 0);

-- Table: core_postaction
CREATE TABLE `core_postaction` (
  `id` bigint NOT NULL AUTO_INCREMENT,
  `action_type` varchar(50) CHARACTER SET utf8mb4 COLLATE utf8mb4_0900_ai_ci NOT NULL,
  `is_active` tinyint(1) NOT NULL,
  `post_id` bigint NOT NULL,
  `stage_id` bigint NOT NULL,
  `entity_type` varchar(50) CHARACTER SET utf8mb4 COLLATE utf8mb4_0900_ai_ci NOT NULL,
  `triggers_payment_order` tinyint(1) NOT NULL,
  `min_level` int DEFAULT NULL,
  `allowed_actions` varchar(500) NOT NULL,
  PRIMARY KEY (`id`) USING BTREE,
  KEY `core_postaction_stage_id_e86eeb7d_fk_core_workflowstage_id` (`stage_id`) USING BTREE,
  KEY `core_postaction_post_id_27e16c7b` (`post_id`) USING BTREE,
  CONSTRAINT `core_postaction_post_id_27e16c7b_fk_core_post_id` FOREIGN KEY (`post_id`) REFERENCES `core_post` (`id`) ON DELETE RESTRICT ON UPDATE RESTRICT
) ENGINE=InnoDB AUTO_INCREMENT=5 DEFAULT CHARSET=utf8mb4 COLLATE=utf8mb4_0900_ai_ci ROW_FORMAT=DYNAMIC;

INSERT INTO core_postaction (id, action_type, is_active, post_id, stage_id, entity_type, triggers_payment_order, min_level, allowed_actions) VALUES (1, 'STAGE_CHANGE', 1, 7, 2, 'FACOTR', 0, NULL, '');
INSERT INTO core_postaction (id, action_type, is_active, post_id, stage_id, entity_type, triggers_payment_order, min_level, allowed_actions) VALUES (2, 'STAGE_CHANGE', 1, 3, 4, 'FACTOR', 0, NULL, '');
INSERT INTO core_postaction (id, action_type, is_active, post_id, stage_id, entity_type, triggers_payment_order, min_level, allowed_actions) VALUES (4, 'APPROVE', 1, 6, 1, 'FACTORITEM', 0, NULL, '');

-- Table: core_posthistory
CREATE TABLE `core_posthistory` (
  `id` bigint NOT NULL AUTO_INCREMENT,
  `changed_field` varchar(50) CHARACTER SET utf8mb4 COLLATE utf8mb4_0900_ai_ci NOT NULL,
  `old_value` longtext CHARACTER SET utf8mb4 COLLATE utf8mb4_0900_ai_ci,
  `new_value` longtext CHARACTER SET utf8mb4 COLLATE utf8mb4_0900_ai_ci,
  `changed_at` datetime(6) NOT NULL,
  `changed_by_id` bigint DEFAULT NULL,
  `post_id` bigint NOT NULL,
  PRIMARY KEY (`id`) USING BTREE,
  KEY `core_posthistory_changed_by_id_56e23fbe_fk_accounts_` (`changed_by_id`) USING BTREE,
  KEY `core_posthi_post_id_2c35ae_idx` (`post_id`,`changed_at`) USING BTREE,
  CONSTRAINT `core_posthistory_changed_by_id_56e23fbe_fk_accounts_` FOREIGN KEY (`changed_by_id`) REFERENCES `accounts_customuser` (`id`) ON DELETE RESTRICT ON UPDATE RESTRICT,
  CONSTRAINT `core_posthistory_post_id_06bedfe1_fk_core_post_id` FOREIGN KEY (`post_id`) REFERENCES `core_post` (`id`) ON DELETE RESTRICT ON UPDATE RESTRICT
) ENGINE=InnoDB AUTO_INCREMENT=262 DEFAULT CHARSET=utf8mb4 COLLATE=utf8mb4_0900_ai_ci ROW_FORMAT=DYNAMIC;

INSERT INTO core_posthistory (id, changed_field, old_value, new_value, changed_at, changed_by_id, post_id) VALUES (1, 'level', 'None', '1', 2025-05-21 06:29:08.393186, NULL, 19);
INSERT INTO core_posthistory (id, changed_field, old_value, new_value, changed_at, changed_by_id, post_id) VALUES (2, 'level', '4', '3', 2025-05-21 06:46:48.927805, NULL, 7);
INSERT INTO core_posthistory (id, changed_field, old_value, new_value, changed_at, changed_by_id, post_id) VALUES (3, 'level', '4', '3', 2025-05-21 06:47:18.344085, NULL, 12);
INSERT INTO core_posthistory (id, changed_field, old_value, new_value, changed_at, changed_by_id, post_id) VALUES (4, 'level', '4', '3', 2025-05-21 06:47:40.905953, NULL, 9);
INSERT INTO core_posthistory (id, changed_field, old_value, new_value, changed_at, changed_by_id, post_id) VALUES (5, 'level', '4', '3', 2025-05-21 06:48:02.593643, NULL, 11);
INSERT INTO core_posthistory (id, changed_field, old_value, new_value, changed_at, changed_by_id, post_id) VALUES (6, 'level', '4', '3', 2025-05-21 06:48:18.089887, NULL, 16);
INSERT INTO core_posthistory (id, changed_field, old_value, new_value, changed_at, changed_by_id, post_id) VALUES (7, 'level', '4', '3', 2025-05-21 06:53:44.131535, NULL, 7);
INSERT INTO core_posthistory (id, changed_field, old_value, new_value, changed_at, changed_by_id, post_id) VALUES (8, 'level', '4', '3', 2025-05-21 06:53:56.657839, NULL, 7);
INSERT INTO core_posthistory (id, changed_field, old_value, new_value, changed_at, changed_by_id, post_id) VALUES (9, 'level', 'None', '6', 2025-05-21 07:55:50.438893, NULL, 20);
INSERT INTO core_posthistory (id, changed_field, old_value, new_value, changed_at, changed_by_id, post_id) VALUES (10, 'level', 'None', '7', 2025-05-21 07:56:13.714476, NULL, 21);
INSERT INTO core_posthistory (id, changed_field, old_value, new_value, changed_at, changed_by_id, post_id) VALUES (11, 'level', '2', '3', 2025-07-19 09:27:16.169928, NULL, 2);
INSERT INTO core_posthistory (id, changed_field, old_value, new_value, changed_at, changed_by_id, post_id) VALUES (12, 'level', '2', '3', 2025-07-19 10:58:10.725366, NULL, 1);
INSERT INTO core_posthistory (id, changed_field, old_value, new_value, changed_at, changed_by_id, post_id) VALUES (13, 'level', '3', '4', 2025-07-21 17:58:34.425310, NULL, 2);
INSERT INTO core_posthistory (id, changed_field, old_value, new_value, changed_at, changed_by_id, post_id) VALUES (14, 'level', '3', '4', 2025-07-21 17:58:34.555427, NULL, 3);
INSERT INTO core_posthistory (id, changed_field, old_value, new_value, changed_at, changed_by_id, post_id) VALUES (15, 'level', '5', '4', 2025-07-21 17:58:34.638586, NULL, 4);
INSERT INTO core_posthistory (id, changed_field, old_value, new_value, changed_at, changed_by_id, post_id) VALUES (16, 'level', '2', '3', 2025-07-21 17:58:34.984426, NULL, 8);
INSERT INTO core_posthistory (id, changed_field, old_value, new_value, changed_at, changed_by_id, post_id) VALUES (17, 'level', '5', '4', 2025-07-21 17:58:35.503704, NULL, 14);
INSERT INTO core_posthistory (id, changed_field, old_value, new_value, changed_at, changed_by_id, post_id) VALUES (18, 'level', '5', '4', 2025-07-21 17:58:35.636053, NULL, 15);
INSERT INTO core_posthistory (id, changed_field, old_value, new_value, changed_at, changed_by_id, post_id) VALUES (19, 'level', '5', '4', 2025-07-21 17:58:35.862646, NULL, 17);
INSERT INTO core_posthistory (id, changed_field, old_value, new_value, changed_at, changed_by_id, post_id) VALUES (20, 'level', '2', '3', 2025-07-21 17:58:35.965532, NULL, 18);
INSERT INTO core_posthistory (id, changed_field, old_value, new_value, changed_at, changed_by_id, post_id) VALUES (86, 'level', '3', '4', 2025-07-21 18:27:18.418720, NULL, 1);
INSERT INTO core_posthistory (id, changed_field, old_value, new_value, changed_at, changed_by_id, post_id) VALUES (87, 'level', '4', '5', 2025-07-21 18:27:18.609952, NULL, 3);
INSERT INTO core_posthistory (id, changed_field, old_value, new_value, changed_at, changed_by_id, post_id) VALUES (88, 'level', '4', '5', 2025-07-21 18:27:18.684711, NULL, 4);
INSERT INTO core_posthistory (id, changed_field, old_value, new_value, changed_at, changed_by_id, post_id) VALUES (89, 'level', '6', '5', 2025-07-21 18:27:18.732830, NULL, 5);
INSERT INTO core_posthistory (id, changed_field, old_value, new_value, changed_at, changed_by_id, post_id) VALUES (90, 'level', '3', '4', 2025-07-21 18:27:18.810267, NULL, 7);
INSERT INTO core_posthistory (id, changed_field, old_value, new_value, changed_at, changed_by_id, post_id) VALUES (91, 'level', '3', '4', 2025-07-21 18:27:18.852275, NULL, 8);
INSERT INTO core_posthistory (id, changed_field, old_value, new_value, changed_at, changed_by_id, post_id) VALUES (92, 'level', '3', '4', 2025-07-21 18:27:18.899868, NULL, 9);
INSERT INTO core_posthistory (id, changed_field, old_value, new_value, changed_at, changed_by_id, post_id) VALUES (93, 'level', '3', '4', 2025-07-21 18:27:18.952967, NULL, 10);
INSERT INTO core_posthistory (id, changed_field, old_value, new_value, changed_at, changed_by_id, post_id) VALUES (94, 'level', '3', '4', 2025-07-21 18:27:19.004644, NULL, 11);
INSERT INTO core_posthistory (id, changed_field, old_value, new_value, changed_at, changed_by_id, post_id) VALUES (95, 'level', '3', '4', 2025-07-21 18:27:19.045724, NULL, 12);
INSERT INTO core_posthistory (id, changed_field, old_value, new_value, changed_at, changed_by_id, post_id) VALUES (96, 'level', '3', '4', 2025-07-21 18:27:19.205328, NULL, 16);
INSERT INTO core_posthistory (id, changed_field, old_value, new_value, changed_at, changed_by_id, post_id) VALUES (97, 'level', '3', '4', 2025-07-21 18:27:19.275256, NULL, 18);
INSERT INTO core_posthistory (id, changed_field, old_value, new_value, changed_at, changed_by_id, post_id) VALUES (98, 'level', '6', '5', 2025-07-21 18:27:19.363298, NULL, 20);
INSERT INTO core_posthistory (id, changed_field, old_value, new_value, changed_at, changed_by_id, post_id) VALUES (107, 'level', '4', '5', 2025-07-22 05:45:13.320023, NULL, 1);
INSERT INTO core_posthistory (id, changed_field, old_value, new_value, changed_at, changed_by_id, post_id) VALUES (108, 'level', '4', '5', 2025-07-22 05:45:13.382361, NULL, 2);
INSERT INTO core_posthistory (id, changed_field, old_value, new_value, changed_at, changed_by_id, post_id) VALUES (109, 'level', '5', '6', 2025-07-22 05:45:13.507012, NULL, 4);
INSERT INTO core_posthistory (id, changed_field, old_value, new_value, changed_at, changed_by_id, post_id) VALUES (110, 'level', '5', '6', 2025-07-22 05:45:13.565065, NULL, 5);
INSERT INTO core_posthistory (id, changed_field, old_value, new_value, changed_at, changed_by_id, post_id) VALUES (111, 'level', '7', '6', 2025-07-22 05:45:13.620885, NULL, 6);
INSERT INTO core_posthistory (id, changed_field, old_value, new_value, changed_at, changed_by_id, post_id) VALUES (112, 'level', '4', '5', 2025-07-22 05:45:13.680715, NULL, 7);
INSERT INTO core_posthistory (id, changed_field, old_value, new_value, changed_at, changed_by_id, post_id) VALUES (113, 'level', '4', '5', 2025-07-22 05:45:13.745994, NULL, 8);
INSERT INTO core_posthistory (id, changed_field, old_value, new_value, changed_at, changed_by_id, post_id) VALUES (114, 'level', '4', '5', 2025-07-22 05:45:13.808612, NULL, 9);
INSERT INTO core_posthistory (id, changed_field, old_value, new_value, changed_at, changed_by_id, post_id) VALUES (115, 'level', '4', '5', 2025-07-22 05:45:13.868867, NULL, 10);
INSERT INTO core_posthistory (id, changed_field, old_value, new_value, changed_at, changed_by_id, post_id) VALUES (116, 'level', '4', '5', 2025-07-22 05:45:13.929714, NULL, 11);
INSERT INTO core_posthistory (id, changed_field, old_value, new_value, changed_at, changed_by_id, post_id) VALUES (117, 'level', '4', '5', 2025-07-22 05:45:13.991387, NULL, 12);
INSERT INTO core_posthistory (id, changed_field, old_value, new_value, changed_at, changed_by_id, post_id) VALUES (118, 'level', '4', '5', 2025-07-22 05:45:14.047759, NULL, 18);
INSERT INTO core_posthistory (id, changed_field, old_value, new_value, changed_at, changed_by_id, post_id) VALUES (119, 'level', '5', '6', 2025-07-22 05:45:14.137504, NULL, 20);
INSERT INTO core_posthistory (id, changed_field, old_value, new_value, changed_at, changed_by_id, post_id) VALUES (120, 'level', '7', '6', 2025-07-22 05:45:14.185718, NULL, 21);
INSERT INTO core_posthistory (id, changed_field, old_value, new_value, changed_at, changed_by_id, post_id) VALUES (121, 'level', '5', '6', 2025-07-22 05:53:26.352387, NULL, 1);
INSERT INTO core_posthistory (id, changed_field, old_value, new_value, changed_at, changed_by_id, post_id) VALUES (122, 'level', '5', '6', 2025-07-22 05:53:26.465389, NULL, 2);
INSERT INTO core_posthistory (id, changed_field, old_value, new_value, changed_at, changed_by_id, post_id) VALUES (123, 'level', '5', '6', 2025-07-22 05:53:26.575865, NULL, 3);
INSERT INTO core_posthistory (id, changed_field, old_value, new_value, changed_at, changed_by_id, post_id) VALUES (124, 'level', '5', '6', 2025-07-22 05:53:26.680908, NULL, 7);
INSERT INTO core_posthistory (id, changed_field, old_value, new_value, changed_at, changed_by_id, post_id) VALUES (125, 'level', '5', '6', 2025-07-22 05:53:26.780821, NULL, 8);
INSERT INTO core_posthistory (id, changed_field, old_value, new_value, changed_at, changed_by_id, post_id) VALUES (126, 'level', '5', '6', 2025-07-22 05:53:26.882089, NULL, 9);
INSERT INTO core_posthistory (id, changed_field, old_value, new_value, changed_at, changed_by_id, post_id) VALUES (127, 'level', '5', '6', 2025-07-22 05:53:26.976845, NULL, 10);
INSERT INTO core_posthistory (id, changed_field, old_value, new_value, changed_at, changed_by_id, post_id) VALUES (128, 'level', '5', '6', 2025-07-22 05:53:27.078336, NULL, 11);
INSERT INTO core_posthistory (id, changed_field, old_value, new_value, changed_at, changed_by_id, post_id) VALUES (129, 'level', '5', '6', 2025-07-22 05:53:27.171574, NULL, 12);
INSERT INTO core_posthistory (id, changed_field, old_value, new_value, changed_at, changed_by_id, post_id) VALUES (130, 'level', '2', '6', 2025-07-22 05:53:27.255600, NULL, 18);
INSERT INTO core_posthistory (id, changed_field, old_value, new_value, changed_at, changed_by_id, post_id) VALUES (131, 'level', '6', '7', 2025-07-22 05:53:27.452547, NULL, 5);
INSERT INTO core_posthistory (id, changed_field, old_value, new_value, changed_at, changed_by_id, post_id) VALUES (132, 'level', '6', '7', 2025-07-22 05:53:27.538940, NULL, 6);
INSERT INTO core_posthistory (id, changed_field, old_value, new_value, changed_at, changed_by_id, post_id) VALUES (133, 'level', '6', '7', 2025-07-22 05:53:27.623756, NULL, 20);
INSERT INTO core_posthistory (id, changed_field, old_value, new_value, changed_at, changed_by_id, post_id) VALUES (134, 'level', '6', '7', 2025-07-22 05:53:27.727011, NULL, 21);
INSERT INTO core_posthistory (id, changed_field, old_value, new_value, changed_at, changed_by_id, post_id) VALUES (135, 'level', '6', '7', 2025-07-22 06:04:55.293571, NULL, 1);
INSERT INTO core_posthistory (id, changed_field, old_value, new_value, changed_at, changed_by_id, post_id) VALUES (136, 'level', '6', '7', 2025-07-22 06:04:55.350952, NULL, 2);
INSERT INTO core_posthistory (id, changed_field, old_value, new_value, changed_at, changed_by_id, post_id) VALUES (137, 'level', '6', '7', 2025-07-22 06:04:55.399064, NULL, 3);
INSERT INTO core_posthistory (id, changed_field, old_value, new_value, changed_at, changed_by_id, post_id) VALUES (138, 'level', '6', '7', 2025-07-22 06:04:55.447968, NULL, 4);
INSERT INTO core_posthistory (id, changed_field, old_value, new_value, changed_at, changed_by_id, post_id) VALUES (139, 'level', '6', '7', 2025-07-22 06:04:55.503314, NULL, 7);
INSERT INTO core_posthistory (id, changed_field, old_value, new_value, changed_at, changed_by_id, post_id) VALUES (140, 'level', '6', '7', 2025-07-22 06:04:55.554506, NULL, 8);
INSERT INTO core_posthistory (id, changed_field, old_value, new_value, changed_at, changed_by_id, post_id) VALUES (141, 'level', '6', '7', 2025-07-22 06:04:55.601999, NULL, 9);
INSERT INTO core_posthistory (id, changed_field, old_value, new_value, changed_at, changed_by_id, post_id) VALUES (142, 'level', '6', '7', 2025-07-22 06:04:55.652167, NULL, 10);
INSERT INTO core_posthistory (id, changed_field, old_value, new_value, changed_at, changed_by_id, post_id) VALUES (143, 'level', '6', '7', 2025-07-22 06:04:55.714083, NULL, 11);
INSERT INTO core_posthistory (id, changed_field, old_value, new_value, changed_at, changed_by_id, post_id) VALUES (144, 'level', '6', '7', 2025-07-22 06:04:55.776093, NULL, 12);
INSERT INTO core_posthistory (id, changed_field, old_value, new_value, changed_at, changed_by_id, post_id) VALUES (145, 'level', '6', '7', 2025-07-22 06:04:55.833847, NULL, 18);
INSERT INTO core_posthistory (id, changed_field, old_value, new_value, changed_at, changed_by_id, post_id) VALUES (146, 'level', '7', '8', 2025-07-22 06:04:55.945328, NULL, 6);
INSERT INTO core_posthistory (id, changed_field, old_value, new_value, changed_at, changed_by_id, post_id) VALUES (147, 'level', '7', '8', 2025-07-22 06:04:56.062377, NULL, 21);
INSERT INTO core_posthistory (id, changed_field, old_value, new_value, changed_at, changed_by_id, post_id) VALUES (148, 'level', '7', '8', 2025-07-22 10:00:36.469690, NULL, 1);
INSERT INTO core_posthistory (id, changed_field, old_value, new_value, changed_at, changed_by_id, post_id) VALUES (149, 'level', '7', '8', 2025-07-22 10:00:36.597415, NULL, 2);
INSERT INTO core_posthistory (id, changed_field, old_value, new_value, changed_at, changed_by_id, post_id) VALUES (150, 'level', '7', '8', 2025-07-22 10:00:36.812255, NULL, 3);
INSERT INTO core_posthistory (id, changed_field, old_value, new_value, changed_at, changed_by_id, post_id) VALUES (151, 'level', '7', '8', 2025-07-22 10:00:36.984487, NULL, 4);
INSERT INTO core_posthistory (id, changed_field, old_value, new_value, changed_at, changed_by_id, post_id) VALUES (152, 'level', '7', '8', 2025-07-22 10:00:37.118584, NULL, 5);
INSERT INTO core_posthistory (id, changed_field, old_value, new_value, changed_at, changed_by_id, post_id) VALUES (153, 'level', '7', '8', 2025-07-22 10:00:37.220968, NULL, 7);
INSERT INTO core_posthistory (id, changed_field, old_value, new_value, changed_at, changed_by_id, post_id) VALUES (154, 'level', '7', '8', 2025-07-22 10:00:37.333694, NULL, 8);
INSERT INTO core_posthistory (id, changed_field, old_value, new_value, changed_at, changed_by_id, post_id) VALUES (155, 'level', '7', '8', 2025-07-22 10:00:37.414986, NULL, 9);
INSERT INTO core_posthistory (id, changed_field, old_value, new_value, changed_at, changed_by_id, post_id) VALUES (156, 'level', '7', '8', 2025-07-22 10:00:37.531045, NULL, 10);
INSERT INTO core_posthistory (id, changed_field, old_value, new_value, changed_at, changed_by_id, post_id) VALUES (157, 'level', '7', '8', 2025-07-22 10:00:37.660332, NULL, 11);
INSERT INTO core_posthistory (id, changed_field, old_value, new_value, changed_at, changed_by_id, post_id) VALUES (158, 'level', '7', '8', 2025-07-22 10:00:37.763536, NULL, 12);
INSERT INTO core_posthistory (id, changed_field, old_value, new_value, changed_at, changed_by_id, post_id) VALUES (159, 'level', '7', '8', 2025-07-22 10:00:37.892617, NULL, 18);
INSERT INTO core_posthistory (id, changed_field, old_value, new_value, changed_at, changed_by_id, post_id) VALUES (160, 'level', '7', '8', 2025-07-22 10:00:38.030623, NULL, 20);
INSERT INTO core_posthistory (id, changed_field, old_value, new_value, changed_at, changed_by_id, post_id) VALUES (161, 'level', '8', '9', 2025-07-22 10:04:33.549612, NULL, 1);
INSERT INTO core_posthistory (id, changed_field, old_value, new_value, changed_at, changed_by_id, post_id) VALUES (162, 'level', '8', '9', 2025-07-22 10:04:33.596179, NULL, 2);
INSERT INTO core_posthistory (id, changed_field, old_value, new_value, changed_at, changed_by_id, post_id) VALUES (163, 'level', '8', '9', 2025-07-22 10:04:33.642319, NULL, 3);
INSERT INTO core_posthistory (id, changed_field, old_value, new_value, changed_at, changed_by_id, post_id) VALUES (164, 'level', '8', '9', 2025-07-22 10:04:33.686746, NULL, 4);
INSERT INTO core_posthistory (id, changed_field, old_value, new_value, changed_at, changed_by_id, post_id) VALUES (165, 'level', '8', '9', 2025-07-22 10:04:33.728158, NULL, 5);
INSERT INTO core_posthistory (id, changed_field, old_value, new_value, changed_at, changed_by_id, post_id) VALUES (166, 'level', '8', '9', 2025-07-22 10:04:33.782098, NULL, 6);
INSERT INTO core_posthistory (id, changed_field, old_value, new_value, changed_at, changed_by_id, post_id) VALUES (167, 'level', '8', '9', 2025-07-22 10:04:33.825630, NULL, 7);
INSERT INTO core_posthistory (id, changed_field, old_value, new_value, changed_at, changed_by_id, post_id) VALUES (168, 'level', '8', '9', 2025-07-22 10:04:33.880174, NULL, 8);
INSERT INTO core_posthistory (id, changed_field, old_value, new_value, changed_at, changed_by_id, post_id) VALUES (169, 'level', '8', '9', 2025-07-22 10:04:33.945598, NULL, 9);
INSERT INTO core_posthistory (id, changed_field, old_value, new_value, changed_at, changed_by_id, post_id) VALUES (170, 'level', '8', '9', 2025-07-22 10:04:34.005244, NULL, 10);
INSERT INTO core_posthistory (id, changed_field, old_value, new_value, changed_at, changed_by_id, post_id) VALUES (171, 'level', '8', '9', 2025-07-22 10:04:34.069374, NULL, 11);
INSERT INTO core_posthistory (id, changed_field, old_value, new_value, changed_at, changed_by_id, post_id) VALUES (172, 'level', '8', '9', 2025-07-22 10:04:34.128146, NULL, 12);
INSERT INTO core_posthistory (id, changed_field, old_value, new_value, changed_at, changed_by_id, post_id) VALUES (173, 'level', '8', '9', 2025-07-22 10:04:34.192809, NULL, 18);
INSERT INTO core_posthistory (id, changed_field, old_value, new_value, changed_at, changed_by_id, post_id) VALUES (174, 'level', '8', '9', 2025-07-22 10:04:34.257997, NULL, 20);
INSERT INTO core_posthistory (id, changed_field, old_value, new_value, changed_at, changed_by_id, post_id) VALUES (175, 'level', '8', '9', 2025-07-22 10:04:34.320002, NULL, 21);
INSERT INTO core_posthistory (id, changed_field, old_value, new_value, changed_at, changed_by_id, post_id) VALUES (176, 'level', '1', '2', 2025-07-24 18:21:51.637000, NULL, 18);
INSERT INTO core_posthistory (id, changed_field, old_value, new_value, changed_at, changed_by_id, post_id) VALUES (177, 'level', '2', '3', 2025-07-24 18:21:52.016597, NULL, 2);
INSERT INTO core_posthistory (id, changed_field, old_value, new_value, changed_at, changed_by_id, post_id) VALUES (178, 'level', '2', '3', 2025-07-24 18:22:21.427735, NULL, 1);
INSERT INTO core_posthistory (id, changed_field, old_value, new_value, changed_at, changed_by_id, post_id) VALUES (179, 'level', '2', '3', 2025-07-24 18:22:21.610139, NULL, 8);
INSERT INTO core_posthistory (id, changed_field, old_value, new_value, changed_at, changed_by_id, post_id) VALUES (180, 'level', '2', '3', 2025-07-24 18:22:21.770807, NULL, 18);
INSERT INTO core_posthistory (id, changed_field, old_value, new_value, changed_at, changed_by_id, post_id) VALUES (181, 'level', '3', '4', 2025-07-24 18:22:22.128259, NULL, 3);
INSERT INTO core_posthistory (id, changed_field, old_value, new_value, changed_at, changed_by_id, post_id) VALUES (182, 'level', '2', '4', 2025-07-24 21:18:42.392930, NULL, 1);
INSERT INTO core_posthistory (id, changed_field, old_value, new_value, changed_at, changed_by_id, post_id) VALUES (183, 'level', '3', '4', 2025-07-24 21:18:42.532434, NULL, 2);
INSERT INTO core_posthistory (id, changed_field, old_value, new_value, changed_at, changed_by_id, post_id) VALUES (184, 'level', '3', '4', 2025-07-24 21:18:42.730643, NULL, 8);
INSERT INTO core_posthistory (id, changed_field, old_value, new_value, changed_at, changed_by_id, post_id) VALUES (185, 'level', '1', '4', 2025-07-24 21:18:43.249571, NULL, 18);
INSERT INTO core_posthistory (id, changed_field, old_value, new_value, changed_at, changed_by_id, post_id) VALUES (186, 'level', '6', '5', 2025-07-24 21:18:43.546192, NULL, 5);
INSERT INTO core_posthistory (id, changed_field, old_value, new_value, changed_at, changed_by_id, post_id) VALUES (187, 'level', '6', '5', 2025-07-24 21:18:43.652585, NULL, 20);
INSERT INTO core_posthistory (id, changed_field, old_value, new_value, changed_at, changed_by_id, post_id) VALUES (188, 'level', '7', '6', 2025-07-24 21:18:43.751372, NULL, 6);
INSERT INTO core_posthistory (id, changed_field, old_value, new_value, changed_at, changed_by_id, post_id) VALUES (189, 'level', '7', '6', 2025-07-24 21:18:43.856034, NULL, 21);
INSERT INTO core_posthistory (id, changed_field, old_value, new_value, changed_at, changed_by_id, post_id) VALUES (190, 'level', '2', '5', 2025-07-24 21:19:41.425840, NULL, 1);
INSERT INTO core_posthistory (id, changed_field, old_value, new_value, changed_at, changed_by_id, post_id) VALUES (191, 'level', '3', '5', 2025-07-24 21:20:10.387978, NULL, 2);
INSERT INTO core_posthistory (id, changed_field, old_value, new_value, changed_at, changed_by_id, post_id) VALUES (192, 'level', '1', '5', 2025-07-24 21:20:38.546561, NULL, 2);
INSERT INTO core_posthistory (id, changed_field, old_value, new_value, changed_at, changed_by_id, post_id) VALUES (193, 'level', '2', '3', 2025-07-24 21:23:44.126874, NULL, 1);
INSERT INTO core_posthistory (id, changed_field, old_value, new_value, changed_at, changed_by_id, post_id) VALUES (194, 'level', '2', '3', 2025-07-24 21:23:44.298815, NULL, 18);
INSERT INTO core_posthistory (id, changed_field, old_value, new_value, changed_at, changed_by_id, post_id) VALUES (195, 'level', '7', '6', 2025-07-24 21:23:46.173244, NULL, 20);
INSERT INTO core_posthistory (id, changed_field, old_value, new_value, changed_at, changed_by_id, post_id) VALUES (196, 'level', '7', '8', 2025-07-24 21:23:46.265300, NULL, 21);
INSERT INTO core_posthistory (id, changed_field, old_value, new_value, changed_at, changed_by_id, post_id) VALUES (197, 'level', 'None', '4', 2025-07-26 09:49:19.830540, NULL, 22);
INSERT INTO core_posthistory (id, changed_field, old_value, new_value, changed_at, changed_by_id, post_id) VALUES (198, 'level', '3', '4', 2025-07-26 09:50:08.852152, NULL, 1);
INSERT INTO core_posthistory (id, changed_field, old_value, new_value, changed_at, changed_by_id, post_id) VALUES (199, 'level', '3', '4', 2025-07-26 09:50:08.995818, NULL, 2);
INSERT INTO core_posthistory (id, changed_field, old_value, new_value, changed_at, changed_by_id, post_id) VALUES (200, 'level', '3', '4', 2025-07-26 09:50:09.141425, NULL, 8);
INSERT INTO core_posthistory (id, changed_field, old_value, new_value, changed_at, changed_by_id, post_id) VALUES (201, 'level', '3', '4', 2025-07-26 09:50:09.274467, NULL, 18);
INSERT INTO core_posthistory (id, changed_field, old_value, new_value, changed_at, changed_by_id, post_id) VALUES (202, 'level', '8', '7', 2025-07-26 09:50:10.962978, NULL, 21);
INSERT INTO core_posthistory (id, changed_field, old_value, new_value, changed_at, changed_by_id, post_id) VALUES (203, 'level', '4', '5', 2025-07-26 10:45:22.956257, NULL, 22);
INSERT INTO core_posthistory (id, changed_field, old_value, new_value, changed_at, changed_by_id, post_id) VALUES (204, 'level', '4', '5', 2025-07-26 11:13:54.763807, NULL, 1);
INSERT INTO core_posthistory (id, changed_field, old_value, new_value, changed_at, changed_by_id, post_id) VALUES (205, 'level', '4', '6', 2025-07-26 11:17:54.917608, NULL, 22);
INSERT INTO core_posthistory (id, changed_field, old_value, new_value, changed_at, changed_by_id, post_id) VALUES (206, 'level', '1', '4', 2025-07-26 11:21:11.574882, NULL, 18);
INSERT INTO core_posthistory (id, changed_field, old_value, new_value, changed_at, changed_by_id, post_id) VALUES (207, 'level', '1', '4', 2025-07-26 11:22:06.156971, NULL, 18);
INSERT INTO core_posthistory (id, changed_field, old_value, new_value, changed_at, changed_by_id, post_id) VALUES (208, 'level', '1', '4', 2025-07-26 11:40:37.667474, NULL, 18);
INSERT INTO core_posthistory (id, changed_field, old_value, new_value, changed_at, changed_by_id, post_id) VALUES (209, 'level', '2', '4', 2025-07-26 11:40:53.698814, NULL, 2);
INSERT INTO core_posthistory (id, changed_field, old_value, new_value, changed_at, changed_by_id, post_id) VALUES (210, 'level', '3', '4', 2025-07-26 11:41:02.962449, NULL, 3);
INSERT INTO core_posthistory (id, changed_field, old_value, new_value, changed_at, changed_by_id, post_id) VALUES (211, 'level', '2', '1', 2025-07-26 11:45:43.082038, NULL, 1);
INSERT INTO core_posthistory (id, changed_field, old_value, new_value, changed_at, changed_by_id, post_id) VALUES (212, 'level', '2', '1', 2025-07-26 11:45:43.280246, NULL, 2);
INSERT INTO core_posthistory (id, changed_field, old_value, new_value, changed_at, changed_by_id, post_id) VALUES (213, 'level', '2', '1', 2025-07-26 11:45:43.501550, NULL, 8);
INSERT INTO core_posthistory (id, changed_field, old_value, new_value, changed_at, changed_by_id, post_id) VALUES (214, 'level', '3', '2', 2025-07-26 11:45:43.679440, NULL, 3);
INSERT INTO core_posthistory (id, changed_field, old_value, new_value, changed_at, changed_by_id, post_id) VALUES (215, 'level', '3', '2', 2025-07-26 11:45:43.858079, NULL, 9);
INSERT INTO core_posthistory (id, changed_field, old_value, new_value, changed_at, changed_by_id, post_id) VALUES (216, 'level', '3', '2', 2025-07-26 11:45:44.052482, NULL, 10);
INSERT INTO core_posthistory (id, changed_field, old_value, new_value, changed_at, changed_by_id, post_id) VALUES (217, 'level', '3', '2', 2025-07-26 11:45:44.223321, NULL, 11);
INSERT INTO core_posthistory (id, changed_field, old_value, new_value, changed_at, changed_by_id, post_id) VALUES (218, 'level', '3', '2', 2025-07-26 11:45:44.399799, NULL, 12);
INSERT INTO core_posthistory (id, changed_field, old_value, new_value, changed_at, changed_by_id, post_id) VALUES (219, 'level', '3', '2', 2025-07-26 11:45:44.566081, NULL, 22);
INSERT INTO core_posthistory (id, changed_field, old_value, new_value, changed_at, changed_by_id, post_id) VALUES (220, 'level', '4', '3', 2025-07-26 11:45:44.789612, NULL, 4);
INSERT INTO core_posthistory (id, changed_field, old_value, new_value, changed_at, changed_by_id, post_id) VALUES (221, 'level', '4', '2', 2025-07-26 11:45:44.952050, NULL, 7);
INSERT INTO core_posthistory (id, changed_field, old_value, new_value, changed_at, changed_by_id, post_id) VALUES (222, 'level', '5', '4', 2025-07-26 11:45:45.126986, NULL, 5);
INSERT INTO core_posthistory (id, changed_field, old_value, new_value, changed_at, changed_by_id, post_id) VALUES (223, 'level', '5', '4', 2025-07-26 11:45:45.293015, NULL, 20);
INSERT INTO core_posthistory (id, changed_field, old_value, new_value, changed_at, changed_by_id, post_id) VALUES (224, 'level', '6', '5', 2025-07-26 11:45:45.434899, NULL, 6);
INSERT INTO core_posthistory (id, changed_field, old_value, new_value, changed_at, changed_by_id, post_id) VALUES (225, 'level', '6', '5', 2025-07-26 11:45:45.609663, NULL, 21);
INSERT INTO core_posthistory (id, changed_field, old_value, new_value, changed_at, changed_by_id, post_id) VALUES (226, 'level', '2', '1', 2025-07-26 11:46:20.336572, NULL, 3);
INSERT INTO core_posthistory (id, changed_field, old_value, new_value, changed_at, changed_by_id, post_id) VALUES (227, 'level', '2', '1', 2025-07-26 11:46:20.526599, NULL, 7);
INSERT INTO core_posthistory (id, changed_field, old_value, new_value, changed_at, changed_by_id, post_id) VALUES (228, 'level', '2', '1', 2025-07-26 11:46:20.724846, NULL, 9);
INSERT INTO core_posthistory (id, changed_field, old_value, new_value, changed_at, changed_by_id, post_id) VALUES (229, 'level', '2', '1', 2025-07-26 11:46:20.922272, NULL, 10);
INSERT INTO core_posthistory (id, changed_field, old_value, new_value, changed_at, changed_by_id, post_id) VALUES (230, 'level', '2', '1', 2025-07-26 11:46:21.131828, NULL, 11);
INSERT INTO core_posthistory (id, changed_field, old_value, new_value, changed_at, changed_by_id, post_id) VALUES (231, 'level', '2', '1', 2025-07-26 11:46:21.332176, NULL, 12);
INSERT INTO core_posthistory (id, changed_field, old_value, new_value, changed_at, changed_by_id, post_id) VALUES (232, 'level', '4', '1', 2025-07-26 11:46:21.507296, NULL, 22);
INSERT INTO core_posthistory (id, changed_field, old_value, new_value, changed_at, changed_by_id, post_id) VALUES (233, 'level', '3', '2', 2025-07-26 11:46:21.714031, NULL, 4);
INSERT INTO core_posthistory (id, changed_field, old_value, new_value, changed_at, changed_by_id, post_id) VALUES (234, 'level', '4', '3', 2025-07-26 11:46:21.890555, NULL, 5);
INSERT INTO core_posthistory (id, changed_field, old_value, new_value, changed_at, changed_by_id, post_id) VALUES (235, 'level', '4', '3', 2025-07-26 11:46:22.090133, NULL, 20);
INSERT INTO core_posthistory (id, changed_field, old_value, new_value, changed_at, changed_by_id, post_id) VALUES (236, 'level', '5', '4', 2025-07-26 11:46:22.284441, NULL, 6);
INSERT INTO core_posthistory (id, changed_field, old_value, new_value, changed_at, changed_by_id, post_id) VALUES (237, 'level', '5', '4', 2025-07-26 11:46:22.482227, NULL, 21);
INSERT INTO core_posthistory (id, changed_field, old_value, new_value, changed_at, changed_by_id, post_id) VALUES (238, 'level', '2', '1', 2025-07-26 16:46:28.969532, NULL, 1);
INSERT INTO core_posthistory (id, changed_field, old_value, new_value, changed_at, changed_by_id, post_id) VALUES (239, 'level', '2', '1', 2025-07-26 16:46:48.211496, NULL, 1);
INSERT INTO core_posthistory (id, changed_field, old_value, new_value, changed_at, changed_by_id, post_id) VALUES (240, 'level', '2', '1', 2025-07-26 16:47:03.707892, NULL, 1);
INSERT INTO core_posthistory (id, changed_field, old_value, new_value, changed_at, changed_by_id, post_id) VALUES (241, 'level', '2', '1', 2025-07-26 16:48:25.791913, NULL, 1);
INSERT INTO core_posthistory (id, changed_field, old_value, new_value, changed_at, changed_by_id, post_id) VALUES (242, 'level', '1', '2', 2025-07-26 17:20:06.202918, 2, 1);
INSERT INTO core_posthistory (id, changed_field, old_value, new_value, changed_at, changed_by_id, post_id) VALUES (243, 'level', '3', '2', 2025-07-26 17:20:42.182282, 2, 2);
INSERT INTO core_posthistory (id, changed_field, old_value, new_value, changed_at, changed_by_id, post_id) VALUES (244, 'level', '5', '2', 2025-07-26 17:21:11.877517, 2, 2);
INSERT INTO core_posthistory (id, changed_field, old_value, new_value, changed_at, changed_by_id, post_id) VALUES (245, 'level', 'None', '7', 2025-09-04 09:49:25.523807, 2, 23);
INSERT INTO core_posthistory (id, changed_field, old_value, new_value, changed_at, changed_by_id, post_id) VALUES (247, 'level', 'None', '1', 2025-09-18 19:43:21.089176, NULL, 28);
INSERT INTO core_posthistory (id, changed_field, old_value, new_value, changed_at, changed_by_id, post_id) VALUES (248, 'level', 'None', '1', 2025-09-18 19:43:21.120106, NULL, 29);
INSERT INTO core_posthistory (id, changed_field, old_value, new_value, changed_at, changed_by_id, post_id) VALUES (249, 'level', 'None', '1', 2025-09-18 19:43:21.124677, NULL, 30);
INSERT INTO core_posthistory (id, changed_field, old_value, new_value, changed_at, changed_by_id, post_id) VALUES (250, 'level', 'None', '1', 2025-09-18 19:43:21.135807, NULL, 31);
INSERT INTO core_posthistory (id, changed_field, old_value, new_value, changed_at, changed_by_id, post_id) VALUES (251, 'level', 'None', '1', 2025-09-18 19:43:21.193418, NULL, 32);
INSERT INTO core_posthistory (id, changed_field, old_value, new_value, changed_at, changed_by_id, post_id) VALUES (252, 'level', 'None', '1', 2025-09-18 19:43:21.201184, NULL, 33);
INSERT INTO core_posthistory (id, changed_field, old_value, new_value, changed_at, changed_by_id, post_id) VALUES (253, 'level', 'None', '1', 2025-09-18 19:43:21.225528, NULL, 34);
INSERT INTO core_posthistory (id, changed_field, old_value, new_value, changed_at, changed_by_id, post_id) VALUES (254, 'level', 'None', '1', 2025-09-18 19:43:21.232467, NULL, 35);
INSERT INTO core_posthistory (id, changed_field, old_value, new_value, changed_at, changed_by_id, post_id) VALUES (255, 'level', 'None', '1', 2025-09-18 19:43:21.261480, NULL, 36);
INSERT INTO core_posthistory (id, changed_field, old_value, new_value, changed_at, changed_by_id, post_id) VALUES (256, 'level', 'None', '1', 2025-09-18 19:43:21.270298, NULL, 37);
INSERT INTO core_posthistory (id, changed_field, old_value, new_value, changed_at, changed_by_id, post_id) VALUES (257, 'level', 'None', '1', 2025-09-18 19:43:21.304811, NULL, 38);
INSERT INTO core_posthistory (id, changed_field, old_value, new_value, changed_at, changed_by_id, post_id) VALUES (258, 'level', '1', '5', 2025-09-19 01:06:50.365633, 2, 30);
INSERT INTO core_posthistory (id, changed_field, old_value, new_value, changed_at, changed_by_id, post_id) VALUES (259, 'level', 'None', '1', 2025-09-20 05:03:38.462504, NULL, 41);
INSERT INTO core_posthistory (id, changed_field, old_value, new_value, changed_at, changed_by_id, post_id) VALUES (260, 'level', 'None', '1', 2025-09-20 05:05:01.873721, NULL, 42);
INSERT INTO core_posthistory (id, changed_field, old_value, new_value, changed_at, changed_by_id, post_id) VALUES (261, 'level', 'None', '1', 2025-09-20 05:06:17.420067, NULL, 43);

-- Table: core_postruleassignment
CREATE TABLE `core_postruleassignment` (
  `id` bigint NOT NULL AUTO_INCREMENT,
  `entity_type` varchar(50) NOT NULL,
  `custom_settings` longtext NOT NULL,
  `is_active` tinyint(1) NOT NULL,
  `created_at` datetime(6) NOT NULL,
  `created_by_id` bigint DEFAULT NULL,
  `post_id` bigint NOT NULL,
  `rule_template_id` bigint NOT NULL,
  `action_id` bigint NOT NULL,
  `organization_id` bigint DEFAULT NULL,
  PRIMARY KEY (`id`),
  KEY `core_postruleassignm_created_by_id_5a5a4ae7_fk_accounts_` (`created_by_id`),
  KEY `core_postruleassignm_rule_template_id_00d25cb4_fk_core_work` (`rule_template_id`),
  KEY `core_postruleassignment_post_id_4638abbc` (`post_id`),
  KEY `core_postruleassignment_action_id_9e94943b_fk_core_action_id` (`action_id`),
  KEY `core_postruleassignm_organization_id_bd603b1a_fk_core_orga` (`organization_id`),
  CONSTRAINT `core_postruleassignm_created_by_id_5a5a4ae7_fk_accounts_` FOREIGN KEY (`created_by_id`) REFERENCES `accounts_customuser` (`id`),
  CONSTRAINT `core_postruleassignm_organization_id_bd603b1a_fk_core_orga` FOREIGN KEY (`organization_id`) REFERENCES `core_organization` (`id`),
  CONSTRAINT `core_postruleassignm_rule_template_id_00d25cb4_fk_core_work` FOREIGN KEY (`rule_template_id`) REFERENCES `core_workflowruletemplate` (`id`),
  CONSTRAINT `core_postruleassignment_action_id_9e94943b_fk_core_action_id` FOREIGN KEY (`action_id`) REFERENCES `core_action` (`id`),
  CONSTRAINT `core_postruleassignment_post_id_4638abbc_fk_core_post_id` FOREIGN KEY (`post_id`) REFERENCES `core_post` (`id`)
) ENGINE=InnoDB AUTO_INCREMENT=2 DEFAULT CHARSET=utf8mb4 COLLATE=utf8mb4_0900_ai_ci;

INSERT INTO core_postruleassignment (id, entity_type, custom_settings, is_active, created_at, created_by_id, post_id, rule_template_id, action_id, organization_id) VALUES (1, 'PAYMENTORDER', '{}', 1, 2025-09-20 05:07:18.976275, 4, 43, 3, 11, 7);

-- Table: core_project
CREATE TABLE `core_project` (
  `id` bigint NOT NULL AUTO_INCREMENT,
  `name` varchar(100) CHARACTER SET utf8mb4 COLLATE utf8mb4_0900_ai_ci NOT NULL,
  `code` varchar(80) CHARACTER SET utf8mb4 COLLATE utf8mb4_0900_ai_ci NOT NULL,
  `start_date` date NOT NULL,
  `end_date` date DEFAULT NULL,
  `description` longtext CHARACTER SET utf8mb4 COLLATE utf8mb4_0900_ai_ci,
  `is_active` tinyint(1) NOT NULL,
  `allocations_id` bigint DEFAULT NULL,
  `priority` varchar(20) CHARACTER SET utf8mb4 COLLATE utf8mb4_0900_ai_ci NOT NULL,
  PRIMARY KEY (`id`) USING BTREE,
  UNIQUE KEY `code` (`code`) USING BTREE
) ENGINE=InnoDB AUTO_INCREMENT=12 DEFAULT CHARSET=utf8mb4 COLLATE=utf8mb4_0900_ai_ci ROW_FORMAT=DYNAMIC;

INSERT INTO core_project (id, name, code, start_date, end_date, description, is_active, allocations_id, priority) VALUES (7, '    ', 'HQ-P001', 2025-04-21, 2025-05-21, '    ', 1, NULL, 'MEDIUM');
INSERT INTO core_project (id, name, code, start_date, end_date, description, is_active, allocations_id, priority) VALUES (8, '  -    ', 'HSAR-Flor3', 2025-05-10, 2025-05-10, '     ', 1, NULL, 'MEDIUM');
INSERT INTO core_project (id, name, code, start_date, end_date, description, is_active, allocations_id, priority) VALUES (9, '     ', 'HKan-ServerRoom', 2025-05-10, 2025-05-10, '     ', 1, NULL, 'MEDIUM');
INSERT INTO core_project (id, name, code, start_date, end_date, description, is_active, allocations_id, priority) VALUES (10, '  ', 'HSar-Engining', 2025-07-06, 2026-07-21, 'HSar-Engining', 1, NULL, 'HIGH');
INSERT INTO core_project (id, name, code, start_date, end_date, description, is_active, allocations_id, priority) VALUES (11, '    -   ', 'HHydro-1404', 2025-07-15, 2025-09-22, '    -      - ', 1, NULL, 'MEDIUM');

-- Table: core_project_organizations
CREATE TABLE `core_project_organizations` (
  `id` int NOT NULL AUTO_INCREMENT,
  `project_id` bigint NOT NULL,
  `organization_id` bigint NOT NULL,
  PRIMARY KEY (`id`) USING BTREE,
  UNIQUE KEY `core_project_organizatio_project_id_organization__629c5e5f_uniq` (`project_id`,`organization_id`) USING BTREE,
  KEY `core_project_organiz_organization_id_2397ad59_fk_core_orga` (`organization_id`) USING BTREE,
  CONSTRAINT `core_project_organiz_organization_id_2397ad59_fk_core_orga` FOREIGN KEY (`organization_id`) REFERENCES `core_organization` (`id`) ON DELETE RESTRICT ON UPDATE RESTRICT,
  CONSTRAINT `core_project_organiz_project_id_235f1848_fk_core_proj` FOREIGN KEY (`project_id`) REFERENCES `core_project` (`id`) ON DELETE RESTRICT ON UPDATE RESTRICT
) ENGINE=InnoDB AUTO_INCREMENT=12 DEFAULT CHARSET=utf8mb4 COLLATE=utf8mb4_0900_ai_ci ROW_FORMAT=DYNAMIC;

INSERT INTO core_project_organizations (id, project_id, organization_id) VALUES (7, 7, 7);
INSERT INTO core_project_organizations (id, project_id, organization_id) VALUES (8, 8, 1);
INSERT INTO core_project_organizations (id, project_id, organization_id) VALUES (9, 9, 4);
INSERT INTO core_project_organizations (id, project_id, organization_id) VALUES (10, 10, 6);
INSERT INTO core_project_organizations (id, project_id, organization_id) VALUES (11, 11, 6);

-- Table: core_status
CREATE TABLE `core_status` (
  `id` bigint NOT NULL AUTO_INCREMENT,
  `name` varchar(100) NOT NULL,
  `code` varchar(50) NOT NULL,
  `description` longtext NOT NULL,
  `is_initial` tinyint(1) NOT NULL,
  `is_final_approve` tinyint(1) NOT NULL,
  `is_final_reject` tinyint(1) NOT NULL,
  `is_active` tinyint(1) DEFAULT '1',
  `created_by_id` int DEFAULT NULL,
  `created_at` datetime DEFAULT CURRENT_TIMESTAMP,
  `updated_at` datetime(6) NOT NULL,
  PRIMARY KEY (`id`),
  UNIQUE KEY `code` (`code`),
  KEY `core_status_code_d5fe62_idx` (`code`)
) ENGINE=InnoDB AUTO_INCREMENT=65 DEFAULT CHARSET=utf8mb4 COLLATE=utf8mb4_0900_ai_ci;

INSERT INTO core_status (id, name, code, description, is_initial, is_final_approve, is_final_reject, is_active, created_by_id, created_at, updated_at) VALUES (1, '', 'DRAFT', '', 1, 0, 0, 1, 2, 2025-08-06 19:20:11, 2025-09-16 07:50:18.665862);
INSERT INTO core_status (id, name, code, description, is_initial, is_final_approve, is_final_reject, is_active, created_by_id, created_at, updated_at) VALUES (2, '  ', 'PENDING_APPROVAL', ' ', 0, 0, 0, 1, 2, 2025-08-06 19:20:51, 2025-09-16 07:50:18.665862);
INSERT INTO core_status (id, name, code, description, is_initial, is_final_approve, is_final_reject, is_active, created_by_id, created_at, updated_at) VALUES (3, ' ', 'APPROVED_INTERMEDIATE', ' ', 0, 0, 0, 1, 2, 2025-08-06 19:21:23, 2025-09-16 07:50:18.665862);
INSERT INTO core_status (id, name, code, description, is_initial, is_final_approve, is_final_reject, is_active, created_by_id, created_at, updated_at) VALUES (11, ' ', 'APPROVED_FINAL', 'APPROVED_FINAL', 0, 1, 0, 1, 1, 2025-08-06 23:12:29, 2025-09-16 07:50:18.665862);
INSERT INTO core_status (id, name, code, description, is_initial, is_final_approve, is_final_reject, is_active, created_by_id, created_at, updated_at) VALUES (12, ' ', 'REJECTED', ' ', 0, 0, 1, 1, 1, 2025-08-06 23:12:29, 2025-09-16 07:50:18.665862);
INSERT INTO core_status (id, name, code, description, is_initial, is_final_approve, is_final_reject, is_active, created_by_id, created_at, updated_at) VALUES (13, ' ', 'PAID', ' ', 0, 1, 0, 1, 1, 2025-08-06 23:12:29, 2025-09-16 07:50:18.665862);
INSERT INTO core_status (id, name, code, description, is_initial, is_final_approve, is_final_reject, is_active, created_by_id, created_at, updated_at) VALUES (14, ' ', 'PARTIAL', ' ', 0, 0, 0, 1, 1, 2025-08-06 23:12:29, 2025-09-16 07:50:18.665862);
INSERT INTO core_status (id, name, code, description, is_initial, is_final_approve, is_final_reject, is_active, created_by_id, created_at, updated_at) VALUES (15, 'test', 'TEST', 'tesxt', 0, 0, 1, 0, 2, 2025-08-06 20:03:49, 2025-09-16 07:50:18.665862);
INSERT INTO core_status (id, name, code, description, is_initial, is_final_approve, is_final_reject, is_active, created_by_id, created_at, updated_at) VALUES (22, '  ', 'PO_DRAFT', '    ', 1, 0, 0, 1, 3, 2025-09-13 09:43:37, 2025-09-16 15:32:45);
INSERT INTO core_status (id, name, code, description, is_initial, is_final_approve, is_final_reject, is_active, created_by_id, created_at, updated_at) VALUES (47, '   ', 'PO_SUBMITTED', '    ', 1, 0, 0, 1, 2, 2025-09-16 04:44:48, 2025-09-16 15:32:45);
INSERT INTO core_status (id, name, code, description, is_initial, is_final_approve, is_final_reject, is_active, created_by_id, created_at, updated_at) VALUES (48, '  ', 'PO_APPROVED', '  ', 0, 1, 0, 1, 2, 2025-09-16 04:46:13, 2025-09-16 15:32:45);
INSERT INTO core_status (id, name, code, description, is_initial, is_final_approve, is_final_reject, is_active, created_by_id, created_at, updated_at) VALUES (49, '   ', 'PO_REJECTED', '   ', 0, 0, 1, 1, 2, 2025-09-16 04:46:34, 2025-09-16 15:32:45);
INSERT INTO core_status (id, name, code, description, is_initial, is_final_approve, is_final_reject, is_active, created_by_id, created_at, updated_at) VALUES (50, '  ( )', 'PO_PAID', '   ', 1, 0, 0, 1, 2, 2025-09-16 04:47:11, 2025-09-16 15:32:45);
INSERT INTO core_status (id, name, code, description, is_initial, is_final_approve, is_final_reject, is_active, created_by_id, created_at, updated_at) VALUES (51, '  ', 'PO_CANCELLED', '  ', 0, 0, 1, 1, 2, 2025-09-16 04:47:29, 2025-09-16 15:32:45);
INSERT INTO core_status (id, name, code, description, is_initial, is_final_approve, is_final_reject, is_active, created_by_id, created_at, updated_at) VALUES (58, '  ', 'PO_L1_ACC_MGR', '', 0, 0, 0, 1, 3, 2025-09-16 19:23:23, 2025-09-16 19:23:23.273228);
INSERT INTO core_status (id, name, code, description, is_initial, is_final_approve, is_final_reject, is_active, created_by_id, created_at, updated_at) VALUES (59, '  ', 'PO_L2_EXEC', '', 0, 0, 0, 1, 3, 2025-09-16 19:23:23, 2025-09-16 19:23:23.282078);
INSERT INTO core_status (id, name, code, description, is_initial, is_final_approve, is_final_reject, is_active, created_by_id, created_at, updated_at) VALUES (60, ' ', 'PO_L3_FIN', '', 0, 0, 0, 1, 3, 2025-09-16 19:23:23, 2025-09-16 19:23:23.290162);
INSERT INTO core_status (id, name, code, description, is_initial, is_final_approve, is_final_reject, is_active, created_by_id, created_at, updated_at) VALUES (61, ' ', 'SUBMITTED', '     ', 0, 0, 0, 1, 1, 2025-09-19 18:14:25, 2025-09-19 18:14:25.333478);
INSERT INTO core_status (id, name, code, description, is_initial, is_final_approve, is_final_reject, is_active, created_by_id, created_at, updated_at) VALUES (62, ' ', 'MANAGER_APPROVED', '   ', 0, 0, 0, 1, 1, 2025-09-19 18:14:25, 2025-09-19 18:14:25.340759);
INSERT INTO core_status (id, name, code, description, is_initial, is_final_approve, is_final_reject, is_active, created_by_id, created_at, updated_at) VALUES (63, ' ', 'FINANCE_APPROVED', '    ', 0, 0, 0, 1, 1, 2025-09-19 18:14:25, 2025-09-19 18:14:25.349115);
INSERT INTO core_status (id, name, code, description, is_initial, is_final_approve, is_final_reject, is_active, created_by_id, created_at, updated_at) VALUES (64, ' ', 'CEO_APPROVED', '   ', 0, 1, 0, 1, 1, 2025-09-19 18:14:25, 2025-09-19 18:14:25.354436);

-- Table: core_subproject
CREATE TABLE `core_subproject` (
  `id` bigint NOT NULL AUTO_INCREMENT,
  `name` varchar(200) CHARACTER SET utf8mb4 COLLATE utf8mb4_0900_ai_ci NOT NULL,
  `description` longtext CHARACTER SET utf8mb4 COLLATE utf8mb4_0900_ai_ci,
  `is_active` tinyint(1) NOT NULL,
  `project_id` bigint NOT NULL,
  `allocated_budget` decimal(25,2) NOT NULL,
  PRIMARY KEY (`id`) USING BTREE,
  KEY `core_subproject_project_id_07e5e283_fk_core_project_id` (`project_id`) USING BTREE,
  CONSTRAINT `core_subproject_project_id_07e5e283_fk_core_project_id` FOREIGN KEY (`project_id`) REFERENCES `core_project` (`id`) ON DELETE RESTRICT ON UPDATE RESTRICT
) ENGINE=InnoDB AUTO_INCREMENT=7 DEFAULT CHARSET=utf8mb4 COLLATE=utf8mb4_0900_ai_ci ROW_FORMAT=DYNAMIC;

INSERT INTO core_subproject (id, name, description, is_active, project_id, allocated_budget) VALUES (6, '  ', '     3', 1, 8, 0.00);

-- Table: core_systemsettings
CREATE TABLE `core_systemsettings` (
  `id` bigint NOT NULL AUTO_INCREMENT,
  `budget_locked_percentage_default` decimal(5,2) NOT NULL,
  `budget_warning_threshold_default` decimal(5,2) NOT NULL,
  `budget_warning_action_default` varchar(50) CHARACTER SET utf8mb4 COLLATE utf8mb4_0900_ai_ci NOT NULL,
  `allocation_locked_percentage_default` decimal(5,2) NOT NULL,
  `tankhah_used_statuses` json NOT NULL,
  `tankhah_accessible_organizations` json NOT NULL,
  `tankhah_payment_ceiling_default` decimal(25,0) DEFAULT NULL,
  `tankhah_payment_ceiling_enabled_default` float DEFAULT NULL,
  PRIMARY KEY (`id`) USING BTREE
) ENGINE=InnoDB AUTO_INCREMENT=2 DEFAULT CHARSET=utf8mb4 COLLATE=utf8mb4_0900_ai_ci ROW_FORMAT=DYNAMIC;

INSERT INTO core_systemsettings (id, budget_locked_percentage_default, budget_warning_threshold_default, budget_warning_action_default, allocation_locked_percentage_default, tankhah_used_statuses, tankhah_accessible_organizations, tankhah_payment_ceiling_default, tankhah_payment_ceiling_enabled_default) VALUES (1, 1.00, 10.00, 'NOTIFY', 1.00, '[7]', '[7]', NULL, NULL);

-- Table: core_transition
CREATE TABLE `core_transition` (
  `id` bigint NOT NULL AUTO_INCREMENT,
  `name` varchar(255) NOT NULL,
  `entity_type_id` bigint NOT NULL,
  `action_id` bigint NOT NULL,
  `from_status_id` bigint NOT NULL,
  `to_status_id` bigint NOT NULL,
  `created_by_id` int DEFAULT NULL,
  `created_at` datetime DEFAULT CURRENT_TIMESTAMP,
  `is_active` tinyint(1) DEFAULT '1',
  `organization_id` int DEFAULT NULL,
  `updated_at` datetime(6) NOT NULL,
  PRIMARY KEY (`id`),
  UNIQUE KEY `core_transition_organization_id_entity_t_05117b56_uniq` (`organization_id`,`entity_type_id`,`from_status_id`,`action_id`),
  KEY `core_transition_action_id_b287ea45_fk_core_action_id` (`action_id`),
  KEY `core_transition_from_status_id_7c70969a_fk_core_status_id` (`from_status_id`),
  KEY `core_transition_to_status_id_5eaef663_fk_core_status_id` (`to_status_id`),
  KEY `core_transition_entity_type_id_1043c22c` (`entity_type_id`),
  KEY `core_transi_entity__5109ac_idx` (`entity_type_id`,`organization_id`,`from_status_id`,`is_active`),
  CONSTRAINT `core_transition_action_id_b287ea45_fk_core_action_id` FOREIGN KEY (`action_id`) REFERENCES `core_action` (`id`),
  CONSTRAINT `core_transition_from_status_id_7c70969a_fk_core_status_id` FOREIGN KEY (`from_status_id`) REFERENCES `core_status` (`id`),
  CONSTRAINT `core_transition_to_status_id_5eaef663_fk_core_status_id` FOREIGN KEY (`to_status_id`) REFERENCES `core_status` (`id`)
) ENGINE=InnoDB AUTO_INCREMENT=180 DEFAULT CHARSET=utf8mb4 COLLATE=utf8mb4_0900_ai_ci;

INSERT INTO core_transition (id, name, entity_type_id, action_id, from_status_id, to_status_id, created_by_id, created_at, is_active, organization_id, updated_at) VALUES (2, ' (L7):    ', 1, 1, 1, 3, 2, 2025-08-06 22:21:46, 1, 1, 2025-09-16 07:50:18.821677);
INSERT INTO core_transition (id, name, entity_type_id, action_id, from_status_id, to_status_id, created_by_id, created_at, is_active, organization_id, updated_at) VALUES (3, '  ', 2, 1, 1, 2, 2, 2025-08-06 22:49:56, 1, 1, 2025-09-16 07:50:18.821677);
INSERT INTO core_transition (id, name, entity_type_id, action_id, from_status_id, to_status_id, created_by_id, created_at, is_active, organization_id, updated_at) VALUES (4, '   ', 2, 2, 2, 2, 2, 2025-08-06 22:50:53, 1, 1, 2025-09-16 07:50:18.821677);
INSERT INTO core_transition (id, name, entity_type_id, action_id, from_status_id, to_status_id, created_by_id, created_at, is_active, organization_id, updated_at) VALUES (5, '   ', 2, 3, 2, 12, 2, 2025-08-06 22:51:36, 1, 1, 2025-09-16 07:50:18.821677);
INSERT INTO core_transition (id, name, entity_type_id, action_id, from_status_id, to_status_id, created_by_id, created_at, is_active, organization_id, updated_at) VALUES (7, '   ', 1, 1, 2, 3, 2, 2025-08-10 13:10:28, 1, 1, 2025-09-16 07:50:18.821677);
INSERT INTO core_transition (id, name, entity_type_id, action_id, from_status_id, to_status_id, created_by_id, created_at, is_active, organization_id, updated_at) VALUES (8, ' (L6):     ', 1, 2, 2, 2, 2, 2025-09-04 10:11:30, 1, 1, 2025-09-16 07:50:18.821677);
INSERT INTO core_transition (id, name, entity_type_id, action_id, from_status_id, to_status_id, created_by_id, created_at, is_active, organization_id, updated_at) VALUES (9, ' (L6):     ', 1, 3, 2, 1, 2, 2025-09-04 10:13:56, 1, 1, 2025-09-16 07:50:18.821677);
INSERT INTO core_transition (id, name, entity_type_id, action_id, from_status_id, to_status_id, created_by_id, created_at, is_active, organization_id, updated_at) VALUES (13, ' (L7):    ', 1, 1, 1, 2, 2, 2025-09-08 20:36:36, 0, 6, 2025-09-19 00:59:46.288065);
INSERT INTO core_transition (id, name, entity_type_id, action_id, from_status_id, to_status_id, created_by_id, created_at, is_active, organization_id, updated_at) VALUES (14, ' (L7):    ', 1, 1, 1, 2, 2, 2025-09-08 20:36:36, 1, 7, 2025-09-16 07:50:18.821677);
INSERT INTO core_transition (id, name, entity_type_id, action_id, from_status_id, to_status_id, created_by_id, created_at, is_active, organization_id, updated_at) VALUES (16, ' (L6):     ', 1, 2, 2, 3, 2, 2025-09-08 20:36:36, 0, 6, 2025-09-19 00:59:46.292784);
INSERT INTO core_transition (id, name, entity_type_id, action_id, from_status_id, to_status_id, created_by_id, created_at, is_active, organization_id, updated_at) VALUES (17, ' (L6):     ', 1, 2, 2, 3, 2, 2025-09-08 20:36:36, 1, 7, 2025-09-16 07:50:18.821677);
INSERT INTO core_transition (id, name, entity_type_id, action_id, from_status_id, to_status_id, created_by_id, created_at, is_active, organization_id, updated_at) VALUES (19, ' (L6):     ', 1, 3, 2, 12, 2, 2025-09-08 20:36:36, 0, 6, 2025-09-19 00:59:46.297233);
INSERT INTO core_transition (id, name, entity_type_id, action_id, from_status_id, to_status_id, created_by_id, created_at, is_active, organization_id, updated_at) VALUES (20, ' (L6):     ', 1, 3, 2, 12, 2, 2025-09-08 20:36:36, 1, 7, 2025-09-16 07:50:18.821677);
INSERT INTO core_transition (id, name, entity_type_id, action_id, from_status_id, to_status_id, created_by_id, created_at, is_active, organization_id, updated_at) VALUES (22, '  (L1):     ', 1, 4, 3, 11, 2, 2025-09-08 20:48:27, 0, 1, 2025-09-16 07:50:18.821677);
INSERT INTO core_transition (id, name, entity_type_id, action_id, from_status_id, to_status_id, created_by_id, created_at, is_active, organization_id, updated_at) VALUES (24, '  (L1):     ', 1, 4, 3, 11, 2, 2025-09-08 17:29:56, 1, 7, 2025-09-16 07:50:18.821677);
INSERT INTO core_transition (id, name, entity_type_id, action_id, from_status_id, to_status_id, created_by_id, created_at, is_active, organization_id, updated_at) VALUES (26, '   ', 1, 1, 22, 47, 2, 2025-09-16 04:53:36, 1, 7, 2025-09-16 07:50:18.821677);
INSERT INTO core_transition (id, name, entity_type_id, action_id, from_status_id, to_status_id, created_by_id, created_at, is_active, organization_id, updated_at) VALUES (27, ' ', 1, 11, 47, 48, 2, 2025-09-16 04:55:46, 1, 7, 2025-09-16 07:50:18.821677);
INSERT INTO core_transition (id, name, entity_type_id, action_id, from_status_id, to_status_id, created_by_id, created_at, is_active, organization_id, updated_at) VALUES (28, '   ', 1, 4, 47, 49, 2, 2025-09-16 04:57:17, 1, 7, 2025-09-16 07:50:18.821677);
INSERT INTO core_transition (id, name, entity_type_id, action_id, from_status_id, to_status_id, created_by_id, created_at, is_active, organization_id, updated_at) VALUES (29, '  ', 1, 32, 48, 50, 2, 2025-09-16 05:01:43, 1, 7, 2025-09-16 07:50:18.821677);
INSERT INTO core_transition (id, name, entity_type_id, action_id, from_status_id, to_status_id, created_by_id, created_at, is_active, organization_id, updated_at) VALUES (30, '  ', 1, 32, 47, 49, 2, 2025-09-16 05:02:34, 1, 7, 2025-09-16 07:50:18.821677);
INSERT INTO core_transition (id, name, entity_type_id, action_id, from_status_id, to_status_id, created_by_id, created_at, is_active, organization_id, updated_at) VALUES (31, '  ', 5, 1, 22, 47, 2, 2025-09-16 15:27:40, 1, 7, 2025-09-16 15:32:45);
INSERT INTO core_transition (id, name, entity_type_id, action_id, from_status_id, to_status_id, created_by_id, created_at, is_active, organization_id, updated_at) VALUES (32, '  ', 5, 2, 47, 48, 2, 2025-09-16 15:27:40, 1, 7, 2025-09-16 15:27:40);
INSERT INTO core_transition (id, name, entity_type_id, action_id, from_status_id, to_status_id, created_by_id, created_at, is_active, organization_id, updated_at) VALUES (33, '  ', 5, 3, 47, 49, 2, 2025-09-16 15:27:40, 1, 7, 2025-09-16 15:27:40);
INSERT INTO core_transition (id, name, entity_type_id, action_id, from_status_id, to_status_id, created_by_id, created_at, is_active, organization_id, updated_at) VALUES (34, '  ', 5, 32, 48, 50, 2, 2025-09-16 15:27:40, 1, 7, 2025-09-16 15:32:45);
INSERT INTO core_transition (id, name, entity_type_id, action_id, from_status_id, to_status_id, created_by_id, created_at, is_active, organization_id, updated_at) VALUES (35, '  ', 5, 4, 48, 51, 2, 2025-09-16 15:27:40, 1, 7, 2025-09-16 15:27:40);
INSERT INTO core_transition (id, name, entity_type_id, action_id, from_status_id, to_status_id, created_by_id, created_at, is_active, organization_id, updated_at) VALUES (102, '  ', 5, 11, 47, 48, 1, 2025-09-16 15:32:45, 0, 7, 2025-09-18 19:19:27.917547);
INSERT INTO core_transition (id, name, entity_type_id, action_id, from_status_id, to_status_id, created_by_id, created_at, is_active, organization_id, updated_at) VALUES (103, '   ', 5, 4, 47, 49, 1, 2025-09-16 15:32:45, 0, 7, 2025-09-18 19:19:27.924529);
INSERT INTO core_transition (id, name, entity_type_id, action_id, from_status_id, to_status_id, created_by_id, created_at, is_active, organization_id, updated_at) VALUES (105, '  ', 5, 32, 47, 51, 1, 2025-09-16 15:32:45, 1, 7, 2025-09-16 15:32:45);
INSERT INTO core_transition (id, name, entity_type_id, action_id, from_status_id, to_status_id, created_by_id, created_at, is_active, organization_id, updated_at) VALUES (122, '    -   ', 5, 1, 22, 58, NULL, 2025-09-18 19:43:55, 0, 1, 2025-09-19 00:59:46.141065);
INSERT INTO core_transition (id, name, entity_type_id, action_id, from_status_id, to_status_id, created_by_id, created_at, is_active, organization_id, updated_at) VALUES (123, '   -   ', 5, 3, 22, 49, NULL, 2025-09-18 19:43:55, 0, 1, 2025-09-19 00:59:46.171325);
INSERT INTO core_transition (id, name, entity_type_id, action_id, from_status_id, to_status_id, created_by_id, created_at, is_active, organization_id, updated_at) VALUES (124, '    -   ', 5, 2, 58, 59, NULL, 2025-09-18 19:43:55, 0, 1, 2025-09-19 00:59:46.188576);
INSERT INTO core_transition (id, name, entity_type_id, action_id, from_status_id, to_status_id, created_by_id, created_at, is_active, organization_id, updated_at) VALUES (125, '    -   ', 5, 3, 58, 49, NULL, 2025-09-18 19:43:55, 0, 1, 2025-09-19 00:59:46.204592);
INSERT INTO core_transition (id, name, entity_type_id, action_id, from_status_id, to_status_id, created_by_id, created_at, is_active, organization_id, updated_at) VALUES (126, '   -   ', 5, 2, 59, 60, NULL, 2025-09-18 19:43:55, 0, 1, 2025-09-18 19:43:55.016801);
INSERT INTO core_transition (id, name, entity_type_id, action_id, from_status_id, to_status_id, created_by_id, created_at, is_active, organization_id, updated_at) VALUES (127, '    -   ', 5, 3, 59, 49, NULL, 2025-09-18 19:43:55, 0, 1, 2025-09-19 00:59:46.224681);
INSERT INTO core_transition (id, name, entity_type_id, action_id, from_status_id, to_status_id, created_by_id, created_at, is_active, organization_id, updated_at) VALUES (128, '    -   ', 5, 4, 60, 48, NULL, 2025-09-18 19:43:55, 0, 1, 2025-09-19 00:59:46.243983);
INSERT INTO core_transition (id, name, entity_type_id, action_id, from_status_id, to_status_id, created_by_id, created_at, is_active, organization_id, updated_at) VALUES (129, '   -   ', 5, 3, 60, 49, NULL, 2025-09-18 19:43:55, 0, 1, 2025-09-18 19:43:55.055712);
INSERT INTO core_transition (id, name, entity_type_id, action_id, from_status_id, to_status_id, created_by_id, created_at, is_active, organization_id, updated_at) VALUES (130, '    -   ', 5, 1, 22, 58, NULL, 2025-09-18 19:43:55, 0, 2, 2025-09-19 00:59:46.157633);
INSERT INTO core_transition (id, name, entity_type_id, action_id, from_status_id, to_status_id, created_by_id, created_at, is_active, organization_id, updated_at) VALUES (131, '   -   ', 5, 3, 22, 49, NULL, 2025-09-18 19:43:55, 0, 2, 2025-09-19 00:59:46.174250);
INSERT INTO core_transition (id, name, entity_type_id, action_id, from_status_id, to_status_id, created_by_id, created_at, is_active, organization_id, updated_at) VALUES (132, '    -   ', 5, 2, 58, 59, NULL, 2025-09-18 19:43:55, 0, 2, 2025-09-19 00:59:46.191063);
INSERT INTO core_transition (id, name, entity_type_id, action_id, from_status_id, to_status_id, created_by_id, created_at, is_active, organization_id, updated_at) VALUES (133, '    -   ', 5, 3, 58, 49, NULL, 2025-09-18 19:43:55, 0, 2, 2025-09-19 00:59:46.210964);
INSERT INTO core_transition (id, name, entity_type_id, action_id, from_status_id, to_status_id, created_by_id, created_at, is_active, organization_id, updated_at) VALUES (134, '   -   ', 5, 2, 59, 60, NULL, 2025-09-18 19:43:55, 0, 2, 2025-09-19 00:59:46.264079);
INSERT INTO core_transition (id, name, entity_type_id, action_id, from_status_id, to_status_id, created_by_id, created_at, is_active, organization_id, updated_at) VALUES (135, '    -   ', 5, 3, 59, 49, NULL, 2025-09-18 19:43:55, 0, 2, 2025-09-19 00:59:46.229491);
INSERT INTO core_transition (id, name, entity_type_id, action_id, from_status_id, to_status_id, created_by_id, created_at, is_active, organization_id, updated_at) VALUES (136, '    -   ', 5, 4, 60, 48, NULL, 2025-09-18 19:43:55, 0, 2, 2025-09-19 00:59:46.248726);
INSERT INTO core_transition (id, name, entity_type_id, action_id, from_status_id, to_status_id, created_by_id, created_at, is_active, organization_id, updated_at) VALUES (137, '   -   ', 5, 3, 60, 49, NULL, 2025-09-18 19:43:55, 0, 2, 2025-09-19 00:59:46.274966);
INSERT INTO core_transition (id, name, entity_type_id, action_id, from_status_id, to_status_id, created_by_id, created_at, is_active, organization_id, updated_at) VALUES (138, '    -   ', 5, 1, 22, 58, NULL, 2025-09-18 19:43:55, 0, 3, 2025-09-19 00:59:46.163148);
INSERT INTO core_transition (id, name, entity_type_id, action_id, from_status_id, to_status_id, created_by_id, created_at, is_active, organization_id, updated_at) VALUES (139, '   -   ', 5, 3, 22, 49, NULL, 2025-09-18 19:43:55, 0, 3, 2025-09-19 00:59:46.180620);
INSERT INTO core_transition (id, name, entity_type_id, action_id, from_status_id, to_status_id, created_by_id, created_at, is_active, organization_id, updated_at) VALUES (140, '    -   ', 5, 2, 58, 59, NULL, 2025-09-18 19:43:55, 0, 3, 2025-09-19 00:59:46.194891);
INSERT INTO core_transition (id, name, entity_type_id, action_id, from_status_id, to_status_id, created_by_id, created_at, is_active, organization_id, updated_at) VALUES (141, '    -   ', 5, 3, 58, 49, NULL, 2025-09-18 19:43:55, 0, 3, 2025-09-19 00:59:46.214651);
INSERT INTO core_transition (id, name, entity_type_id, action_id, from_status_id, to_status_id, created_by_id, created_at, is_active, organization_id, updated_at) VALUES (142, '   -   ', 5, 2, 59, 60, NULL, 2025-09-18 19:43:55, 0, 3, 2025-09-19 00:59:46.265748);
INSERT INTO core_transition (id, name, entity_type_id, action_id, from_status_id, to_status_id, created_by_id, created_at, is_active, organization_id, updated_at) VALUES (143, '    -   ', 5, 3, 59, 49, NULL, 2025-09-18 19:43:55, 0, 3, 2025-09-19 00:59:46.232086);
INSERT INTO core_transition (id, name, entity_type_id, action_id, from_status_id, to_status_id, created_by_id, created_at, is_active, organization_id, updated_at) VALUES (144, '    -   ', 5, 4, 60, 48, NULL, 2025-09-18 19:43:55, 0, 3, 2025-09-19 00:59:46.252007);
INSERT INTO core_transition (id, name, entity_type_id, action_id, from_status_id, to_status_id, created_by_id, created_at, is_active, organization_id, updated_at) VALUES (145, '   -   ', 5, 3, 60, 49, NULL, 2025-09-18 19:43:55, 0, 3, 2025-09-19 00:59:46.279649);
INSERT INTO core_transition (id, name, entity_type_id, action_id, from_status_id, to_status_id, created_by_id, created_at, is_active, organization_id, updated_at) VALUES (146, '    -   ', 5, 1, 22, 58, NULL, 2025-09-18 19:43:55, 0, 4, 2025-09-19 00:59:46.165777);
INSERT INTO core_transition (id, name, entity_type_id, action_id, from_status_id, to_status_id, created_by_id, created_at, is_active, organization_id, updated_at) VALUES (147, '   -   ', 5, 3, 22, 49, NULL, 2025-09-18 19:43:55, 0, 4, 2025-09-19 00:59:46.183354);
INSERT INTO core_transition (id, name, entity_type_id, action_id, from_status_id, to_status_id, created_by_id, created_at, is_active, organization_id, updated_at) VALUES (148, '    -   ', 5, 2, 58, 59, NULL, 2025-09-18 19:43:55, 0, 4, 2025-09-19 00:59:46.198146);
INSERT INTO core_transition (id, name, entity_type_id, action_id, from_status_id, to_status_id, created_by_id, created_at, is_active, organization_id, updated_at) VALUES (149, '    -   ', 5, 3, 58, 49, NULL, 2025-09-18 19:43:55, 0, 4, 2025-09-19 00:59:46.216784);
INSERT INTO core_transition (id, name, entity_type_id, action_id, from_status_id, to_status_id, created_by_id, created_at, is_active, organization_id, updated_at) VALUES (150, '   -   ', 5, 2, 59, 60, NULL, 2025-09-18 19:43:55, 0, 4, 2025-09-19 00:59:46.268116);
INSERT INTO core_transition (id, name, entity_type_id, action_id, from_status_id, to_status_id, created_by_id, created_at, is_active, organization_id, updated_at) VALUES (151, '    -   ', 5, 3, 59, 49, NULL, 2025-09-18 19:43:55, 0, 4, 2025-09-19 00:59:46.235475);
INSERT INTO core_transition (id, name, entity_type_id, action_id, from_status_id, to_status_id, created_by_id, created_at, is_active, organization_id, updated_at) VALUES (152, '    -   ', 5, 4, 60, 48, NULL, 2025-09-18 19:43:55, 0, 4, 2025-09-19 00:59:46.255473);
INSERT INTO core_transition (id, name, entity_type_id, action_id, from_status_id, to_status_id, created_by_id, created_at, is_active, organization_id, updated_at) VALUES (153, '   -   ', 5, 3, 60, 49, NULL, 2025-09-18 19:43:55, 0, 4, 2025-09-19 00:59:46.281871);
INSERT INTO core_transition (id, name, entity_type_id, action_id, from_status_id, to_status_id, created_by_id, created_at, is_active, organization_id, updated_at) VALUES (154, '    -   ', 5, 1, 22, 58, NULL, 2025-09-18 19:43:55, 0, 5, 2025-09-19 00:59:46.169361);
INSERT INTO core_transition (id, name, entity_type_id, action_id, from_status_id, to_status_id, created_by_id, created_at, is_active, organization_id, updated_at) VALUES (155, '   -   ', 5, 3, 22, 49, NULL, 2025-09-18 19:43:55, 0, 5, 2025-09-19 00:59:46.185708);
INSERT INTO core_transition (id, name, entity_type_id, action_id, from_status_id, to_status_id, created_by_id, created_at, is_active, organization_id, updated_at) VALUES (156, '    -   ', 5, 2, 58, 59, NULL, 2025-09-18 19:43:56, 0, 5, 2025-09-19 00:59:46.200976);
INSERT INTO core_transition (id, name, entity_type_id, action_id, from_status_id, to_status_id, created_by_id, created_at, is_active, organization_id, updated_at) VALUES (157, '    -   ', 5, 3, 58, 49, NULL, 2025-09-18 19:43:56, 0, 5, 2025-09-19 00:59:46.219029);
INSERT INTO core_transition (id, name, entity_type_id, action_id, from_status_id, to_status_id, created_by_id, created_at, is_active, organization_id, updated_at) VALUES (158, '   -   ', 5, 2, 59, 60, NULL, 2025-09-18 19:43:56, 0, 5, 2025-09-19 00:59:46.270341);
INSERT INTO core_transition (id, name, entity_type_id, action_id, from_status_id, to_status_id, created_by_id, created_at, is_active, organization_id, updated_at) VALUES (159, '    -   ', 5, 3, 59, 49, NULL, 2025-09-18 19:43:56, 0, 5, 2025-09-19 00:59:46.239001);
INSERT INTO core_transition (id, name, entity_type_id, action_id, from_status_id, to_status_id, created_by_id, created_at, is_active, organization_id, updated_at) VALUES (160, '    -   ', 5, 4, 60, 48, NULL, 2025-09-18 19:43:56, 0, 5, 2025-09-19 00:59:46.259495);
INSERT INTO core_transition (id, name, entity_type_id, action_id, from_status_id, to_status_id, created_by_id, created_at, is_active, organization_id, updated_at) VALUES (161, '   -   ', 5, 3, 60, 49, NULL, 2025-09-18 19:43:56, 0, 5, 2025-09-19 00:59:46.285710);
INSERT INTO core_transition (id, name, entity_type_id, action_id, from_status_id, to_status_id, created_by_id, created_at, is_active, organization_id, updated_at) VALUES (162, '    -   ', 5, 1, 22, 58, NULL, 2025-09-18 19:43:56, 1, 6, 2025-09-18 19:43:55.622810);
INSERT INTO core_transition (id, name, entity_type_id, action_id, from_status_id, to_status_id, created_by_id, created_at, is_active, organization_id, updated_at) VALUES (163, '   -   ', 5, 3, 22, 49, NULL, 2025-09-18 19:43:56, 1, 6, 2025-09-18 19:43:55.634720);
INSERT INTO core_transition (id, name, entity_type_id, action_id, from_status_id, to_status_id, created_by_id, created_at, is_active, organization_id, updated_at) VALUES (164, '    -   ', 5, 2, 58, 59, NULL, 2025-09-18 19:43:56, 1, 6, 2025-09-18 19:43:55.643990);
INSERT INTO core_transition (id, name, entity_type_id, action_id, from_status_id, to_status_id, created_by_id, created_at, is_active, organization_id, updated_at) VALUES (165, '    -   ', 5, 3, 58, 49, NULL, 2025-09-18 19:43:56, 1, 6, 2025-09-18 19:43:55.655508);
INSERT INTO core_transition (id, name, entity_type_id, action_id, from_status_id, to_status_id, created_by_id, created_at, is_active, organization_id, updated_at) VALUES (166, '   -   ', 5, 2, 59, 60, NULL, 2025-09-18 19:43:56, 1, 6, 2025-09-18 19:43:55.662792);
INSERT INTO core_transition (id, name, entity_type_id, action_id, from_status_id, to_status_id, created_by_id, created_at, is_active, organization_id, updated_at) VALUES (167, '    -   ', 5, 3, 59, 49, NULL, 2025-09-18 19:43:56, 1, 6, 2025-09-18 19:43:55.672735);
INSERT INTO core_transition (id, name, entity_type_id, action_id, from_status_id, to_status_id, created_by_id, created_at, is_active, organization_id, updated_at) VALUES (168, '    -   ', 5, 4, 60, 48, NULL, 2025-09-18 19:43:56, 1, 6, 2025-09-18 19:43:55.689364);
INSERT INTO core_transition (id, name, entity_type_id, action_id, from_status_id, to_status_id, created_by_id, created_at, is_active, organization_id, updated_at) VALUES (169, '   -   ', 5, 3, 60, 49, NULL, 2025-09-18 19:43:56, 1, 6, 2025-09-18 19:43:55.704402);
INSERT INTO core_transition (id, name, entity_type_id, action_id, from_status_id, to_status_id, created_by_id, created_at, is_active, organization_id, updated_at) VALUES (170, ' ->   (  )', 5, 1, 1, 61, 1, 2025-09-19 18:15:30, 1, 1, 2025-09-19 18:15:30.259071);
INSERT INTO core_transition (id, name, entity_type_id, action_id, from_status_id, to_status_id, created_by_id, created_at, is_active, organization_id, updated_at) VALUES (171, '  ->   ()', 5, 2, 61, 62, 1, 2025-09-19 18:15:30, 1, 1, 2025-09-19 18:15:30.282297);
INSERT INTO core_transition (id, name, entity_type_id, action_id, from_status_id, to_status_id, created_by_id, created_at, is_active, organization_id, updated_at) VALUES (172, '  ->   ()', 5, 3, 61, 12, 1, 2025-09-19 18:15:30, 1, 1, 2025-09-19 18:15:30.296984);
INSERT INTO core_transition (id, name, entity_type_id, action_id, from_status_id, to_status_id, created_by_id, created_at, is_active, organization_id, updated_at) VALUES (173, '  ->  ()', 5, 33, 61, 1, 1, 2025-09-19 18:15:30, 1, 1, 2025-09-19 18:15:30.308162);
INSERT INTO core_transition (id, name, entity_type_id, action_id, from_status_id, to_status_id, created_by_id, created_at, is_active, organization_id, updated_at) VALUES (174, '  ->   ()', 5, 2, 62, 63, 1, 2025-09-19 18:15:30, 1, 1, 2025-09-19 18:15:30.320184);
INSERT INTO core_transition (id, name, entity_type_id, action_id, from_status_id, to_status_id, created_by_id, created_at, is_active, organization_id, updated_at) VALUES (175, '  ->   ()', 5, 3, 62, 12, 1, 2025-09-19 18:15:30, 1, 1, 2025-09-19 18:15:30.329434);
INSERT INTO core_transition (id, name, entity_type_id, action_id, from_status_id, to_status_id, created_by_id, created_at, is_active, organization_id, updated_at) VALUES (176, '  ->  ()', 5, 33, 62, 1, 1, 2025-09-19 18:15:30, 1, 1, 2025-09-19 18:15:30.338188);
INSERT INTO core_transition (id, name, entity_type_id, action_id, from_status_id, to_status_id, created_by_id, created_at, is_active, organization_id, updated_at) VALUES (177, '  ->   ( )', 5, 4, 63, 64, 1, 2025-09-19 18:15:30, 1, 1, 2025-09-19 18:15:30.347605);
INSERT INTO core_transition (id, name, entity_type_id, action_id, from_status_id, to_status_id, created_by_id, created_at, is_active, organization_id, updated_at) VALUES (178, '  ->   ()', 5, 3, 63, 12, 1, 2025-09-19 18:15:30, 1, 1, 2025-09-19 18:15:30.358565);
INSERT INTO core_transition (id, name, entity_type_id, action_id, from_status_id, to_status_id, created_by_id, created_at, is_active, organization_id, updated_at) VALUES (179, '  ->  ()', 5, 33, 63, 1, 1, 2025-09-19 18:15:30, 1, 1, 2025-09-19 18:15:30.371895);

-- Table: core_transition_allowed_posts
CREATE TABLE `core_transition_allowed_posts` (
  `id` int NOT NULL AUTO_INCREMENT,
  `transition_id` bigint NOT NULL,
  `post_id` bigint NOT NULL,
  PRIMARY KEY (`id`),
  UNIQUE KEY `core_transition_allowed__transition_id_post_id_bf5dd99e_uniq` (`transition_id`,`post_id`),
  KEY `core_transition_allowed_posts_post_id_3c2cc5d5_fk_core_post_id` (`post_id`),
  CONSTRAINT `core_transition_allo_transition_id_70ee581d_fk_core_tran` FOREIGN KEY (`transition_id`) REFERENCES `core_transition` (`id`),
  CONSTRAINT `core_transition_allowed_posts_post_id_3c2cc5d5_fk_core_post_id` FOREIGN KEY (`post_id`) REFERENCES `core_post` (`id`)
) ENGINE=InnoDB AUTO_INCREMENT=206 DEFAULT CHARSET=utf8mb4 COLLATE=utf8mb4_0900_ai_ci;

INSERT INTO core_transition_allowed_posts (id, transition_id, post_id) VALUES (2, 2, 6);
INSERT INTO core_transition_allowed_posts (id, transition_id, post_id) VALUES (4, 3, 6);
INSERT INTO core_transition_allowed_posts (id, transition_id, post_id) VALUES (5, 4, 4);
INSERT INTO core_transition_allowed_posts (id, transition_id, post_id) VALUES (7, 7, 4);
INSERT INTO core_transition_allowed_posts (id, transition_id, post_id) VALUES (205, 7, 5);
INSERT INTO core_transition_allowed_posts (id, transition_id, post_id) VALUES (204, 7, 20);
INSERT INTO core_transition_allowed_posts (id, transition_id, post_id) VALUES (9, 8, 6);
INSERT INTO core_transition_allowed_posts (id, transition_id, post_id) VALUES (10, 8, 20);
INSERT INTO core_transition_allowed_posts (id, transition_id, post_id) VALUES (11, 8, 21);
INSERT INTO core_transition_allowed_posts (id, transition_id, post_id) VALUES (12, 8, 23);
INSERT INTO core_transition_allowed_posts (id, transition_id, post_id) VALUES (14, 13, 21);
INSERT INTO core_transition_allowed_posts (id, transition_id, post_id) VALUES (199, 14, 18);
INSERT INTO core_transition_allowed_posts (id, transition_id, post_id) VALUES (49, 14, 22);
INSERT INTO core_transition_allowed_posts (id, transition_id, post_id) VALUES (15, 16, 20);
INSERT INTO core_transition_allowed_posts (id, transition_id, post_id) VALUES (17, 17, 1);
INSERT INTO core_transition_allowed_posts (id, transition_id, post_id) VALUES (18, 17, 2);
INSERT INTO core_transition_allowed_posts (id, transition_id, post_id) VALUES (19, 17, 3);
INSERT INTO core_transition_allowed_posts (id, transition_id, post_id) VALUES (20, 17, 7);
INSERT INTO core_transition_allowed_posts (id, transition_id, post_id) VALUES (21, 17, 8);
INSERT INTO core_transition_allowed_posts (id, transition_id, post_id) VALUES (22, 17, 9);
INSERT INTO core_transition_allowed_posts (id, transition_id, post_id) VALUES (23, 17, 10);
INSERT INTO core_transition_allowed_posts (id, transition_id, post_id) VALUES (24, 17, 11);
INSERT INTO core_transition_allowed_posts (id, transition_id, post_id) VALUES (25, 17, 12);
INSERT INTO core_transition_allowed_posts (id, transition_id, post_id) VALUES (26, 17, 22);
INSERT INTO core_transition_allowed_posts (id, transition_id, post_id) VALUES (16, 19, 20);
INSERT INTO core_transition_allowed_posts (id, transition_id, post_id) VALUES (32, 24, 22);
INSERT INTO core_transition_allowed_posts (id, transition_id, post_id) VALUES (34, 26, 22);
INSERT INTO core_transition_allowed_posts (id, transition_id, post_id) VALUES (35, 27, 1);
INSERT INTO core_transition_allowed_posts (id, transition_id, post_id) VALUES (37, 27, 19);
INSERT INTO core_transition_allowed_posts (id, transition_id, post_id) VALUES (51, 27, 22);
INSERT INTO core_transition_allowed_posts (id, transition_id, post_id) VALUES (39, 28, 1);
INSERT INTO core_transition_allowed_posts (id, transition_id, post_id) VALUES (38, 28, 2);
INSERT INTO core_transition_allowed_posts (id, transition_id, post_id) VALUES (41, 28, 19);
INSERT INTO core_transition_allowed_posts (id, transition_id, post_id) VALUES (42, 29, 1);
INSERT INTO core_transition_allowed_posts (id, transition_id, post_id) VALUES (44, 29, 19);
INSERT INTO core_transition_allowed_posts (id, transition_id, post_id) VALUES (50, 29, 22);
INSERT INTO core_transition_allowed_posts (id, transition_id, post_id) VALUES (45, 30, 1);
INSERT INTO core_transition_allowed_posts (id, transition_id, post_id) VALUES (47, 30, 19);
INSERT INTO core_transition_allowed_posts (id, transition_id, post_id) VALUES (96, 122, 18);
INSERT INTO core_transition_allowed_posts (id, transition_id, post_id) VALUES (95, 122, 29);
INSERT INTO core_transition_allowed_posts (id, transition_id, post_id) VALUES (98, 123, 18);
INSERT INTO core_transition_allowed_posts (id, transition_id, post_id) VALUES (97, 123, 29);
INSERT INTO core_transition_allowed_posts (id, transition_id, post_id) VALUES (100, 124, 18);
INSERT INTO core_transition_allowed_posts (id, transition_id, post_id) VALUES (99, 124, 28);
INSERT INTO core_transition_allowed_posts (id, transition_id, post_id) VALUES (102, 125, 18);
INSERT INTO core_transition_allowed_posts (id, transition_id, post_id) VALUES (101, 125, 29);
INSERT INTO core_transition_allowed_posts (id, transition_id, post_id) VALUES (104, 126, 18);
INSERT INTO core_transition_allowed_posts (id, transition_id, post_id) VALUES (103, 126, 19);
INSERT INTO core_transition_allowed_posts (id, transition_id, post_id) VALUES (106, 127, 18);
INSERT INTO core_transition_allowed_posts (id, transition_id, post_id) VALUES (105, 127, 28);
INSERT INTO core_transition_allowed_posts (id, transition_id, post_id) VALUES (107, 128, 1);
INSERT INTO core_transition_allowed_posts (id, transition_id, post_id) VALUES (108, 128, 18);
INSERT INTO core_transition_allowed_posts (id, transition_id, post_id) VALUES (109, 129, 1);
INSERT INTO core_transition_allowed_posts (id, transition_id, post_id) VALUES (110, 129, 18);
INSERT INTO core_transition_allowed_posts (id, transition_id, post_id) VALUES (112, 130, 18);
INSERT INTO core_transition_allowed_posts (id, transition_id, post_id) VALUES (111, 130, 31);
INSERT INTO core_transition_allowed_posts (id, transition_id, post_id) VALUES (114, 131, 18);
INSERT INTO core_transition_allowed_posts (id, transition_id, post_id) VALUES (113, 131, 31);
INSERT INTO core_transition_allowed_posts (id, transition_id, post_id) VALUES (116, 132, 18);
INSERT INTO core_transition_allowed_posts (id, transition_id, post_id) VALUES (115, 132, 30);
INSERT INTO core_transition_allowed_posts (id, transition_id, post_id) VALUES (118, 133, 18);
INSERT INTO core_transition_allowed_posts (id, transition_id, post_id) VALUES (117, 133, 31);
INSERT INTO core_transition_allowed_posts (id, transition_id, post_id) VALUES (120, 134, 18);
INSERT INTO core_transition_allowed_posts (id, transition_id, post_id) VALUES (119, 134, 19);
INSERT INTO core_transition_allowed_posts (id, transition_id, post_id) VALUES (122, 135, 18);
INSERT INTO core_transition_allowed_posts (id, transition_id, post_id) VALUES (121, 135, 30);
INSERT INTO core_transition_allowed_posts (id, transition_id, post_id) VALUES (123, 136, 1);
INSERT INTO core_transition_allowed_posts (id, transition_id, post_id) VALUES (124, 136, 18);
INSERT INTO core_transition_allowed_posts (id, transition_id, post_id) VALUES (125, 137, 1);
INSERT INTO core_transition_allowed_posts (id, transition_id, post_id) VALUES (126, 137, 18);
INSERT INTO core_transition_allowed_posts (id, transition_id, post_id) VALUES (128, 138, 18);
INSERT INTO core_transition_allowed_posts (id, transition_id, post_id) VALUES (127, 138, 33);
INSERT INTO core_transition_allowed_posts (id, transition_id, post_id) VALUES (130, 139, 18);
INSERT INTO core_transition_allowed_posts (id, transition_id, post_id) VALUES (129, 139, 33);
INSERT INTO core_transition_allowed_posts (id, transition_id, post_id) VALUES (132, 140, 18);
INSERT INTO core_transition_allowed_posts (id, transition_id, post_id) VALUES (131, 140, 32);
INSERT INTO core_transition_allowed_posts (id, transition_id, post_id) VALUES (134, 141, 18);
INSERT INTO core_transition_allowed_posts (id, transition_id, post_id) VALUES (133, 141, 33);
INSERT INTO core_transition_allowed_posts (id, transition_id, post_id) VALUES (136, 142, 18);
INSERT INTO core_transition_allowed_posts (id, transition_id, post_id) VALUES (135, 142, 19);
INSERT INTO core_transition_allowed_posts (id, transition_id, post_id) VALUES (138, 143, 18);
INSERT INTO core_transition_allowed_posts (id, transition_id, post_id) VALUES (137, 143, 32);
INSERT INTO core_transition_allowed_posts (id, transition_id, post_id) VALUES (139, 144, 1);
INSERT INTO core_transition_allowed_posts (id, transition_id, post_id) VALUES (140, 144, 18);
INSERT INTO core_transition_allowed_posts (id, transition_id, post_id) VALUES (141, 145, 1);
INSERT INTO core_transition_allowed_posts (id, transition_id, post_id) VALUES (142, 145, 18);
INSERT INTO core_transition_allowed_posts (id, transition_id, post_id) VALUES (144, 146, 18);
INSERT INTO core_transition_allowed_posts (id, transition_id, post_id) VALUES (143, 146, 35);
INSERT INTO core_transition_allowed_posts (id, transition_id, post_id) VALUES (146, 147, 18);
INSERT INTO core_transition_allowed_posts (id, transition_id, post_id) VALUES (145, 147, 35);
INSERT INTO core_transition_allowed_posts (id, transition_id, post_id) VALUES (148, 148, 18);
INSERT INTO core_transition_allowed_posts (id, transition_id, post_id) VALUES (147, 148, 34);
INSERT INTO core_transition_allowed_posts (id, transition_id, post_id) VALUES (150, 149, 18);
INSERT INTO core_transition_allowed_posts (id, transition_id, post_id) VALUES (149, 149, 35);
INSERT INTO core_transition_allowed_posts (id, transition_id, post_id) VALUES (152, 150, 18);
INSERT INTO core_transition_allowed_posts (id, transition_id, post_id) VALUES (151, 150, 19);
INSERT INTO core_transition_allowed_posts (id, transition_id, post_id) VALUES (154, 151, 18);
INSERT INTO core_transition_allowed_posts (id, transition_id, post_id) VALUES (153, 151, 34);
INSERT INTO core_transition_allowed_posts (id, transition_id, post_id) VALUES (155, 152, 1);
INSERT INTO core_transition_allowed_posts (id, transition_id, post_id) VALUES (156, 152, 18);
INSERT INTO core_transition_allowed_posts (id, transition_id, post_id) VALUES (157, 153, 1);
INSERT INTO core_transition_allowed_posts (id, transition_id, post_id) VALUES (158, 153, 18);
INSERT INTO core_transition_allowed_posts (id, transition_id, post_id) VALUES (160, 154, 18);
INSERT INTO core_transition_allowed_posts (id, transition_id, post_id) VALUES (159, 154, 37);
INSERT INTO core_transition_allowed_posts (id, transition_id, post_id) VALUES (162, 155, 18);
INSERT INTO core_transition_allowed_posts (id, transition_id, post_id) VALUES (161, 155, 37);
INSERT INTO core_transition_allowed_posts (id, transition_id, post_id) VALUES (164, 156, 18);
INSERT INTO core_transition_allowed_posts (id, transition_id, post_id) VALUES (163, 156, 36);
INSERT INTO core_transition_allowed_posts (id, transition_id, post_id) VALUES (166, 157, 18);
INSERT INTO core_transition_allowed_posts (id, transition_id, post_id) VALUES (165, 157, 37);
INSERT INTO core_transition_allowed_posts (id, transition_id, post_id) VALUES (168, 158, 18);
INSERT INTO core_transition_allowed_posts (id, transition_id, post_id) VALUES (167, 158, 19);
INSERT INTO core_transition_allowed_posts (id, transition_id, post_id) VALUES (170, 159, 18);
INSERT INTO core_transition_allowed_posts (id, transition_id, post_id) VALUES (169, 159, 36);
INSERT INTO core_transition_allowed_posts (id, transition_id, post_id) VALUES (171, 160, 1);
INSERT INTO core_transition_allowed_posts (id, transition_id, post_id) VALUES (172, 160, 18);
INSERT INTO core_transition_allowed_posts (id, transition_id, post_id) VALUES (173, 161, 1);
INSERT INTO core_transition_allowed_posts (id, transition_id, post_id) VALUES (174, 161, 18);
INSERT INTO core_transition_allowed_posts (id, transition_id, post_id) VALUES (175, 162, 38);
INSERT INTO core_transition_allowed_posts (id, transition_id, post_id) VALUES (177, 163, 38);
INSERT INTO core_transition_allowed_posts (id, transition_id, post_id) VALUES (180, 164, 18);
INSERT INTO core_transition_allowed_posts (id, transition_id, post_id) VALUES (179, 164, 20);
INSERT INTO core_transition_allowed_posts (id, transition_id, post_id) VALUES (181, 165, 38);
INSERT INTO core_transition_allowed_posts (id, transition_id, post_id) VALUES (183, 166, 19);
INSERT INTO core_transition_allowed_posts (id, transition_id, post_id) VALUES (185, 167, 20);
INSERT INTO core_transition_allowed_posts (id, transition_id, post_id) VALUES (187, 168, 1);
INSERT INTO core_transition_allowed_posts (id, transition_id, post_id) VALUES (189, 169, 1);

-- Table: core_userpost
CREATE TABLE `core_userpost` (
  `id` bigint NOT NULL AUTO_INCREMENT,
  `start_date` date NOT NULL,
  `end_date` date DEFAULT NULL,
  `post_id` bigint NOT NULL,
  `user_id` bigint NOT NULL,
  `is_active` tinyint(1) NOT NULL,
  PRIMARY KEY (`id`) USING BTREE,
  UNIQUE KEY `core_userpost_user_id_post_id_4b723abf_uniq` (`user_id`,`post_id`) USING BTREE,
  KEY `core_userpost_post_id_3da85c9b_fk_core_post_id` (`post_id`) USING BTREE,
  CONSTRAINT `core_userpost_post_id_3da85c9b_fk_core_post_id` FOREIGN KEY (`post_id`) REFERENCES `core_post` (`id`) ON DELETE RESTRICT ON UPDATE RESTRICT,
  CONSTRAINT `core_userpost_user_id_d7e77eae_fk_accounts_customuser_id` FOREIGN KEY (`user_id`) REFERENCES `accounts_customuser` (`id`) ON DELETE RESTRICT ON UPDATE RESTRICT
) ENGINE=InnoDB AUTO_INCREMENT=33 DEFAULT CHARSET=utf8mb4 COLLATE=utf8mb4_0900_ai_ci ROW_FORMAT=DYNAMIC;

INSERT INTO core_userpost (id, start_date, end_date, post_id, user_id, is_active) VALUES (1, 2025-05-22, 2027-03-20, 6, 3, 1);
INSERT INTO core_userpost (id, start_date, end_date, post_id, user_id, is_active) VALUES (2, 2025-03-25, 2026-09-27, 5, 4, 1);
INSERT INTO core_userpost (id, start_date, end_date, post_id, user_id, is_active) VALUES (3, 2025-03-21, 2026-09-27, 4, 6, 1);
INSERT INTO core_userpost (id, start_date, end_date, post_id, user_id, is_active) VALUES (4, 2025-03-21, 2026-09-27, 3, 7, 1);
INSERT INTO core_userpost (id, start_date, end_date, post_id, user_id, is_active) VALUES (5, 2025-03-21, 2026-09-27, 2, 5, 1);
INSERT INTO core_userpost (id, start_date, end_date, post_id, user_id, is_active) VALUES (6, 2025-03-21, 2026-09-27, 1, 12, 1);
INSERT INTO core_userpost (id, start_date, end_date, post_id, user_id, is_active) VALUES (7, 2025-03-21, 2026-09-27, 7, 13, 1);
INSERT INTO core_userpost (id, start_date, end_date, post_id, user_id, is_active) VALUES (8, 2025-03-21, 2026-09-27, 21, 14, 1);
INSERT INTO core_userpost (id, start_date, end_date, post_id, user_id, is_active) VALUES (9, 2025-03-21, 2027-03-19, 20, 4, 1);
INSERT INTO core_userpost (id, start_date, end_date, post_id, user_id, is_active) VALUES (10, 2025-08-23, 2026-09-22, 27, 15, 1);
INSERT INTO core_userpost (id, start_date, end_date, post_id, user_id, is_active) VALUES (11, 2025-08-23, 2026-09-22, 22, 16, 1);
INSERT INTO core_userpost (id, start_date, end_date, post_id, user_id, is_active) VALUES (12, 2024-01-01, NULL, 18, 2, 1);
INSERT INTO core_userpost (id, start_date, end_date, post_id, user_id, is_active) VALUES (14, 2024-01-01, NULL, 19, 17, 1);
INSERT INTO core_userpost (id, start_date, end_date, post_id, user_id, is_active) VALUES (15, 2024-01-01, NULL, 19, 18, 1);
INSERT INTO core_userpost (id, start_date, end_date, post_id, user_id, is_active) VALUES (16, 2024-01-01, NULL, 19, 19, 1);
INSERT INTO core_userpost (id, start_date, end_date, post_id, user_id, is_active) VALUES (17, 2024-01-01, NULL, 5, 20, 1);
INSERT INTO core_userpost (id, start_date, end_date, post_id, user_id, is_active) VALUES (18, 2024-01-01, NULL, 23, 21, 1);
INSERT INTO core_userpost (id, start_date, end_date, post_id, user_id, is_active) VALUES (19, 2024-01-01, NULL, 5, 22, 1);
INSERT INTO core_userpost (id, start_date, end_date, post_id, user_id, is_active) VALUES (20, 2024-01-01, NULL, 23, 23, 1);
INSERT INTO core_userpost (id, start_date, end_date, post_id, user_id, is_active) VALUES (21, 2024-01-01, NULL, 5, 24, 1);
INSERT INTO core_userpost (id, start_date, end_date, post_id, user_id, is_active) VALUES (22, 2024-01-01, NULL, 23, 25, 1);
INSERT INTO core_userpost (id, start_date, end_date, post_id, user_id, is_active) VALUES (23, 2024-01-01, NULL, 5, 26, 1);
INSERT INTO core_userpost (id, start_date, end_date, post_id, user_id, is_active) VALUES (24, 2024-01-01, NULL, 23, 27, 1);
INSERT INTO core_userpost (id, start_date, end_date, post_id, user_id, is_active) VALUES (25, 2024-01-01, NULL, 30, 20, 1);
INSERT INTO core_userpost (id, start_date, end_date, post_id, user_id, is_active) VALUES (26, 2024-01-01, NULL, 31, 21, 1);
INSERT INTO core_userpost (id, start_date, end_date, post_id, user_id, is_active) VALUES (27, 2024-01-01, NULL, 32, 22, 1);
INSERT INTO core_userpost (id, start_date, end_date, post_id, user_id, is_active) VALUES (28, 2024-01-01, NULL, 33, 23, 1);
INSERT INTO core_userpost (id, start_date, end_date, post_id, user_id, is_active) VALUES (29, 2024-01-01, NULL, 34, 24, 1);
INSERT INTO core_userpost (id, start_date, end_date, post_id, user_id, is_active) VALUES (30, 2024-01-01, NULL, 35, 25, 1);
INSERT INTO core_userpost (id, start_date, end_date, post_id, user_id, is_active) VALUES (31, 2024-01-01, NULL, 36, 26, 1);
INSERT INTO core_userpost (id, start_date, end_date, post_id, user_id, is_active) VALUES (32, 2024-01-01, NULL, 37, 27, 1);

-- Table: core_workflowruletemplate
CREATE TABLE `core_workflowruletemplate` (
  `id` bigint NOT NULL AUTO_INCREMENT,
  `name` varchar(200) NOT NULL,
  `description` longtext NOT NULL,
  `entity_type` varchar(50) NOT NULL,
  `rules_data` longtext NOT NULL,
  `is_active` tinyint(1) NOT NULL,
  `is_public` tinyint(1) NOT NULL,
  `created_at` datetime(6) NOT NULL,
  `updated_at` datetime(6) NOT NULL,
  `created_by_id` bigint DEFAULT NULL,
  `organization_id` bigint NOT NULL,
  PRIMARY KEY (`id`),
  KEY `core_workflowruletem_created_by_id_182ee905_fk_accounts_` (`created_by_id`),
  KEY `core_workflowruletem_organization_id_b77b7a7e_fk_core_orga` (`organization_id`),
  CONSTRAINT `core_workflowruletem_created_by_id_182ee905_fk_accounts_` FOREIGN KEY (`created_by_id`) REFERENCES `accounts_customuser` (`id`),
  CONSTRAINT `core_workflowruletem_organization_id_b77b7a7e_fk_core_orga` FOREIGN KEY (`organization_id`) REFERENCES `core_organization` (`id`)
) ENGINE=InnoDB AUTO_INCREMENT=4 DEFAULT CHARSET=utf8mb4 COLLATE=utf8mb4_0900_ai_ci;

INSERT INTO core_workflowruletemplate (id, name, description, entity_type, rules_data, is_active, is_public, created_at, updated_at, created_by_id, organization_id) VALUES (2, '   ', '          ', 'PAYMENTORDER', '{"statuses": [{"code": "DRAFT", "name": "\u067e\u06cc\u0634\u200c\u0646\u0648\u06cc\u0633", "description": "\u062f\u0633\u062a\u0648\u0631 \u067e\u0631\u062f\u0627\u062e\u062a \u062f\u0631 \u0645\u0631\u062d\u0644\u0647 \u067e\u06cc\u0634\u200c\u0646\u0648\u06cc\u0633", "is_initial": true, "is_final": false, "is_active": true}, {"code": "SUBMITTED", "name": "\u0627\u0631\u0633\u0627\u0644 \u0634\u062f\u0647", "description": "\u062f\u0633\u062a\u0648\u0631 \u067e\u0631\u062f\u0627\u062e\u062a \u0627\u0631\u0633\u0627\u0644 \u0634\u062f\u0647 \u0628\u0631\u0627\u06cc \u062a\u0627\u06cc\u06cc\u062f", "is_initial": false, "is_final": false, "is_active": true}, {"code": "MANAGER_APPROVED", "name": "\u062a\u0627\u06cc\u06cc\u062f \u0645\u062f\u06cc\u0631", "description": "\u062a\u0627\u06cc\u06cc\u062f \u0634\u062f\u0647 \u062a\u0648\u0633\u0637 \u0645\u062f\u06cc\u0631", "is_initial": false, "is_final": false, "is_active": true}, {"code": "FINANCE_APPROVED", "name": "\u062a\u0627\u06cc\u06cc\u062f \u0645\u0627\u0644\u06cc", "description": "\u062a\u0627\u06cc\u06cc\u062f \u0634\u062f\u0647 \u062a\u0648\u0633\u0637 \u0628\u062e\u0634 \u0645\u0627\u0644\u06cc", "is_initial": false, "is_final": false, "is_active": true}, {"code": "CEO_APPROVED", "name": "\u062a\u0627\u06cc\u06cc\u062f \u0645\u062f\u06cc\u0631\u0639\u0627\u0645\u0644", "description": "\u062a\u0627\u06cc\u06cc\u062f \u0646\u0647\u0627\u06cc\u06cc \u062a\u0648\u0633\u0637 \u0645\u062f\u06cc\u0631\u0639\u0627\u0645\u0644", "is_initial": false, "is_final": true, "is_active": true}, {"code": "REJECTED", "name": "\u0631\u062f \u0634\u062f\u0647", "description": "\u062f\u0633\u062a\u0648\u0631 \u067e\u0631\u062f\u0627\u062e\u062a \u0631\u062f \u0634\u062f\u0647", "is_initial": false, "is_final": true, "is_active": true}], "actions": [{"code": "SUBMIT", "name": "\u0627\u0631\u0633\u0627\u0644", "description": "\u0627\u0631\u0633\u0627\u0644 \u062f\u0633\u062a\u0648\u0631 \u067e\u0631\u062f\u0627\u062e\u062a \u0628\u0631\u0627\u06cc \u062a\u0627\u06cc\u06cc\u062f", "action_type": "SUBMIT", "is_active": true}, {"code": "APPROVE", "name": "\u062a\u0627\u06cc\u06cc\u062f", "description": "\u062a\u0627\u06cc\u06cc\u062f \u062f\u0633\u062a\u0648\u0631 \u067e\u0631\u062f\u0627\u062e\u062a", "action_type": "APPROVE", "is_active": true}, {"code": "REJECT", "name": "\u0631\u062f", "description": "\u0631\u062f \u062f\u0633\u062a\u0648\u0631 \u067e\u0631\u062f\u0627\u062e\u062a", "action_type": "REJECT", "is_active": true}, {"code": "RETURN", "name": "\u0628\u0631\u06af\u0631\u062f\u0627\u0646\u062f\u0646", "description": "\u0628\u0631\u06af\u0631\u062f\u0627\u0646\u062f\u0646 \u062f\u0633\u062a\u0648\u0631 \u067e\u0631\u062f\u0627\u062e\u062a \u0628\u0631\u0627\u06cc \u0627\u0635\u0644\u0627\u062d", "action_type": "RETURN", "is_active": true}, {"code": "FINAL_APPROVE", "name": "\u062a\u0627\u06cc\u06cc\u062f \u0646\u0647\u0627\u06cc\u06cc", "description": "\u062a\u0627\u06cc\u06cc\u062f \u0646\u0647\u0627\u06cc\u06cc \u062f\u0633\u062a\u0648\u0631 \u067e\u0631\u062f\u0627\u062e\u062a", "action_type": "FINAL_APPROVE", "is_active": true}], "transitions": [{"from_status": "DRAFT", "to_status": "SUBMITTED", "action": "SUBMIT", "is_active": true}, {"from_status": "SUBMITTED", "to_status": "MANAGER_APPROVED", "action": "APPROVE", "is_active": true}, {"from_status": "SUBMITTED", "to_status": "REJECTED", "action": "REJECT", "is_active": true}, {"from_status": "SUBMITTED", "to_status": "DRAFT", "action": "RETURN", "is_active": true}, {"from_status": "MANAGER_APPROVED", "to_status": "FINANCE_APPROVED", "action": "APPROVE", "is_active": true}, {"from_status": "MANAGER_APPROVED", "to_status": "REJECTED", "action": "REJECT", "is_active": true}, {"from_status": "MANAGER_APPROVED", "to_status": "DRAFT", "action": "RETURN", "is_active": true}, {"from_status": "FINANCE_APPROVED", "to_status": "CEO_APPROVED", "action": "FINAL_APPROVE", "is_active": true}, {"from_status": "FINANCE_APPROVED", "to_status": "REJECTED", "action": "REJECT", "is_active": true}, {"from_status": "FINANCE_APPROVED", "to_status": "DRAFT", "action": "RETURN", "is_active": true}], "post_actions": []}', 0, 1, 2025-09-19 18:13:32.888447, 2025-09-19 19:51:14.660035, NULL, 7);
INSERT INTO core_workflowruletemplate (id, name, description, entity_type, rules_data, is_active, is_public, created_at, updated_at, created_by_id, organization_id) VALUES (3, '    -  ', '       ', 'PAYMENTORDER', '{"statuses": [], "actions": [], "transitions": []}', 1, 0, 2025-09-20 05:07:18.970727, 2025-09-20 05:07:18.970793, 4, 7);

-- Table: core_workflowstage
CREATE TABLE `core_workflowstage` (
  `id` bigint NOT NULL AUTO_INCREMENT,
  `name` varchar(100) CHARACTER SET utf8mb4 COLLATE utf8mb4_0900_ai_ci NOT NULL,
  `order` int unsigned NOT NULL,
  `description` longtext CHARACTER SET utf8mb4 COLLATE utf8mb4_0900_ai_ci NOT NULL,
  `is_active` tinyint(1) NOT NULL,
  `is_final_stage` tinyint(1) NOT NULL,
  `triggers_payment_order` float DEFAULT NULL,
  `auto_advance` float DEFAULT NULL,
  `entity_type` varchar(20) NOT NULL,
  `min_signatures` int unsigned NOT NULL,
  PRIMARY KEY (`id`) USING BTREE,
  KEY `core_workflowstage_entity_type_238ea13d` (`entity_type`),
  KEY `core_workfl_entity__89d262_idx` (`entity_type`,`is_active`),
  CONSTRAINT `core_workflowstage_chk_1` CHECK ((`min_signatures` >= 0))
) ENGINE=InnoDB AUTO_INCREMENT=13 DEFAULT CHARSET=utf8mb4 COLLATE=utf8mb4_0900_ai_ci ROW_FORMAT=DYNAMIC;

INSERT INTO core_workflowstage (id, name, order, description, is_active, is_final_stage, triggers_payment_order, auto_advance, entity_type, min_signatures) VALUES (1, ' ', 1, ' ', 1, 0, NULL, 1.0, 'TANKHAH', 1);
INSERT INTO core_workflowstage (id, name, order, description, is_active, is_final_stage, triggers_payment_order, auto_advance, entity_type, min_signatures) VALUES (2, ' ', 2, ' ', 1, 0, 0.0, 1.0, 'FACTOR', 1);
INSERT INTO core_workflowstage (id, name, order, description, is_active, is_final_stage, triggers_payment_order, auto_advance, entity_type, min_signatures) VALUES (3, ' ', 3, ' ', 1, 0, 1.0, 1.0, 'FACTOR', 1);
INSERT INTO core_workflowstage (id, name, order, description, is_active, is_final_stage, triggers_payment_order, auto_advance, entity_type, min_signatures) VALUES (4, '    ', 4, '    ', 1, 0, 0.0, 1.0, 'FACTOR', 1);
INSERT INTO core_workflowstage (id, name, order, description, is_active, is_final_stage, triggers_payment_order, auto_advance, entity_type, min_signatures) VALUES (5, '  ', 5, '  ', 1, 0, NULL, 1.0, 'FACTOR', 1);
INSERT INTO core_workflowstage (id, name, order, description, is_active, is_final_stage, triggers_payment_order, auto_advance, entity_type, min_signatures) VALUES (6, '   -   ', 6, '   -   ', 1, 0, NULL, 1.0, 'TANKHAH', 1);
INSERT INTO core_workflowstage (id, name, order, description, is_active, is_final_stage, triggers_payment_order, auto_advance, entity_type, min_signatures) VALUES (7, '   -     ', 7, '   -     ', 1, 0, 0.0, 1.0, 'FACTOR', 1);
INSERT INTO core_workflowstage (id, name, order, description, is_active, is_final_stage, triggers_payment_order, auto_advance, entity_type, min_signatures) VALUES (8, '   -     ', 8, '   -     ', 1, 0, NULL, 1.0, 'FACTOR', 1);
INSERT INTO core_workflowstage (id, name, order, description, is_active, is_final_stage, triggers_payment_order, auto_advance, entity_type, min_signatures) VALUES (9, '  -   ', 9, '  -      ', 1, 1, 1.0, 1.0, 'FACTOR', 1);
INSERT INTO core_workflowstage (id, name, order, description, is_active, is_final_stage, triggers_payment_order, auto_advance, entity_type, min_signatures) VALUES (10, '      (   )  ', 10, '      (   )   ', 1, 0, NULL, 1.0, 'FACTOR', 1);
INSERT INTO core_workflowstage (id, name, order, description, is_active, is_final_stage, triggers_payment_order, auto_advance, entity_type, min_signatures) VALUES (11, '   ', 7, '   ', 1, 0, 1.0, 1.0, 'TANKHAH', 1);
INSERT INTO core_workflowstage (id, name, order, description, is_active, is_final_stage, triggers_payment_order, auto_advance, entity_type, min_signatures) VALUES (12, ' ', 2, ' ', 1, 0, 0.0, 1.0, 'TANKHAH', 1);

-- Table: django_admin_log
CREATE TABLE `django_admin_log` (
  `id` int NOT NULL AUTO_INCREMENT,
  `action_time` datetime(6) NOT NULL,
  `object_id` longtext CHARACTER SET utf8mb4 COLLATE utf8mb4_0900_ai_ci,
  `object_repr` varchar(200) CHARACTER SET utf8mb4 COLLATE utf8mb4_0900_ai_ci NOT NULL,
  `action_flag` smallint unsigned NOT NULL,
  `change_message` longtext CHARACTER SET utf8mb4 COLLATE utf8mb4_0900_ai_ci NOT NULL,
  `content_type_id` int DEFAULT NULL,
  `user_id` bigint NOT NULL,
  PRIMARY KEY (`id`) USING BTREE,
  KEY `django_admin_log_user_id_c564eba6_fk_accounts_customuser_id` (`user_id`) USING BTREE,
  KEY `django_admin_log_content_type_id_c4bce8eb_fk` (`content_type_id`) USING BTREE,
  CONSTRAINT `django_admin_log_content_type_id_c4bce8eb_fk` FOREIGN KEY (`content_type_id`) REFERENCES `django_content_type` (`id`) ON DELETE RESTRICT ON UPDATE RESTRICT,
  CONSTRAINT `django_admin_log_user_id_c564eba6_fk_accounts_customuser_id` FOREIGN KEY (`user_id`) REFERENCES `accounts_customuser` (`id`) ON DELETE RESTRICT ON UPDATE RESTRICT,
  CONSTRAINT `django_admin_log_chk_1` CHECK ((`action_flag` >= 0))
) ENGINE=InnoDB AUTO_INCREMENT=55 DEFAULT CHARSET=utf8mb4 COLLATE=utf8mb4_0900_ai_ci ROW_FORMAT=DYNAMIC;

INSERT INTO django_admin_log (id, action_time, object_id, object_repr, action_flag, change_message, content_type_id, user_id) VALUES (1, 2025-04-05 04:54:21.119137, '1', 'admin role', 1, '[{"added": {}}]', 43, 2);
INSERT INTO django_admin_log (id, action_time, object_id, object_repr, action_flag, change_message, content_type_id, user_id) VALUES (2, 2025-04-05 05:04:04.005146, '1', 'admin role', 3, '', 43, 2);
INSERT INTO django_admin_log (id, action_time, object_id, object_repr, action_flag, change_message, content_type_id, user_id) VALUES (3, 2025-04-05 07:22:58.346969, '2', 'admin', 2, '[{"changed": {"fields": ["User permissions"]}}]', 39, 9);
INSERT INTO django_admin_log (id, action_time, object_id, object_repr, action_flag, change_message, content_type_id, user_id) VALUES (4, 2025-04-05 07:23:09.946831, '9', 'admin1', 2, '[{"changed": {"fields": ["User permissions"]}}]', 39, 9);
INSERT INTO django_admin_log (id, action_time, object_id, object_repr, action_flag, change_message, content_type_id, user_id) VALUES (5, 2025-04-05 09:45:25.286977, '2', 'admin', 2, '[]', 39, 11);
INSERT INTO django_admin_log (id, action_time, object_id, object_repr, action_flag, change_message, content_type_id, user_id) VALUES (6, 2025-04-05 09:46:55.805282, '2', ' ', 2, '[{"changed": {"fields": ["\u0645\u062c\u0648\u0632\u0647\u0627", "\u0646\u0642\u0634 \u0648\u0627\u0644\u062f\u06cc\u0646"]}}]', 43, 11);
INSERT INTO django_admin_log (id, action_time, object_id, object_repr, action_flag, change_message, content_type_id, user_id) VALUES (7, 2025-04-05 09:47:07.724275, '2', 'admin', 2, '[]', 39, 11);
INSERT INTO django_admin_log (id, action_time, object_id, object_repr, action_flag, change_message, content_type_id, user_id) VALUES (8, 2025-04-05 10:35:38.569966, '2', ' ', 2, '[{"changed": {"fields": ["\u0645\u062c\u0648\u0632\u0647\u0627"]}}]', 43, 11);
INSERT INTO django_admin_log (id, action_time, object_id, object_repr, action_flag, change_message, content_type_id, user_id) VALUES (9, 2025-04-05 10:35:59.961559, '2', 'admin', 2, '[{"changed": {"fields": ["\u06a9\u0627\u0631\u0645\u0646\u062f\u06cc\u061f", "Superuser status"]}}]', 39, 11);
INSERT INTO django_admin_log (id, action_time, object_id, object_repr, action_flag, change_message, content_type_id, user_id) VALUES (10, 2025-04-09 20:10:55.821635, '2', 'admin', 2, '[{"changed": {"fields": ["User permissions"]}}]', 39, 9);
INSERT INTO django_admin_log (id, action_time, object_id, object_repr, action_flag, change_message, content_type_id, user_id) VALUES (11, 2025-04-09 20:11:05.808036, '9', 'admin1', 2, '[{"changed": {"fields": ["User permissions"]}}]', 39, 9);
INSERT INTO django_admin_log (id, action_time, object_id, object_repr, action_flag, change_message, content_type_id, user_id) VALUES (12, 2025-04-09 20:13:36.938336, '2', 'admin', 2, '[{"changed": {"fields": ["\u06a9\u0627\u0631\u0645\u0646\u062f\u06cc\u061f"]}}]', 39, 9);
INSERT INTO django_admin_log (id, action_time, object_id, object_repr, action_flag, change_message, content_type_id, user_id) VALUES (13, 2025-04-10 05:51:54.658190, '4', 'USWDS', 2, '[]', 1, 2);
INSERT INTO django_admin_log (id, action_time, object_id, object_repr, action_flag, change_message, content_type_id, user_id) VALUES (14, 2025-04-10 05:52:03.590524, '2', 'Bootstrap', 2, '[]', 1, 2);
INSERT INTO django_admin_log (id, action_time, object_id, object_repr, action_flag, change_message, content_type_id, user_id) VALUES (15, 2025-04-10 05:52:08.325959, '2', 'Bootstrap', 2, '[{"changed": {"fields": ["Active"]}}]', 1, 2);
INSERT INTO django_admin_log (id, action_time, object_id, object_repr, action_flag, change_message, content_type_id, user_id) VALUES (16, 2025-04-10 05:52:08.361587, '1', 'Django', 2, '[{"changed": {"fields": ["Active"]}}]', 1, 2);
INSERT INTO django_admin_log (id, action_time, object_id, object_repr, action_flag, change_message, content_type_id, user_id) VALUES (17, 2025-04-10 05:52:13.746993, '3', 'Foundation', 2, '[{"changed": {"fields": ["Active"]}}]', 1, 2);
INSERT INTO django_admin_log (id, action_time, object_id, object_repr, action_flag, change_message, content_type_id, user_id) VALUES (18, 2025-04-10 05:52:13.793702, '2', 'Bootstrap', 2, '[{"changed": {"fields": ["Active"]}}]', 1, 2);
INSERT INTO django_admin_log (id, action_time, object_id, object_repr, action_flag, change_message, content_type_id, user_id) VALUES (19, 2025-04-10 06:12:04.070733, '4', 'USWDS', 2, '[{"changed": {"fields": ["Active"]}}]', 1, 2);
INSERT INTO django_admin_log (id, action_time, object_id, object_repr, action_flag, change_message, content_type_id, user_id) VALUES (20, 2025-04-10 06:12:04.131996, '2', 'Bootstrap', 2, '[{"changed": {"fields": ["Active"]}}]', 1, 2);
INSERT INTO django_admin_log (id, action_time, object_id, object_repr, action_flag, change_message, content_type_id, user_id) VALUES (21, 2025-04-11 18:07:20.701321, '23', ' 23-   -  1404   1405 - 5,000,000,000.00 (1404/01/21)', 2, '[{"changed": {"fields": ["\u0645\u0628\u0644\u063a \u062a\u062e\u0635\u06cc\u0635"]}}]', 55, 2);
INSERT INTO django_admin_log (id, action_time, object_id, object_repr, action_flag, change_message, content_type_id, user_id) VALUES (22, 2025-04-12 04:41:51.053472, '9', '  - 450,000 (2025-04-12)', 1, '[{"added": {}}]', 58, 2);
INSERT INTO django_admin_log (id, action_time, object_id, object_repr, action_flag, change_message, content_type_id, user_id) VALUES (23, 2025-04-12 04:43:58.049585, '24', ' 24-   - 1404 - 4,000,000,000 (1404/01/22)', 2, '[{"changed": {"fields": ["\u0645\u0628\u0644\u063a \u062a\u062e\u0635\u06cc\u0635"]}}]', 55, 2);
INSERT INTO django_admin_log (id, action_time, object_id, object_repr, action_flag, change_message, content_type_id, user_id) VALUES (24, 2025-04-16 05:29:27.509969, '1', ' -      ', 2, '[]', 65, 2);
INSERT INTO django_admin_log (id, action_time, object_id, object_repr, action_flag, change_message, content_type_id, user_id) VALUES (25, 2025-04-16 05:29:40.784830, '2', ' -      ', 2, '[{"changed": {"fields": ["\u06a9\u062f \u0631\u062f\u06cc\u0641"]}}]', 65, 2);
INSERT INTO django_admin_log (id, action_time, object_id, object_repr, action_flag, change_message, content_type_id, user_id) VALUES (26, 2025-05-05 06:23:04.185192, '1', ' ', 1, '[{"added": {}}]', 69, 2);
INSERT INTO django_admin_log (id, action_time, object_id, object_repr, action_flag, change_message, content_type_id, user_id) VALUES (27, 2025-05-05 06:23:12.575079, '2', '', 1, '[{"added": {}}]', 69, 2);
INSERT INTO django_admin_log (id, action_time, object_id, object_repr, action_flag, change_message, content_type_id, user_id) VALUES (28, 2025-05-05 06:23:18.442307, '2', '', 2, '[{"changed": {"fields": ["\u062d\u062f\u0627\u0642\u0644 \u062a\u0631\u062a\u06cc\u0628 \u0645\u0631\u062d\u0644\u0647"]}}]', 69, 2);
INSERT INTO django_admin_log (id, action_time, object_id, object_repr, action_flag, change_message, content_type_id, user_id) VALUES (29, 2025-05-05 06:23:19.796213, '2', '', 2, '[]', 69, 2);
INSERT INTO django_admin_log (id, action_time, object_id, object_repr, action_flag, change_message, content_type_id, user_id) VALUES (30, 2025-05-05 06:24:09.530513, '3', '', 1, '[{"added": {}}]', 69, 2);
INSERT INTO django_admin_log (id, action_time, object_id, object_repr, action_flag, change_message, content_type_id, user_id) VALUES (31, 2025-05-17 09:30:50.483071, '1', '  ', 1, '[{"added": {}}]', 72, 2);
INSERT INTO django_admin_log (id, action_time, object_id, object_repr, action_flag, change_message, content_type_id, user_id) VALUES (32, 2025-05-17 09:36:12.209960, '1', '  ', 2, '[{"changed": {"fields": ["\u0633\u0627\u0632\u0645\u0627\u0646\u200c\u0647\u0627\u06cc \u0645\u062c\u0627\u0632 \u0628\u0631\u0627\u06cc \u062b\u0628\u062a \u062a\u0646\u062e\u0648\u0627\u0647"]}}]', 72, 2);
INSERT INTO django_admin_log (id, action_time, object_id, object_repr, action_flag, change_message, content_type_id, user_id) VALUES (33, 2025-05-17 09:36:30.846868, '1', '  ', 2, '[{"changed": {"fields": ["\u0648\u0636\u0639\u06cc\u062a\u200c\u0647\u0627\u06cc \u0645\u0635\u0631\u0641\u200c\u0634\u062f\u0647 \u062a\u0646\u062e\u0648\u0627\u0647"]}}]', 72, 2);
INSERT INTO django_admin_log (id, action_time, object_id, object_repr, action_flag, change_message, content_type_id, user_id) VALUES (34, 2025-05-18 17:09:18.800834, '0', 'HQ_ITDC -       ( ) - OPS - APPROVE -  ', 1, '[{"added": {}}]', 73, 2);
INSERT INTO django_admin_log (id, action_time, object_id, object_repr, action_flag, change_message, content_type_id, user_id) VALUES (35, 2025-07-14 17:06:03.169691, '1', ' -  ()', 1, '[{"added": {}}]', 74, 2);
INSERT INTO django_admin_log (id, action_time, object_id, object_repr, action_flag, change_message, content_type_id, user_id) VALUES (36, 2025-07-14 17:06:33.390898, '2', ' -  ()', 1, '[{"added": {}}]', 74, 2);
INSERT INTO django_admin_log (id, action_time, object_id, object_repr, action_flag, change_message, content_type_id, user_id) VALUES (37, 2025-07-14 17:06:41.099007, '1', ' -  ()', 2, '[]', 74, 2);
INSERT INTO django_admin_log (id, action_time, object_id, object_repr, action_flag, change_message, content_type_id, user_id) VALUES (38, 2025-07-14 17:06:51.821997, '2', ' -  ()', 2, '[]', 74, 2);
INSERT INTO django_admin_log (id, action_time, object_id, object_repr, action_flag, change_message, content_type_id, user_id) VALUES (39, 2025-07-14 17:07:00.012712, '1', ' -  ()', 2, '[{"changed": {"fields": ["\u0627\u0642\u062f\u0627\u0645", "\u0627\u0648\u0644\u0648\u06cc\u062a"]}}]', 74, 2);
INSERT INTO django_admin_log (id, action_time, object_id, object_repr, action_flag, change_message, content_type_id, user_id) VALUES (40, 2025-07-14 17:24:51.259215, '3', ' -  ()', 1, '[{"added": {}}]', 74, 2);
INSERT INTO django_admin_log (id, action_time, object_id, object_repr, action_flag, change_message, content_type_id, user_id) VALUES (41, 2025-07-14 17:28:46.423650, '4', ' -  ()', 1, '[{"added": {}}]', 74, 2);
INSERT INTO django_admin_log (id, action_time, object_id, object_repr, action_flag, change_message, content_type_id, user_id) VALUES (42, 2025-07-14 17:29:58.579742, '5', ' -  ()', 1, '[{"added": {}}]', 74, 2);
INSERT INTO django_admin_log (id, action_time, object_id, object_repr, action_flag, change_message, content_type_id, user_id) VALUES (43, 2025-07-20 07:16:50.846896, '3', '    (HSarein) - OPS -        (, : 5)', 2, '[{"changed": {"fields": ["Action"]}}]', 30, 2);
INSERT INTO django_admin_log (id, action_time, object_id, object_repr, action_flag, change_message, content_type_id, user_id) VALUES (44, 2025-07-20 07:16:59.478473, '2', ' /   (HQ_ITDC) -    -       -    (, : 9)', 2, '[{"changed": {"fields": ["Action"]}}]', 30, 2);
INSERT INTO django_admin_log (id, action_time, object_id, object_repr, action_flag, change_message, content_type_id, user_id) VALUES (45, 2025-07-20 07:17:04.785607, '1', '   (HQ_ITDC) -  -        -      (, : 8)', 2, '[{"changed": {"fields": ["Action"]}}]', 30, 2);
INSERT INTO django_admin_log (id, action_time, object_id, object_repr, action_flag, change_message, content_type_id, user_id) VALUES (46, 2025-07-20 07:18:21.942511, '4', '   -   (HQ_ITDC) - OPS -        -    (, : 6)', 1, '[{"added": {}}]', 30, 2);
INSERT INTO django_admin_log (id, action_time, object_id, object_repr, action_flag, change_message, content_type_id, user_id) VALUES (47, 2025-07-20 07:18:56.300056, '4', '   -   (HQ_ITDC) - OPS -        -    (, : 6)', 2, '[{"changed": {"fields": ["Action"]}}]', 30, 2);
INSERT INTO django_admin_log (id, action_time, object_id, object_repr, action_flag, change_message, content_type_id, user_id) VALUES (48, 2025-07-26 10:20:54.275665, '1', ' -  - True', 1, '[{"added": {}}]', 76, 2);
INSERT INTO django_admin_log (id, action_time, object_id, object_repr, action_flag, change_message, content_type_id, user_id) VALUES (49, 2025-07-26 10:21:03.745250, '2', '  -   - True', 1, '[{"added": {}}]', 76, 2);
INSERT INTO django_admin_log (id, action_time, object_id, object_repr, action_flag, change_message, content_type_id, user_id) VALUES (50, 2025-07-26 10:21:19.808585, '3', '  -   - True', 1, '[{"added": {}}]', 76, 2);
INSERT INTO django_admin_log (id, action_time, object_id, object_repr, action_flag, change_message, content_type_id, user_id) VALUES (51, 2025-07-26 10:21:47.817452, '4', '    -     - True', 1, '[{"added": {}}]', 76, 2);
INSERT INTO django_admin_log (id, action_time, object_id, object_repr, action_flag, change_message, content_type_id, user_id) VALUES (52, 2025-07-26 10:22:09.170851, '2', '  -   - True', 2, '[{"changed": {"fields": ["\u06a9\u062f \u0634\u0627\u062e\u0647"]}}]', 76, 2);
INSERT INTO django_admin_log (id, action_time, object_id, object_repr, action_flag, change_message, content_type_id, user_id) VALUES (53, 2025-07-26 19:16:46.856818, '1', '    -     - True', 2, '[]', 76, 2);
INSERT INTO django_admin_log (id, action_time, object_id, object_repr, action_flag, change_message, content_type_id, user_id) VALUES (54, 2025-09-20 10:01:17.572744, '1', '  - ', 1, '[{"added": {}}]', 86, 2);

-- Table: django_content_type
CREATE TABLE `django_content_type` (
  `id` int NOT NULL AUTO_INCREMENT,
  `app_label` varchar(100) CHARACTER SET utf8mb4 COLLATE utf8mb4_0900_ai_ci NOT NULL,
  `model` varchar(100) CHARACTER SET utf8mb4 COLLATE utf8mb4_0900_ai_ci NOT NULL,
  PRIMARY KEY (`id`) USING BTREE,
  UNIQUE KEY `django_content_type_app_label_model_76bd3d3b_uniq` (`app_label`,`model`) USING BTREE
) ENGINE=InnoDB AUTO_INCREMENT=88 DEFAULT CHARSET=utf8mb4 COLLATE=utf8mb4_0900_ai_ci ROW_FORMAT=DYNAMIC;

INSERT INTO django_content_type (id, app_label, model) VALUES (44, 'accounts', 'activeuser');
INSERT INTO django_content_type (id, app_label, model) VALUES (40, 'accounts', 'auditlog');
INSERT INTO django_content_type (id, app_label, model) VALUES (35, 'accounts', 'city');
INSERT INTO django_content_type (id, app_label, model) VALUES (42, 'accounts', 'customprofile');
INSERT INTO django_content_type (id, app_label, model) VALUES (39, 'accounts', 'customuser');
INSERT INTO django_content_type (id, app_label, model) VALUES (41, 'accounts', 'customusergroup');
INSERT INTO django_content_type (id, app_label, model) VALUES (36, 'accounts', 'mygroup');
INSERT INTO django_content_type (id, app_label, model) VALUES (37, 'accounts', 'province');
INSERT INTO django_content_type (id, app_label, model) VALUES (43, 'accounts', 'role');
INSERT INTO django_content_type (id, app_label, model) VALUES (38, 'accounts', 'timelockmodel');
INSERT INTO django_content_type (id, app_label, model) VALUES (2, 'admin', 'logentry');
INSERT INTO django_content_type (id, app_label, model) VALUES (1, 'admin_interface', 'theme');
INSERT INTO django_content_type (id, app_label, model) VALUES (4, 'auth', 'group');
INSERT INTO django_content_type (id, app_label, model) VALUES (3, 'auth', 'permission');
INSERT INTO django_content_type (id, app_label, model) VALUES (55, 'budgets', 'budgetallocation');
INSERT INTO django_content_type (id, app_label, model) VALUES (59, 'budgets', 'budgethistory');
INSERT INTO django_content_type (id, app_label, model) VALUES (65, 'budgets', 'budgetitem');
INSERT INTO django_content_type (id, app_label, model) VALUES (54, 'budgets', 'budgetperiod');
INSERT INTO django_content_type (id, app_label, model) VALUES (60, 'budgets', 'budgetreallocation');
INSERT INTO django_content_type (id, app_label, model) VALUES (61, 'budgets', 'budgetsettings');
INSERT INTO django_content_type (id, app_label, model) VALUES (56, 'budgets', 'budgettransaction');
INSERT INTO django_content_type (id, app_label, model) VALUES (71, 'budgets', 'budgettransferreturn');
INSERT INTO django_content_type (id, app_label, model) VALUES (62, 'budgets', 'costcenter');
INSERT INTO django_content_type (id, app_label, model) VALUES (51, 'budgets', 'payee');
INSERT INTO django_content_type (id, app_label, model) VALUES (52, 'budgets', 'paymentorder');
INSERT INTO django_content_type (id, app_label, model) VALUES (48, 'budgets', 'pettycash');
INSERT INTO django_content_type (id, app_label, model) VALUES (58, 'budgets', 'projectbudgetallocation');
INSERT INTO django_content_type (id, app_label, model) VALUES (57, 'budgets', 'signaturelog');
INSERT INTO django_content_type (id, app_label, model) VALUES (63, 'budgets', 'systemsettings');
INSERT INTO django_content_type (id, app_label, model) VALUES (53, 'budgets', 'transactiontype');
INSERT INTO django_content_type (id, app_label, model) VALUES (5, 'contenttypes', 'contenttype');
INSERT INTO django_content_type (id, app_label, model) VALUES (73, 'core', 'accessrule');
INSERT INTO django_content_type (id, app_label, model) VALUES (79, 'core', 'action');
INSERT INTO django_content_type (id, app_label, model) VALUES (76, 'core', 'branch');
INSERT INTO django_content_type (id, app_label, model) VALUES (7, 'core', 'dashboard_core');
INSERT INTO django_content_type (id, app_label, model) VALUES (8, 'core', 'dashboardview');
INSERT INTO django_content_type (id, app_label, model) VALUES (9, 'core', 'dashboardview_flows');
INSERT INTO django_content_type (id, app_label, model) VALUES (82, 'core', 'entitytype');
INSERT INTO django_content_type (id, app_label, model) VALUES (11, 'core', 'organization');
INSERT INTO django_content_type (id, app_label, model) VALUES (66, 'core', 'organizationchartapiview');
INSERT INTO django_content_type (id, app_label, model) VALUES (67, 'core', 'organizationchartview');
INSERT INTO django_content_type (id, app_label, model) VALUES (64, 'core', 'organizationtype');
INSERT INTO django_content_type (id, app_label, model) VALUES (81, 'core', 'permission');
INSERT INTO django_content_type (id, app_label, model) VALUES (12, 'core', 'post');
INSERT INTO django_content_type (id, app_label, model) VALUES (47, 'core', 'postaction');
INSERT INTO django_content_type (id, app_label, model) VALUES (14, 'core', 'posthistory');
INSERT INTO django_content_type (id, app_label, model) VALUES (85, 'core', 'postruleassignment');
INSERT INTO django_content_type (id, app_label, model) VALUES (13, 'core', 'project');
INSERT INTO django_content_type (id, app_label, model) VALUES (75, 'core', 'stagetransitionpermission');
INSERT INTO django_content_type (id, app_label, model) VALUES (80, 'core', 'status');
INSERT INTO django_content_type (id, app_label, model) VALUES (46, 'core', 'subproject');
INSERT INTO django_content_type (id, app_label, model) VALUES (72, 'core', 'systemsettings');
INSERT INTO django_content_type (id, app_label, model) VALUES (78, 'core', 'transition');
INSERT INTO django_content_type (id, app_label, model) VALUES (15, 'core', 'userpost');
INSERT INTO django_content_type (id, app_label, model) VALUES (84, 'core', 'workflowruletemplate');
INSERT INTO django_content_type (id, app_label, model) VALUES (10, 'core', 'workflowstage');
INSERT INTO django_content_type (id, app_label, model) VALUES (87, 'notificationApp', 'backuplog');
INSERT INTO django_content_type (id, app_label, model) VALUES (86, 'notificationApp', 'backupschedule');
INSERT INTO django_content_type (id, app_label, model) VALUES (77, 'notificationApp', 'notification');
INSERT INTO django_content_type (id, app_label, model) VALUES (74, 'notificationApp', 'notificationrule');
INSERT INTO django_content_type (id, app_label, model) VALUES (45, 'notifications', 'notification');
INSERT INTO django_content_type (id, app_label, model) VALUES (83, 'notifications', 'notificationrule');
INSERT INTO django_content_type (id, app_label, model) VALUES (20, 'reports', 'financialreport');
INSERT INTO django_content_type (id, app_label, model) VALUES (16, 'reports', 'print_financial_report');
INSERT INTO django_content_type (id, app_label, model) VALUES (17, 'reports', 'send_to_accounting');
INSERT INTO django_content_type (id, app_label, model) VALUES (18, 'reports', 'tankhah_financialreport');
INSERT INTO django_content_type (id, app_label, model) VALUES (19, 'reports', 'tankhahdetailview');
INSERT INTO django_content_type (id, app_label, model) VALUES (6, 'sessions', 'session');
INSERT INTO django_content_type (id, app_label, model) VALUES (33, 'tankhah', 'approvallog');
INSERT INTO django_content_type (id, app_label, model) VALUES (25, 'tankhah', 'dashboard_tankhah');
INSERT INTO django_content_type (id, app_label, model) VALUES (27, 'tankhah', 'factor');
INSERT INTO django_content_type (id, app_label, model) VALUES (28, 'tankhah', 'factordocument');
INSERT INTO django_content_type (id, app_label, model) VALUES (70, 'tankhah', 'factorhistory');
INSERT INTO django_content_type (id, app_label, model) VALUES (29, 'tankhah', 'factoritem');
INSERT INTO django_content_type (id, app_label, model) VALUES (68, 'tankhah', 'factorsequence');
INSERT INTO django_content_type (id, app_label, model) VALUES (69, 'tankhah', 'itemcategory');
INSERT INTO django_content_type (id, app_label, model) VALUES (32, 'tankhah', 'notification');
INSERT INTO django_content_type (id, app_label, model) VALUES (30, 'tankhah', 'stageapprover');
INSERT INTO django_content_type (id, app_label, model) VALUES (49, 'tankhah', 'tankhactiontype');
INSERT INTO django_content_type (id, app_label, model) VALUES (31, 'tankhah', 'tankhah');
INSERT INTO django_content_type (id, app_label, model) VALUES (50, 'tankhah', 'tankhahaction');
INSERT INTO django_content_type (id, app_label, model) VALUES (34, 'tankhah', 'tankhahdocument');
INSERT INTO django_content_type (id, app_label, model) VALUES (26, 'tankhah', 'tankhahfinalapproval');
INSERT INTO django_content_type (id, app_label, model) VALUES (21, 'version_tracker', 'appversion');
INSERT INTO django_content_type (id, app_label, model) VALUES (23, 'version_tracker', 'codechangelog');
INSERT INTO django_content_type (id, app_label, model) VALUES (24, 'version_tracker', 'filehash');
INSERT INTO django_content_type (id, app_label, model) VALUES (22, 'version_tracker', 'finalversion');

-- Table: django_migrations
CREATE TABLE `django_migrations` (
  `id` int NOT NULL AUTO_INCREMENT,
  `app` varchar(255) CHARACTER SET utf8mb4 COLLATE utf8mb4_0900_ai_ci NOT NULL,
  `name` varchar(255) CHARACTER SET utf8mb4 COLLATE utf8mb4_0900_ai_ci NOT NULL,
  `applied` datetime(6) NOT NULL,
  PRIMARY KEY (`id`) USING BTREE
) ENGINE=InnoDB AUTO_INCREMENT=295 DEFAULT CHARSET=utf8mb4 COLLATE=utf8mb4_0900_ai_ci ROW_FORMAT=DYNAMIC;

INSERT INTO django_migrations (id, app, name, applied) VALUES (1, 'contenttypes', '0001_initial', 2025-04-05 04:22:19.693080);
INSERT INTO django_migrations (id, app, name, applied) VALUES (2, 'contenttypes', '0002_remove_content_type_name', 2025-04-05 04:22:19.733130);
INSERT INTO django_migrations (id, app, name, applied) VALUES (3, 'auth', '0001_initial', 2025-04-05 04:22:19.861989);
INSERT INTO django_migrations (id, app, name, applied) VALUES (4, 'auth', '0002_alter_permission_name_max_length', 2025-04-05 04:22:19.890421);
INSERT INTO django_migrations (id, app, name, applied) VALUES (5, 'auth', '0003_alter_user_email_max_length', 2025-04-05 04:22:19.895169);
INSERT INTO django_migrations (id, app, name, applied) VALUES (6, 'auth', '0004_alter_user_username_opts', 2025-04-05 04:22:19.900234);
INSERT INTO django_migrations (id, app, name, applied) VALUES (7, 'auth', '0005_alter_user_last_login_null', 2025-04-05 04:22:19.904526);
INSERT INTO django_migrations (id, app, name, applied) VALUES (8, 'auth', '0006_require_contenttypes_0002', 2025-04-05 04:22:19.906284);
INSERT INTO django_migrations (id, app, name, applied) VALUES (9, 'auth', '0007_alter_validators_add_error_messages', 2025-04-05 04:22:19.910366);
INSERT INTO django_migrations (id, app, name, applied) VALUES (10, 'auth', '0008_alter_user_username_max_length', 2025-04-05 04:22:19.914703);
INSERT INTO django_migrations (id, app, name, applied) VALUES (11, 'auth', '0009_alter_user_last_name_max_length', 2025-04-05 04:22:19.919436);
INSERT INTO django_migrations (id, app, name, applied) VALUES (12, 'auth', '0010_alter_group_name_max_length', 2025-04-05 04:22:19.932141);
INSERT INTO django_migrations (id, app, name, applied) VALUES (13, 'auth', '0011_update_proxy_permissions', 2025-04-05 04:22:19.936752);
INSERT INTO django_migrations (id, app, name, applied) VALUES (14, 'auth', '0012_alter_user_first_name_max_length', 2025-04-05 04:22:19.940880);
INSERT INTO django_migrations (id, app, name, applied) VALUES (15, 'auth', '0013_alter_group_id_alter_permission_id_alter_user_id', 2025-04-05 04:22:20.087093);
INSERT INTO django_migrations (id, app, name, applied) VALUES (16, 'auth', '0014_alter_group_id_alter_permission_id_alter_user_id', 2025-04-05 04:22:20.225196);
INSERT INTO django_migrations (id, app, name, applied) VALUES (17, 'accounts', '0001_initial', 2025-04-05 04:22:20.913970);
INSERT INTO django_migrations (id, app, name, applied) VALUES (18, 'admin', '0001_initial', 2025-04-05 04:22:20.978983);
INSERT INTO django_migrations (id, app, name, applied) VALUES (19, 'admin', '0002_logentry_remove_auto_add', 2025-04-05 04:22:20.987839);
INSERT INTO django_migrations (id, app, name, applied) VALUES (20, 'admin', '0003_logentry_add_action_flag_choices', 2025-04-05 04:22:20.995963);
INSERT INTO django_migrations (id, app, name, applied) VALUES (21, 'admin', '0004_alter_logentry_id', 2025-04-05 04:22:21.027039);
INSERT INTO django_migrations (id, app, name, applied) VALUES (22, 'admin', '0005_alter_logentry_id', 2025-04-05 04:22:21.057130);
INSERT INTO django_migrations (id, app, name, applied) VALUES (23, 'admin_interface', '0001_initial', 2025-04-05 04:22:21.070094);
INSERT INTO django_migrations (id, app, name, applied) VALUES (24, 'admin_interface', '0002_add_related_modal', 2025-04-05 04:22:21.144937);
INSERT INTO django_migrations (id, app, name, applied) VALUES (25, 'admin_interface', '0003_add_logo_color', 2025-04-05 04:22:21.176210);
INSERT INTO django_migrations (id, app, name, applied) VALUES (26, 'admin_interface', '0004_rename_title_color', 2025-04-05 04:22:21.191038);
INSERT INTO django_migrations (id, app, name, applied) VALUES (27, 'admin_interface', '0005_add_recent_actions_visible', 2025-04-05 04:22:21.210656);
INSERT INTO django_migrations (id, app, name, applied) VALUES (28, 'admin_interface', '0006_bytes_to_str', 2025-04-05 04:22:21.251365);
INSERT INTO django_migrations (id, app, name, applied) VALUES (29, 'admin_interface', '0007_add_favicon', 2025-04-05 04:22:21.269910);
INSERT INTO django_migrations (id, app, name, applied) VALUES (30, 'admin_interface', '0008_change_related_modal_background_opacity_type', 2025-04-05 04:22:21.302058);
INSERT INTO django_migrations (id, app, name, applied) VALUES (31, 'admin_interface', '0009_add_enviroment', 2025-04-05 04:22:21.337266);
INSERT INTO django_migrations (id, app, name, applied) VALUES (32, 'admin_interface', '0010_add_localization', 2025-04-05 04:22:21.347659);
INSERT INTO django_migrations (id, app, name, applied) VALUES (33, 'admin_interface', '0011_add_environment_options', 2025-04-05 04:22:21.426151);
INSERT INTO django_migrations (id, app, name, applied) VALUES (34, 'admin_interface', '0012_update_verbose_names', 2025-04-05 04:22:21.431036);
INSERT INTO django_migrations (id, app, name, applied) VALUES (35, 'admin_interface', '0013_add_related_modal_close_button', 2025-04-05 04:22:21.449470);
INSERT INTO django_migrations (id, app, name, applied) VALUES (36, 'admin_interface', '0014_name_unique', 2025-04-05 04:22:21.467166);
INSERT INTO django_migrations (id, app, name, applied) VALUES (37, 'admin_interface', '0015_add_language_chooser_active', 2025-04-05 04:22:21.486094);
INSERT INTO django_migrations (id, app, name, applied) VALUES (38, 'admin_interface', '0016_add_language_chooser_display', 2025-04-05 04:22:21.506633);
INSERT INTO django_migrations (id, app, name, applied) VALUES (39, 'admin_interface', '0017_change_list_filter_dropdown', 2025-04-05 04:22:21.510579);
INSERT INTO django_migrations (id, app, name, applied) VALUES (40, 'admin_interface', '0018_theme_list_filter_sticky', 2025-04-05 04:22:21.532869);
INSERT INTO django_migrations (id, app, name, applied) VALUES (41, 'admin_interface', '0019_add_form_sticky', 2025-04-05 04:22:21.573903);
INSERT INTO django_migrations (id, app, name, applied) VALUES (42, 'admin_interface', '0020_module_selected_colors', 2025-04-05 04:22:21.626350);
INSERT INTO django_migrations (id, app, name, applied) VALUES (43, 'admin_interface', '0021_file_extension_validator', 2025-04-05 04:22:21.631314);
INSERT INTO django_migrations (id, app, name, applied) VALUES (44, 'admin_interface', '0022_add_logo_max_width_and_height', 2025-04-05 04:22:21.704478);
INSERT INTO django_migrations (id, app, name, applied) VALUES (45, 'admin_interface', '0023_theme_foldable_apps', 2025-04-05 04:22:21.726484);
INSERT INTO django_migrations (id, app, name, applied) VALUES (46, 'admin_interface', '0024_remove_theme_css', 2025-04-05 04:22:21.745146);
INSERT INTO django_migrations (id, app, name, applied) VALUES (47, 'admin_interface', '0025_theme_language_chooser_control', 2025-04-05 04:22:21.771564);
INSERT INTO django_migrations (id, app, name, applied) VALUES (48, 'admin_interface', '0026_theme_list_filter_highlight', 2025-04-05 04:22:21.800675);
INSERT INTO django_migrations (id, app, name, applied) VALUES (49, 'admin_interface', '0027_theme_list_filter_removal_links', 2025-04-05 04:22:21.821658);
INSERT INTO django_migrations (id, app, name, applied) VALUES (50, 'admin_interface', '0028_theme_show_fieldsets_as_tabs_and_more', 2025-04-05 04:22:21.882826);
INSERT INTO django_migrations (id, app, name, applied) VALUES (51, 'admin_interface', '0029_theme_css_generic_link_active_color', 2025-04-05 04:22:21.913090);
INSERT INTO django_migrations (id, app, name, applied) VALUES (52, 'admin_interface', '0030_theme_collapsible_stacked_inlines_and_more', 2025-04-05 04:22:22.012516);
INSERT INTO django_migrations (id, app, name, applied) VALUES (53, 'admin_interface', '0031_alter_theme_id', 2025-04-05 04:22:22.043349);
INSERT INTO django_migrations (id, app, name, applied) VALUES (54, 'admin_interface', '0032_alter_theme_id', 2025-04-05 04:22:22.072086);
INSERT INTO django_migrations (id, app, name, applied) VALUES (55, 'contenttypes', '0003_alter_contenttype_id', 2025-04-05 04:22:22.211422);
INSERT INTO django_migrations (id, app, name, applied) VALUES (56, 'contenttypes', '0004_alter_contenttype_id', 2025-04-05 04:22:22.338062);
INSERT INTO django_migrations (id, app, name, applied) VALUES (58, 'notifications', '0001_initial', 2025-04-05 04:22:23.071539);
INSERT INTO django_migrations (id, app, name, applied) VALUES (60, 'reports', '0001_initial', 2025-04-05 04:22:24.219256);
INSERT INTO django_migrations (id, app, name, applied) VALUES (61, 'sessions', '0001_initial', 2025-04-05 04:22:24.258736);
INSERT INTO django_migrations (id, app, name, applied) VALUES (63, 'version_tracker', '0002_alter_appversion_options_appversion_is_active_and_more', 2025-04-05 04:22:24.789095);
INSERT INTO django_migrations (id, app, name, applied) VALUES (64, 'version_tracker', '0003_alter_codechangelog_options_alter_filehash_options_and_more', 2025-04-05 04:22:24.803016);
INSERT INTO django_migrations (id, app, name, applied) VALUES (65, 'version_tracker', '0004_alter_appversion_options_alter_codechangelog_options', 2025-04-05 04:22:24.827227);
INSERT INTO django_migrations (id, app, name, applied) VALUES (80, 'budgets', '0001_initial', 2025-04-09 13:00:19.278191);
INSERT INTO django_migrations (id, app, name, applied) VALUES (83, 'budgets', '0002_budgetperiod_budgetallocation_budgettransaction_and_more', 2025-04-09 19:53:57.553888);
INSERT INTO django_migrations (id, app, name, applied) VALUES (84, 'budgets', '0002_initial', 2025-04-09 20:01:27.742979);
INSERT INTO django_migrations (id, app, name, applied) VALUES (85, 'reports', '0002_initial', 2025-04-09 20:01:27.750505);
INSERT INTO django_migrations (id, app, name, applied) VALUES (86, 'budgets', '0003_budgetperiod_name222', 2025-04-09 20:02:47.590420);
INSERT INTO django_migrations (id, app, name, applied) VALUES (87, 'budgets', '0003_signaturelog_and_more', 2025-04-10 06:50:24.256587);
INSERT INTO django_migrations (id, app, name, applied) VALUES (88, 'budgets', '0004_payee_family', 2025-04-10 08:08:07.005609);
INSERT INTO django_migrations (id, app, name, applied) VALUES (89, 'budgets', '0005_budgetperiod_locked_percentage_and_more', 2025-04-10 08:58:51.251491);
INSERT INTO django_migrations (id, app, name, applied) VALUES (90, 'budgets', '0006_alter_budgetperiod_remaining_amount_and_more', 2025-04-10 09:01:03.573791);
INSERT INTO django_migrations (id, app, name, applied) VALUES (91, 'budgets', '0007_remove_budgetperiod_remaining_amount', 2025-04-10 13:44:57.761650);
INSERT INTO django_migrations (id, app, name, applied) VALUES (92, 'budgets', '0008_budgetallocation_description', 2025-04-10 15:44:10.528386);
INSERT INTO django_migrations (id, app, name, applied) VALUES (93, 'budgets', '0009_alter_budgetperiod_name', 2025-04-10 17:36:47.300581);
INSERT INTO django_migrations (id, app, name, applied) VALUES (101, 'budgets', '0010_projectbudgetallocation', 2025-04-11 11:58:50.336023);
INSERT INTO django_migrations (id, app, name, applied) VALUES (103, 'budgets', '0011_budgetallocation_allocation_type', 2025-04-12 06:27:10.513422);
INSERT INTO django_migrations (id, app, name, applied) VALUES (104, 'budgets', '0012_alter_budgetallocation_allocation_type', 2025-04-12 06:34:45.411664);
INSERT INTO django_migrations (id, app, name, applied) VALUES (105, 'budgets', '0013_remove_budgetallocation_remaining_amount_and_more', 2025-04-12 08:13:37.565453);
INSERT INTO django_migrations (id, app, name, applied) VALUES (108, 'budgets', '0014_budgetallocation_is_active', 2025-04-12 11:17:34.535746);
INSERT INTO django_migrations (id, app, name, applied) VALUES (109, 'budgets', '0015_budgethistory_budgetreallocation_budgetsettings_and_more', 2025-04-12 16:38:07.280247);
INSERT INTO django_migrations (id, app, name, applied) VALUES (110, 'budgets', '0003_alter_budgetperiod_options', 2025-04-12 16:41:39.909185);
INSERT INTO django_migrations (id, app, name, applied) VALUES (111, 'budgets', '0004_alter_budgetperiod_options', 2025-04-12 16:44:03.133299);
INSERT INTO django_migrations (id, app, name, applied) VALUES (112, 'budgets', '0005_alter_budgetperiod_options', 2025-04-12 17:20:29.882774);
INSERT INTO django_migrations (id, app, name, applied) VALUES (113, 'budgets', '0006_alter_budgetperiod_options', 2025-04-12 17:30:34.706677);
INSERT INTO django_migrations (id, app, name, applied) VALUES (121, 'budgets', '0003_alter_costcenter_options_budgethistory_content_type_and_more', 2025-04-14 04:30:11.286362);
INSERT INTO django_migrations (id, app, name, applied) VALUES (122, 'budgets', '0004_alter_budgetperiod_locked_percentage_and_more', 2025-04-14 05:02:49.110875);
INSERT INTO django_migrations (id, app, name, applied) VALUES (123, 'budgets', '0005_budgetallocation_budgets_bud_budget__3d5534_idx_and_more', 2025-04-14 05:30:10.247279);
INSERT INTO django_migrations (id, app, name, applied) VALUES (124, 'budgets', '0006_budgetperiod_description', 2025-04-14 10:14:18.150703);
INSERT INTO django_migrations (id, app, name, applied) VALUES (126, 'budgets', '0007_alter_budgetallocation_options_and_more', 2025-04-14 16:05:22.666377);
INSERT INTO django_migrations (id, app, name, applied) VALUES (127, 'budgets', '0008_budgetallocation_returned_amount_and_more', 2025-04-14 16:57:08.743102);
INSERT INTO django_migrations (id, app, name, applied) VALUES (128, 'budgets', '0009_budgetitem_budgetallocation_budget_item', 2025-04-15 10:15:13.591019);
INSERT INTO django_migrations (id, app, name, applied) VALUES (129, 'budgets', '0010_budgetitem_budget_period_name', 2025-04-16 04:31:09.983127);
INSERT INTO django_migrations (id, app, name, applied) VALUES (130, 'budgets', '0011_rename_name_budgetitem_fname', 2025-04-16 04:35:10.815585);
INSERT INTO django_migrations (id, app, name, applied) VALUES (131, 'budgets', '0012_remove_budgetitem_fname', 2025-04-16 04:35:10.818069);
INSERT INTO django_migrations (id, app, name, applied) VALUES (132, 'budgets', '0013_budgetitem_fname', 2025-04-16 04:43:22.845057);
INSERT INTO django_migrations (id, app, name, applied) VALUES (133, 'budgets', '0014_alter_budgetitem_fname', 2025-04-16 04:43:22.854219);
INSERT INTO django_migrations (id, app, name, applied) VALUES (134, 'budgets', '0015_rename_fname_budgetitem_name', 2025-04-16 04:59:24.900199);
INSERT INTO django_migrations (id, app, name, applied) VALUES (135, 'budgets', '0016_remove_budgetitem_budget_period_name', 2025-04-16 05:07:58.184832);
INSERT INTO django_migrations (id, app, name, applied) VALUES (136, 'budgets', '0003_budgetitem_create_at', 2025-04-16 08:03:20.183932);
INSERT INTO django_migrations (id, app, name, applied) VALUES (137, 'budgets', '0004_remove_budgetitem_total_amount_and_more', 2025-04-16 10:21:36.995927);
INSERT INTO django_migrations (id, app, name, applied) VALUES (139, 'budgets', '0005_alter_projectbudgetallocation_allocation_date', 2025-04-17 18:09:11.639464);
INSERT INTO django_migrations (id, app, name, applied) VALUES (140, 'budgets', '0006_alter_projectbudgetallocation_allocation_date', 2025-04-17 18:16:17.588685);
INSERT INTO django_migrations (id, app, name, applied) VALUES (141, 'budgets', '0007_projectbudgetallocation_is_active_and_more', 2025-04-18 13:23:35.995667);
INSERT INTO django_migrations (id, app, name, applied) VALUES (142, 'accounts', '0002_alter_customprofile_options', 2025-04-19 10:36:47.697784);
INSERT INTO django_migrations (id, app, name, applied) VALUES (143, 'accounts', '0003_alter_customprofile_options', 2025-04-19 10:36:47.735439);
INSERT INTO django_migrations (id, app, name, applied) VALUES (147, 'budgets', '0003_alter_budgetallocation_options', 2025-04-20 05:25:47.469688);
INSERT INTO django_migrations (id, app, name, applied) VALUES (150, 'budgets', '0004_remove_budgetallocation_remaining_amount', 2025-04-21 08:09:44.731871);
INSERT INTO django_migrations (id, app, name, applied) VALUES (154, 'budgets', '0005_projectbudgetallocation_budgets_pro_project_86d725_idx_and_more', 2025-04-27 12:49:35.772474);
INSERT INTO django_migrations (id, app, name, applied) VALUES (166, 'budgets', '0003_alter_budgettransaction_transaction_type', 2025-05-06 12:05:01.018707);
INSERT INTO django_migrations (id, app, name, applied) VALUES (169, 'budgets', '0004_budgetperiod_is_locked', 2025-05-07 18:23:50.834796);
INSERT INTO django_migrations (id, app, name, applied) VALUES (173, 'budgets', '0003_budgettransferreturn', 2025-05-10 18:08:51.248000);
INSERT INTO django_migrations (id, app, name, applied) VALUES (174, 'budgets', '0003_budgetallocation_is_locked_and_more', 2025-05-12 15:39:00.475830);
INSERT INTO django_migrations (id, app, name, applied) VALUES (175, 'budgets', '0003_budgetallocation_is_locked', 2025-05-12 16:30:47.378916);
INSERT INTO django_migrations (id, app, name, applied) VALUES (176, 'budgets', '0004_alter_budgetallocation_options', 2025-05-13 05:23:07.774645);
INSERT INTO django_migrations (id, app, name, applied) VALUES (177, 'budgets', '0005_alter_systemsettings_tankhah_used_statuses', 2025-05-13 05:26:58.233718);
INSERT INTO django_migrations (id, app, name, applied) VALUES (178, 'budgets', '0006_alter_systemsettings_tankhah_used_statuses', 2025-05-13 05:26:58.283452);
INSERT INTO django_migrations (id, app, name, applied) VALUES (179, 'budgets', '0007_alter_budgetallocation_options', 2025-05-17 07:31:51.232873);
INSERT INTO django_migrations (id, app, name, applied) VALUES (180, 'budgets', '0008_delete_systemsettings', 2025-05-17 09:24:40.533049);
INSERT INTO django_migrations (id, app, name, applied) VALUES (193, 'budgets', '0003_transactiontype_is_active_and_more', 2025-05-21 08:29:17.974647);
INSERT INTO django_migrations (id, app, name, applied) VALUES (194, 'budgets', '0003_budgetperiod_is_locked222', 2025-07-01 07:06:59.584283);
INSERT INTO django_migrations (id, app, name, applied) VALUES (195, 'budgets', '0004_alter_budgetperiod_is_locked222', 2025-07-01 07:07:00.447706);
INSERT INTO django_migrations (id, app, name, applied) VALUES (196, 'budgets', '0005_remove_budgetperiod_is_locked222', 2025-07-01 07:08:26.654836);
INSERT INTO django_migrations (id, app, name, applied) VALUES (197, 'budgets', '0003_budgetallocation_created_atabc', 2025-07-01 09:03:46.907630);
INSERT INTO django_migrations (id, app, name, applied) VALUES (198, 'budgets', '0003_remove_budgetperiod_is_locked', 2025-07-05 21:43:39.819154);
INSERT INTO django_migrations (id, app, name, applied) VALUES (202, 'budgets', '0003_alter_budgetallocation_table', 2025-07-08 11:46:17.407546);
INSERT INTO django_migrations (id, app, name, applied) VALUES (203, 'notificationApp', '0001_initial', 2025-07-12 17:55:35.012462);
INSERT INTO django_migrations (id, app, name, applied) VALUES (223, 'budgets', '0003_alter_budgettransaction_transaction_id', 2025-07-24 16:28:23.060878);
INSERT INTO django_migrations (id, app, name, applied) VALUES (227, 'budgets', '0004_alter_paymentorder_status', 2025-07-24 18:57:50.617872);
INSERT INTO django_migrations (id, app, name, applied) VALUES (231, 'budgets', '0003_alter_budgethistory_transaction_id', 2025-07-26 06:17:14.095653);
INSERT INTO django_migrations (id, app, name, applied) VALUES (239, 'notificationApp', '0002_notification', 2025-08-03 04:10:06.763069);
INSERT INTO django_migrations (id, app, name, applied) VALUES (240, 'notificationApp', '0003_alter_notification_priority', 2025-08-03 04:11:10.147221);
INSERT INTO django_migrations (id, app, name, applied) VALUES (241, 'budgets', '0003_alter_paymentorder_status', 2025-08-03 08:45:36.955959);
INSERT INTO django_migrations (id, app, name, applied) VALUES (248, 'budgets', '0005_alter_paymentorder_status', 2025-08-04 18:43:23.826954);
INSERT INTO django_migrations (id, app, name, applied) VALUES (251, 'budgets', '0006_alter_paymentorder_status', 2025-08-04 18:49:27.639962);
INSERT INTO django_migrations (id, app, name, applied) VALUES (258, 'core', '0001_initial', 2025-08-06 20:13:08.647370);
INSERT INTO django_migrations (id, app, name, applied) VALUES (259, 'core', '0002_transition_allowed_posts', 2025-08-06 22:13:46.045516);
INSERT INTO django_migrations (id, app, name, applied) VALUES (260, 'core', '0003_alter_transition_unique_together', 2025-08-06 22:21:10.637924);
INSERT INTO django_migrations (id, app, name, applied) VALUES (261, 'core', '0004_alter_transition_unique_together', 2025-08-06 22:22:48.419833);
INSERT INTO django_migrations (id, app, name, applied) VALUES (262, 'core', '0005_delete_permission', 2025-08-07 07:55:36.490518);
INSERT INTO django_migrations (id, app, name, applied) VALUES (265, 'tankhah', '0001_initial', 2025-08-08 17:56:47.081177);
INSERT INTO django_migrations (id, app, name, applied) VALUES (266, 'tankhah', '0002_alter_tankhah_current_stage_alter_tankhah_status', 2025-08-09 08:45:35.649683);
INSERT INTO django_migrations (id, app, name, applied) VALUES (267, 'tankhah', '0003_alter_approvallog_stage_alter_approvallog_stage_rule_and_more', 2025-08-09 08:56:46.123765);
INSERT INTO django_migrations (id, app, name, applied) VALUES (268, 'tankhah', '0002_alter_approvallog_from_status_and_more', 2025-09-02 10:01:05.369176);
INSERT INTO django_migrations (id, app, name, applied) VALUES (269, 'tankhah', '0003_approvallog_created_by', 2025-09-02 10:17:50.242439);
INSERT INTO django_migrations (id, app, name, applied) VALUES (270, 'tankhah', '0004_alter_approvallog_action', 2025-09-02 10:48:15.583923);
INSERT INTO django_migrations (id, app, name, applied) VALUES (271, 'tankhah', '0005_alter_approvallog_action', 2025-09-02 10:54:02.894974);
INSERT INTO django_migrations (id, app, name, applied) VALUES (272, 'tankhah', '0002_approvallog_seen_by_higher', 2025-09-04 08:01:27.504041);
INSERT INTO django_migrations (id, app, name, applied) VALUES (273, 'accounts', '0002_role_created_at', 2025-09-10 20:31:19.356382);
INSERT INTO django_migrations (id, app, name, applied) VALUES (274, 'tankhah', '0002_alter_factorhistory_options_and_more', 2025-09-10 20:31:19.359916);
INSERT INTO django_migrations (id, app, name, applied) VALUES (275, 'accounts', '0002_alter_customusergroup_options', 2025-09-10 23:38:12.747383);
INSERT INTO django_migrations (id, app, name, applied) VALUES (276, 'core', '0002_alter_postaction_options', 2025-09-10 23:38:12.766126);
INSERT INTO django_migrations (id, app, name, applied) VALUES (277, 'tankhah', '0002_alter_factor_options', 2025-09-10 23:38:12.793575);
INSERT INTO django_migrations (id, app, name, applied) VALUES (278, 'accounts', '0003_alter_customusergroup_options', 2025-09-11 15:04:59.907517);
INSERT INTO django_migrations (id, app, name, applied) VALUES (279, 'budgets', '0003_initial', 2025-09-14 17:43:32.023756);
INSERT INTO django_migrations (id, app, name, applied) VALUES (280, 'budgets', '0004_paymentorder_budgets_pay_status__7a985f_idx_and_more', 2025-09-16 07:50:18.583651);
INSERT INTO django_migrations (id, app, name, applied) VALUES (281, 'core', '0002_action_updated_at_status_updated_at_and_more', 2025-09-16 07:50:19.015147);
INSERT INTO django_migrations (id, app, name, applied) VALUES (282, 'tankhah', '0002_add_is_active_to_approval_log', 2025-09-18 17:22:25.489776);
INSERT INTO django_migrations (id, app, name, applied) VALUES (283, 'core', '0002_workflow_management_models', 2025-09-19 17:09:44.851582);
INSERT INTO django_migrations (id, app, name, applied) VALUES (284, 'core', '0003_merge_20250919_2039', 2025-09-19 17:09:44.853716);
INSERT INTO django_migrations (id, app, name, applied) VALUES (285, 'core', '0004_alter_postruleassignment_options_and_more', 2025-09-19 17:51:33.944955);
INSERT INTO django_migrations (id, app, name, applied) VALUES (286, 'core', '0005_auto_20250919_2120', 2025-09-19 17:52:13.838393);
INSERT INTO django_migrations (id, app, name, applied) VALUES (287, 'core', '0006_alter_postruleassignment_options_and_more', 2025-09-19 18:59:41.612010);
INSERT INTO django_migrations (id, app, name, applied) VALUES (288, 'core', '0007_auto_20250919_2249', 2025-09-19 19:20:17.840139);
INSERT INTO django_migrations (id, app, name, applied) VALUES (289, 'accounts', '0002_auto_20250919_2311', 2025-09-19 19:41:43.286208);
INSERT INTO django_migrations (id, app, name, applied) VALUES (290, 'core', '0008_add_organization_to_postruleassignment', 2025-09-20 05:04:08.725731);
INSERT INTO django_migrations (id, app, name, applied) VALUES (292, 'accounts', '0003_alter_auditlog_options_remove_auditlog_user_agent_and_more', 2025-09-20 08:23:26.608539);
INSERT INTO django_migrations (id, app, name, applied) VALUES (293, 'version_tracker', '0001_initial', 2025-09-20 08:23:43.425831);
INSERT INTO django_migrations (id, app, name, applied) VALUES (294, 'notificationApp', '0002_alter_notification_entity_type_and_more', 2025-09-20 09:56:55.625995);

-- Table: django_session
CREATE TABLE `django_session` (
  `session_key` varchar(40) CHARACTER SET utf8mb4 COLLATE utf8mb4_0900_ai_ci NOT NULL,
  `session_data` longtext CHARACTER SET utf8mb4 COLLATE utf8mb4_0900_ai_ci NOT NULL,
  `expire_date` datetime(6) NOT NULL,
  PRIMARY KEY (`session_key`) USING BTREE,
  KEY `django_session_expire_date_a5c62663` (`expire_date`) USING BTREE
) ENGINE=InnoDB DEFAULT CHARSET=utf8mb4 COLLATE=utf8mb4_0900_ai_ci ROW_FORMAT=DYNAMIC;

INSERT INTO django_session (session_key, session_data, expire_date) VALUES ('e403gcd5onyr722n4qhbm8kcujyq82ed', '.eJxVjDsOwyAQRO9CHSGz5psyvc-AFliCkwgkY1dR7h5bcpFIU817M2_mcVuL3zotfk7syoBdfruA8Un1AOmB9d54bHVd5sAPhZ-086klet1O9--gYC_7WgeIKkrlchgN2NGSIRAia5UzWodJ7yEZnXGgtIQAEMSgEd0QjSbBPl_h9Deu:1uzuwl:HVts9wwGNGicroS_9MwGSMGhrvGxjDSIYk5BEqJHZcA', 2025-09-20 11:01:03.871841);

-- Table: notificationapp_backuplog
CREATE TABLE `notificationapp_backuplog` (
  `id` bigint NOT NULL AUTO_INCREMENT,
  `status` varchar(20) NOT NULL,
  `started_at` datetime(6) NOT NULL,
  `finished_at` datetime(6) DEFAULT NULL,
  `duration` bigint DEFAULT NULL,
  `file_size` bigint DEFAULT NULL,
  `file_path` varchar(500) DEFAULT NULL,
  `error_message` longtext,
  `details` json NOT NULL,
  `schedule_id` bigint NOT NULL,
  PRIMARY KEY (`id`),
  KEY `notificationApp_back_schedule_id_90087260_fk_notificat` (`schedule_id`),
  CONSTRAINT `notificationApp_back_schedule_id_90087260_fk_notificat` FOREIGN KEY (`schedule_id`) REFERENCES `notificationapp_backupschedule` (`id`)
) ENGINE=InnoDB AUTO_INCREMENT=2 DEFAULT CHARSET=utf8mb4 COLLATE=utf8mb4_0900_ai_ci;

INSERT INTO notificationapp_backuplog (id, status, started_at, finished_at, duration, file_size, file_path, error_message, details, schedule_id) VALUES (1, 'STARTED', 2025-09-20 10:36:07.024734, NULL, NULL, NULL, NULL, NULL, '{}', 3);

-- Table: notificationapp_backupschedule
CREATE TABLE `notificationapp_backupschedule` (
  `id` bigint NOT NULL AUTO_INCREMENT,
  `name` varchar(100) NOT NULL,
  `description` longtext,
  `frequency` varchar(20) NOT NULL,
  `custom_cron` varchar(100) DEFAULT NULL,
  `database` varchar(10) NOT NULL,
  `format_type` varchar(10) NOT NULL,
  `encrypt` tinyint(1) NOT NULL,
  `password` varchar(255) DEFAULT NULL,
  `is_active` tinyint(1) NOT NULL,
  `created_at` datetime(6) NOT NULL,
  `last_run` datetime(6) DEFAULT NULL,
  `next_run` datetime(6) DEFAULT NULL,
  `notify_on_success` tinyint(1) NOT NULL,
  `notify_on_failure` tinyint(1) NOT NULL,
  `created_by_id` bigint NOT NULL,
  PRIMARY KEY (`id`),
  KEY `notificationApp_back_created_by_id_5e101a27_fk_accounts_` (`created_by_id`),
  CONSTRAINT `notificationApp_back_created_by_id_5e101a27_fk_accounts_` FOREIGN KEY (`created_by_id`) REFERENCES `accounts_customuser` (`id`)
) ENGINE=InnoDB AUTO_INCREMENT=4 DEFAULT CHARSET=utf8mb4 COLLATE=utf8mb4_0900_ai_ci;

INSERT INTO notificationapp_backupschedule (id, name, description, frequency, custom_cron, database, format_type, encrypt, password, is_active, created_at, last_run, next_run, notify_on_success, notify_on_failure, created_by_id) VALUES (1, ' ', ' ', 'DAILY', NULL, 'MAIN', 'SQL', 0, NULL, 1, 2025-09-20 10:01:17.556644, NULL, 2025-09-21 10:01:17.560059, 1, 1, 2);
INSERT INTO notificationapp_backupschedule (id, name, description, frequency, custom_cron, database, format_type, encrypt, password, is_active, created_at, last_run, next_run, notify_on_success, notify_on_failure, created_by_id) VALUES (2, ' ', '      ', 'DAILY', NULL, 'BOTH', 'JSON', 0, NULL, 1, 2025-09-20 10:04:08.628169, NULL, NULL, 1, 1, 2);
INSERT INTO notificationapp_backupschedule (id, name, description, frequency, custom_cron, database, format_type, encrypt, password, is_active, created_at, last_run, next_run, notify_on_success, notify_on_failure, created_by_id) VALUES (3, '', '  ', 'MONTHLY', '0 0 1 * *', 'MAIN', 'SQL', 0, 'S@s2236324', 1, 2025-09-20 10:27:41.442318, NULL, 2025-10-20 10:36:03.679580, 1, 1, 2);

-- Table: notificationapp_backupschedule_notify_recipients
CREATE TABLE `notificationapp_backupschedule_notify_recipients` (
  `id` int NOT NULL AUTO_INCREMENT,
  `backupschedule_id` bigint NOT NULL,
  `customuser_id` bigint NOT NULL,
  PRIMARY KEY (`id`),
  UNIQUE KEY `notificationApp_backupsc_backupschedule_id_custom_48ac7dda_uniq` (`backupschedule_id`,`customuser_id`),
  KEY `notificationApp_back_customuser_id_0dea04f9_fk_accounts_` (`customuser_id`),
  CONSTRAINT `notificationApp_back_backupschedule_id_4390550e_fk_notificat` FOREIGN KEY (`backupschedule_id`) REFERENCES `notificationapp_backupschedule` (`id`),
  CONSTRAINT `notificationApp_back_customuser_id_0dea04f9_fk_accounts_` FOREIGN KEY (`customuser_id`) REFERENCES `accounts_customuser` (`id`)
) ENGINE=InnoDB AUTO_INCREMENT=4 DEFAULT CHARSET=utf8mb4 COLLATE=utf8mb4_0900_ai_ci;

INSERT INTO notificationapp_backupschedule_notify_recipients (id, backupschedule_id, customuser_id) VALUES (1, 1, 2);
INSERT INTO notificationapp_backupschedule_notify_recipients (id, backupschedule_id, customuser_id) VALUES (2, 2, 2);
INSERT INTO notificationapp_backupschedule_notify_recipients (id, backupschedule_id, customuser_id) VALUES (3, 3, 2);

-- Table: notificationapp_notification
CREATE TABLE `notificationapp_notification` (
  `id` bigint NOT NULL AUTO_INCREMENT,
  `verb` varchar(100) NOT NULL,
  `description` longtext,
  `unread` tinyint(1) NOT NULL,
  `deleted` tinyint(1) NOT NULL,
  `timestamp` datetime(6) NOT NULL,
  `priority` varchar(20) NOT NULL,
  `entity_type` varchar(50) NOT NULL,
  `target_object_id` int unsigned DEFAULT NULL,
  `actor_id` bigint DEFAULT NULL,
  `recipient_id` bigint NOT NULL,
  `target_content_type_id` int DEFAULT NULL,
  PRIMARY KEY (`id`),
  KEY `notificationApp_noti_actor_id_b13c13c5_fk_accounts_` (`actor_id`),
  KEY `notificationApp_noti_recipient_id_5f46c8a3_fk_accounts_` (`recipient_id`),
  KEY `notificationApp_noti_target_content_type__c3ec6fd6_fk_django_co` (`target_content_type_id`),
  CONSTRAINT `notificationApp_noti_actor_id_b13c13c5_fk_accounts_` FOREIGN KEY (`actor_id`) REFERENCES `accounts_customuser` (`id`),
  CONSTRAINT `notificationApp_noti_recipient_id_5f46c8a3_fk_accounts_` FOREIGN KEY (`recipient_id`) REFERENCES `accounts_customuser` (`id`),
  CONSTRAINT `notificationApp_noti_target_content_type__c3ec6fd6_fk_django_co` FOREIGN KEY (`target_content_type_id`) REFERENCES `django_content_type` (`id`),
  CONSTRAINT `notificationapp_notification_chk_1` CHECK ((`target_object_id` >= 0))
) ENGINE=InnoDB AUTO_INCREMENT=2 DEFAULT CHARSET=utf8mb4 COLLATE=utf8mb4_0900_ai_ci;

INSERT INTO notificationapp_notification (id, verb, description, unread, deleted, timestamp, priority, entity_type, target_object_id, actor_id, recipient_id, target_content_type_id) VALUES (1, 'STARTED', ' ''''  ', 1, 0, 2025-09-20 10:36:07.085850, 'MEDIUM', 'BACKUP', 3, NULL, 2, 86);

-- Table: notificationapp_notificationrule
CREATE TABLE `notificationapp_notificationrule` (
  `id` bigint NOT NULL AUTO_INCREMENT,
  `entity_type` varchar(50) NOT NULL,
  `action` varchar(50) NOT NULL,
  `priority` varchar(20) NOT NULL,
  `channel` varchar(50) NOT NULL,
  `is_active` tinyint(1) NOT NULL,
  PRIMARY KEY (`id`)
) ENGINE=InnoDB AUTO_INCREMENT=9 DEFAULT CHARSET=utf8mb4 COLLATE=utf8mb4_0900_ai_ci;

INSERT INTO notificationapp_notificationrule (id, entity_type, action, priority, channel, is_active) VALUES (1, 'FACTOR', 'CREATED', 'LOW', 'IN_APP', 1);
INSERT INTO notificationapp_notificationrule (id, entity_type, action, priority, channel, is_active) VALUES (2, 'FACTOR', 'APPROVED', 'MEDIUM', 'IN_APP', 1);
INSERT INTO notificationapp_notificationrule (id, entity_type, action, priority, channel, is_active) VALUES (3, 'FACTOR', 'REJECTED', 'MEDIUM', 'IN_APP', 1);
INSERT INTO notificationapp_notificationrule (id, entity_type, action, priority, channel, is_active) VALUES (4, 'FACTOR', 'PAID', 'HIGH', 'IN_APP', 1);
INSERT INTO notificationapp_notificationrule (id, entity_type, action, priority, channel, is_active) VALUES (5, 'FACTOR', 'APPROVED', 'MEDIUM', 'IN_APP', 1);
INSERT INTO notificationapp_notificationrule (id, entity_type, action, priority, channel, is_active) VALUES (6, 'BACKUP', 'STARTED', 'MEDIUM', 'IN_APP', 1);
INSERT INTO notificationapp_notificationrule (id, entity_type, action, priority, channel, is_active) VALUES (7, 'BACKUP', 'COMPLETED', 'LOW', 'IN_APP', 1);
INSERT INTO notificationapp_notificationrule (id, entity_type, action, priority, channel, is_active) VALUES (8, 'BACKUP', 'FAILED', 'HIGH', 'EMAIL', 1);

-- Table: notificationapp_notificationrule_recipients
CREATE TABLE `notificationapp_notificationrule_recipients` (
  `id` int NOT NULL AUTO_INCREMENT,
  `notificationrule_id` bigint NOT NULL,
  `post_id` bigint NOT NULL,
  PRIMARY KEY (`id`),
  UNIQUE KEY `notificationApp_notifica_notificationrule_id_post_ee1e8aa8_uniq` (`notificationrule_id`,`post_id`),
  KEY `notificationApp_noti_post_id_6348887d_fk_core_post` (`post_id`),
  CONSTRAINT `notificationApp_noti_notificationrule_id_fe2eb4af_fk_notificat` FOREIGN KEY (`notificationrule_id`) REFERENCES `notificationapp_notificationrule` (`id`),
  CONSTRAINT `notificationApp_noti_post_id_6348887d_fk_core_post` FOREIGN KEY (`post_id`) REFERENCES `core_post` (`id`)
) ENGINE=InnoDB AUTO_INCREMENT=19 DEFAULT CHARSET=utf8mb4 COLLATE=utf8mb4_0900_ai_ci;

INSERT INTO notificationapp_notificationrule_recipients (id, notificationrule_id, post_id) VALUES (1, 1, 6);
INSERT INTO notificationapp_notificationrule_recipients (id, notificationrule_id, post_id) VALUES (2, 2, 5);
INSERT INTO notificationapp_notificationrule_recipients (id, notificationrule_id, post_id) VALUES (3, 3, 5);
INSERT INTO notificationapp_notificationrule_recipients (id, notificationrule_id, post_id) VALUES (4, 4, 1);
INSERT INTO notificationapp_notificationrule_recipients (id, notificationrule_id, post_id) VALUES (5, 4, 18);
INSERT INTO notificationapp_notificationrule_recipients (id, notificationrule_id, post_id) VALUES (6, 4, 19);
INSERT INTO notificationapp_notificationrule_recipients (id, notificationrule_id, post_id) VALUES (8, 5, 3);
INSERT INTO notificationapp_notificationrule_recipients (id, notificationrule_id, post_id) VALUES (9, 5, 5);
INSERT INTO notificationapp_notificationrule_recipients (id, notificationrule_id, post_id) VALUES (7, 5, 21);
INSERT INTO notificationapp_notificationrule_recipients (id, notificationrule_id, post_id) VALUES (10, 6, 1);
INSERT INTO notificationapp_notificationrule_recipients (id, notificationrule_id, post_id) VALUES (11, 6, 2);
INSERT INTO notificationapp_notificationrule_recipients (id, notificationrule_id, post_id) VALUES (12, 6, 3);
INSERT INTO notificationapp_notificationrule_recipients (id, notificationrule_id, post_id) VALUES (13, 7, 1);
INSERT INTO notificationapp_notificationrule_recipients (id, notificationrule_id, post_id) VALUES (14, 7, 2);
INSERT INTO notificationapp_notificationrule_recipients (id, notificationrule_id, post_id) VALUES (15, 7, 3);
INSERT INTO notificationapp_notificationrule_recipients (id, notificationrule_id, post_id) VALUES (16, 8, 1);
INSERT INTO notificationapp_notificationrule_recipients (id, notificationrule_id, post_id) VALUES (17, 8, 2);
INSERT INTO notificationapp_notificationrule_recipients (id, notificationrule_id, post_id) VALUES (18, 8, 3);

-- Table: notifications_notification
CREATE TABLE `notifications_notification` (
  `id` int NOT NULL AUTO_INCREMENT,
  `level` varchar(20) CHARACTER SET utf8mb4 COLLATE utf8mb4_0900_ai_ci NOT NULL,
  `unread` tinyint(1) NOT NULL,
  `actor_object_id` varchar(255) CHARACTER SET utf8mb4 COLLATE utf8mb4_0900_ai_ci NOT NULL,
  `verb` varchar(255) CHARACTER SET utf8mb4 COLLATE utf8mb4_0900_ai_ci NOT NULL,
  `description` longtext CHARACTER SET utf8mb4 COLLATE utf8mb4_0900_ai_ci,
  `target_object_id` varchar(255) CHARACTER SET utf8mb4 COLLATE utf8mb4_0900_ai_ci DEFAULT NULL,
  `action_object_object_id` varchar(255) CHARACTER SET utf8mb4 COLLATE utf8mb4_0900_ai_ci DEFAULT NULL,
  `timestamp` datetime(6) NOT NULL,
  `public` tinyint(1) NOT NULL,
  `deleted` tinyint(1) NOT NULL,
  `emailed` tinyint(1) NOT NULL,
  `data` longtext CHARACTER SET utf8mb4 COLLATE utf8mb4_0900_ai_ci,
  `action_object_content_type_id` int DEFAULT NULL,
  `actor_content_type_id` int NOT NULL,
  `recipient_id` bigint NOT NULL,
  `target_content_type_id` int DEFAULT NULL,
  PRIMARY KEY (`id`) USING BTREE,
  KEY `notifications_notifi_action_object_conten_7d2b8ee9_fk_django_co` (`action_object_content_type_id`) USING BTREE,
  KEY `notifications_notifi_actor_content_type_i_0c69d7b7_fk_django_co` (`actor_content_type_id`) USING BTREE,
  KEY `notifications_notifi_recipient_id_d055f3f0_fk_accounts_` (`recipient_id`) USING BTREE,
  KEY `notifications_notifi_target_content_type__ccb24d88_fk_django_co` (`target_content_type_id`) USING BTREE,
  KEY `notifications_notification_unread_cce4be30` (`unread`) USING BTREE,
  KEY `notifications_notification_timestamp_6a797bad` (`timestamp`) USING BTREE,
  KEY `notifications_notification_public_1bc30b1c` (`public`) USING BTREE,
  KEY `notifications_notification_deleted_b32b69e6` (`deleted`) USING BTREE,
  KEY `notifications_notification_emailed_23a5ad81` (`emailed`) USING BTREE,
  CONSTRAINT `notifications_notifi_action_object_conten_7d2b8ee9_fk_django_co` FOREIGN KEY (`action_object_content_type_id`) REFERENCES `django_content_type` (`id`) ON DELETE RESTRICT ON UPDATE RESTRICT,
  CONSTRAINT `notifications_notifi_actor_content_type_i_0c69d7b7_fk_django_co` FOREIGN KEY (`actor_content_type_id`) REFERENCES `django_content_type` (`id`) ON DELETE RESTRICT ON UPDATE RESTRICT,
  CONSTRAINT `notifications_notifi_recipient_id_d055f3f0_fk_accounts_` FOREIGN KEY (`recipient_id`) REFERENCES `accounts_customuser` (`id`) ON DELETE RESTRICT ON UPDATE RESTRICT,
  CONSTRAINT `notifications_notifi_target_content_type__ccb24d88_fk_django_co` FOREIGN KEY (`target_content_type_id`) REFERENCES `django_content_type` (`id`) ON DELETE RESTRICT ON UPDATE RESTRICT
) ENGINE=InnoDB AUTO_INCREMENT=73 DEFAULT CHARSET=utf8mb4 COLLATE=utf8mb4_0900_ai_ci ROW_FORMAT=DYNAMIC;

INSERT INTO notifications_notification (id, level, unread, actor_object_id, verb, description, target_object_id, action_object_object_id, timestamp, public, deleted, emailed, data, action_object_content_type_id, actor_content_type_id, recipient_id, target_content_type_id) VALUES (1, 'info', 1, '5', '      ', NULL, '5', NULL, 2025-04-06 09:52:28.395225, 1, 0, 0, NULL, NULL, 39, 12, 31);
INSERT INTO notifications_notification (id, level, unread, actor_object_id, verb, description, target_object_id, action_object_object_id, timestamp, public, deleted, emailed, data, action_object_content_type_id, actor_content_type_id, recipient_id, target_content_type_id) VALUES (2, 'info', 1, '5', '      ', NULL, '5', NULL, 2025-04-06 10:02:02.200301, 1, 0, 0, NULL, NULL, 39, 12, 31);
INSERT INTO notifications_notification (id, level, unread, actor_object_id, verb, description, target_object_id, action_object_object_id, timestamp, public, deleted, emailed, data, action_object_content_type_id, actor_content_type_id, recipient_id, target_content_type_id) VALUES (3, 'info', 0, '5', '    ', NULL, NULL, NULL, 2025-04-06 10:39:39.444914, 1, 0, 0, NULL, NULL, 39, 3, 31);
INSERT INTO notifications_notification (id, level, unread, actor_object_id, verb, description, target_object_id, action_object_object_id, timestamp, public, deleted, emailed, data, action_object_content_type_id, actor_content_type_id, recipient_id, target_content_type_id) VALUES (4, 'info', 0, '4', '      ', NULL, '7', NULL, 2025-04-06 11:39:01.892171, 1, 0, 0, NULL, NULL, 39, 6, 31);
INSERT INTO notifications_notification (id, level, unread, actor_object_id, verb, description, target_object_id, action_object_object_id, timestamp, public, deleted, emailed, data, action_object_content_type_id, actor_content_type_id, recipient_id, target_content_type_id) VALUES (5, 'info', 1, '4', '      ', NULL, '7', NULL, 2025-04-06 11:39:01.892171, 1, 0, 0, NULL, NULL, 39, 7, 31);
INSERT INTO notifications_notification (id, level, unread, actor_object_id, verb, description, target_object_id, action_object_object_id, timestamp, public, deleted, emailed, data, action_object_content_type_id, actor_content_type_id, recipient_id, target_content_type_id) VALUES (6, 'info', 1, '4', '      ', NULL, '7', NULL, 2025-04-06 11:39:01.892171, 1, 0, 0, NULL, NULL, 39, 5, 31);
INSERT INTO notifications_notification (id, level, unread, actor_object_id, verb, description, target_object_id, action_object_object_id, timestamp, public, deleted, emailed, data, action_object_content_type_id, actor_content_type_id, recipient_id, target_content_type_id) VALUES (7, 'info', 1, '4', '      ', NULL, '7', NULL, 2025-04-06 11:39:01.892171, 1, 0, 0, NULL, NULL, 39, 12, 31);
INSERT INTO notifications_notification (id, level, unread, actor_object_id, verb, description, target_object_id, action_object_object_id, timestamp, public, deleted, emailed, data, action_object_content_type_id, actor_content_type_id, recipient_id, target_content_type_id) VALUES (8, 'info', 1, '5', '    ', NULL, NULL, NULL, 2025-04-06 11:51:20.181171, 1, 0, 0, NULL, NULL, 39, 12, 31);
INSERT INTO notifications_notification (id, level, unread, actor_object_id, verb, description, target_object_id, action_object_object_id, timestamp, public, deleted, emailed, data, action_object_content_type_id, actor_content_type_id, recipient_id, target_content_type_id) VALUES (9, 'info', 1, '5', '    ', NULL, NULL, NULL, 2025-04-06 11:51:20.181171, 1, 0, 0, NULL, NULL, 39, 5, 31);
INSERT INTO notifications_notification (id, level, unread, actor_object_id, verb, description, target_object_id, action_object_object_id, timestamp, public, deleted, emailed, data, action_object_content_type_id, actor_content_type_id, recipient_id, target_content_type_id) VALUES (10, 'info', 0, '5', '    ', NULL, NULL, NULL, 2025-04-06 11:51:20.181171, 1, 0, 0, NULL, NULL, 39, 3, 31);
INSERT INTO notifications_notification (id, level, unread, actor_object_id, verb, description, target_object_id, action_object_object_id, timestamp, public, deleted, emailed, data, action_object_content_type_id, actor_content_type_id, recipient_id, target_content_type_id) VALUES (11, 'info', 1, '5', '    ', NULL, NULL, NULL, 2025-04-06 11:51:45.031596, 1, 0, 0, NULL, NULL, 39, 12, 31);
INSERT INTO notifications_notification (id, level, unread, actor_object_id, verb, description, target_object_id, action_object_object_id, timestamp, public, deleted, emailed, data, action_object_content_type_id, actor_content_type_id, recipient_id, target_content_type_id) VALUES (12, 'info', 1, '5', '    ', NULL, NULL, NULL, 2025-04-06 11:51:45.031596, 1, 0, 0, NULL, NULL, 39, 5, 31);
INSERT INTO notifications_notification (id, level, unread, actor_object_id, verb, description, target_object_id, action_object_object_id, timestamp, public, deleted, emailed, data, action_object_content_type_id, actor_content_type_id, recipient_id, target_content_type_id) VALUES (13, 'info', 0, '5', '    ', NULL, NULL, NULL, 2025-04-06 11:51:45.031596, 1, 0, 0, NULL, NULL, 39, 3, 31);
INSERT INTO notifications_notification (id, level, unread, actor_object_id, verb, description, target_object_id, action_object_object_id, timestamp, public, deleted, emailed, data, action_object_content_type_id, actor_content_type_id, recipient_id, target_content_type_id) VALUES (14, 'info', 1, '5', '    ', NULL, NULL, NULL, 2025-04-06 11:52:03.171642, 1, 0, 0, NULL, NULL, 39, 12, 31);
INSERT INTO notifications_notification (id, level, unread, actor_object_id, verb, description, target_object_id, action_object_object_id, timestamp, public, deleted, emailed, data, action_object_content_type_id, actor_content_type_id, recipient_id, target_content_type_id) VALUES (15, 'info', 1, '5', '    ', NULL, NULL, NULL, 2025-04-06 11:52:03.171642, 1, 0, 0, NULL, NULL, 39, 5, 31);
INSERT INTO notifications_notification (id, level, unread, actor_object_id, verb, description, target_object_id, action_object_object_id, timestamp, public, deleted, emailed, data, action_object_content_type_id, actor_content_type_id, recipient_id, target_content_type_id) VALUES (16, 'info', 0, '5', '    ', NULL, NULL, NULL, 2025-04-06 11:52:03.171642, 1, 0, 0, NULL, NULL, 39, 3, 31);
INSERT INTO notifications_notification (id, level, unread, actor_object_id, verb, description, target_object_id, action_object_object_id, timestamp, public, deleted, emailed, data, action_object_content_type_id, actor_content_type_id, recipient_id, target_content_type_id) VALUES (17, 'info', 1, '5', '    ', NULL, NULL, NULL, 2025-04-07 05:58:47.456801, 1, 0, 0, NULL, NULL, 39, 5, 31);
INSERT INTO notifications_notification (id, level, unread, actor_object_id, verb, description, target_object_id, action_object_object_id, timestamp, public, deleted, emailed, data, action_object_content_type_id, actor_content_type_id, recipient_id, target_content_type_id) VALUES (18, 'info', 0, '5', '    ', NULL, NULL, NULL, 2025-04-07 05:58:47.456801, 1, 0, 0, NULL, NULL, 39, 3, 31);
INSERT INTO notifications_notification (id, level, unread, actor_object_id, verb, description, target_object_id, action_object_object_id, timestamp, public, deleted, emailed, data, action_object_content_type_id, actor_content_type_id, recipient_id, target_content_type_id) VALUES (19, 'info', 1, '5', '    ', NULL, NULL, NULL, 2025-04-07 05:58:47.456801, 1, 0, 0, NULL, NULL, 39, 12, 31);
INSERT INTO notifications_notification (id, level, unread, actor_object_id, verb, description, target_object_id, action_object_object_id, timestamp, public, deleted, emailed, data, action_object_content_type_id, actor_content_type_id, recipient_id, target_content_type_id) VALUES (20, 'info', 1, '5', '    ', NULL, NULL, NULL, 2025-04-07 05:58:49.004688, 1, 0, 0, NULL, NULL, 39, 5, 31);
INSERT INTO notifications_notification (id, level, unread, actor_object_id, verb, description, target_object_id, action_object_object_id, timestamp, public, deleted, emailed, data, action_object_content_type_id, actor_content_type_id, recipient_id, target_content_type_id) VALUES (21, 'info', 0, '5', '    ', NULL, NULL, NULL, 2025-04-07 05:58:49.004688, 1, 0, 0, NULL, NULL, 39, 3, 31);
INSERT INTO notifications_notification (id, level, unread, actor_object_id, verb, description, target_object_id, action_object_object_id, timestamp, public, deleted, emailed, data, action_object_content_type_id, actor_content_type_id, recipient_id, target_content_type_id) VALUES (22, 'info', 1, '5', '    ', NULL, NULL, NULL, 2025-04-07 05:58:49.004688, 1, 0, 0, NULL, NULL, 39, 12, 31);
INSERT INTO notifications_notification (id, level, unread, actor_object_id, verb, description, target_object_id, action_object_object_id, timestamp, public, deleted, emailed, data, action_object_content_type_id, actor_content_type_id, recipient_id, target_content_type_id) VALUES (23, 'info', 1, '5', '    ', NULL, NULL, NULL, 2025-04-08 06:00:30.052859, 1, 0, 0, NULL, NULL, 39, 5, 31);
INSERT INTO notifications_notification (id, level, unread, actor_object_id, verb, description, target_object_id, action_object_object_id, timestamp, public, deleted, emailed, data, action_object_content_type_id, actor_content_type_id, recipient_id, target_content_type_id) VALUES (24, 'info', 0, '5', '    ', NULL, NULL, NULL, 2025-04-08 06:00:30.052859, 1, 0, 0, NULL, NULL, 39, 3, 31);
INSERT INTO notifications_notification (id, level, unread, actor_object_id, verb, description, target_object_id, action_object_object_id, timestamp, public, deleted, emailed, data, action_object_content_type_id, actor_content_type_id, recipient_id, target_content_type_id) VALUES (25, 'info', 1, '5', '    ', NULL, NULL, NULL, 2025-04-08 06:00:30.052859, 1, 0, 0, NULL, NULL, 39, 12, 31);
INSERT INTO notifications_notification (id, level, unread, actor_object_id, verb, description, target_object_id, action_object_object_id, timestamp, public, deleted, emailed, data, action_object_content_type_id, actor_content_type_id, recipient_id, target_content_type_id) VALUES (26, 'info', 1, '13', '    ', NULL, '14', NULL, 2025-04-27 12:49:54.620717, 1, 0, 0, NULL, NULL, 39, 12, 31);
INSERT INTO notifications_notification (id, level, unread, actor_object_id, verb, description, target_object_id, action_object_object_id, timestamp, public, deleted, emailed, data, action_object_content_type_id, actor_content_type_id, recipient_id, target_content_type_id) VALUES (27, 'info', 1, '13', '    ', NULL, '14', NULL, 2025-04-27 12:49:54.620717, 1, 0, 0, NULL, NULL, 39, 5, 31);
INSERT INTO notifications_notification (id, level, unread, actor_object_id, verb, description, target_object_id, action_object_object_id, timestamp, public, deleted, emailed, data, action_object_content_type_id, actor_content_type_id, recipient_id, target_content_type_id) VALUES (28, 'info', 0, '13', '    ', NULL, '14', NULL, 2025-04-27 12:49:54.620717, 1, 0, 0, NULL, NULL, 39, 3, 31);
INSERT INTO notifications_notification (id, level, unread, actor_object_id, verb, description, target_object_id, action_object_object_id, timestamp, public, deleted, emailed, data, action_object_content_type_id, actor_content_type_id, recipient_id, target_content_type_id) VALUES (29, 'info', 1, '13', '    ', NULL, '15', NULL, 2025-04-27 17:03:53.177389, 1, 0, 0, NULL, NULL, 39, 12, 31);
INSERT INTO notifications_notification (id, level, unread, actor_object_id, verb, description, target_object_id, action_object_object_id, timestamp, public, deleted, emailed, data, action_object_content_type_id, actor_content_type_id, recipient_id, target_content_type_id) VALUES (30, 'info', 1, '13', '    ', NULL, '15', NULL, 2025-04-27 17:03:53.177389, 1, 0, 0, NULL, NULL, 39, 5, 31);
INSERT INTO notifications_notification (id, level, unread, actor_object_id, verb, description, target_object_id, action_object_object_id, timestamp, public, deleted, emailed, data, action_object_content_type_id, actor_content_type_id, recipient_id, target_content_type_id) VALUES (31, 'info', 0, '13', '    ', NULL, '15', NULL, 2025-04-27 17:03:53.177389, 1, 0, 0, NULL, NULL, 39, 3, 31);
INSERT INTO notifications_notification (id, level, unread, actor_object_id, verb, description, target_object_id, action_object_object_id, timestamp, public, deleted, emailed, data, action_object_content_type_id, actor_content_type_id, recipient_id, target_content_type_id) VALUES (32, 'info', 0, '2', '    ', '    .', NULL, NULL, 2025-05-08 15:44:23.105685, 1, 0, 0, NULL, NULL, 39, 2, NULL);
INSERT INTO notifications_notification (id, level, unread, actor_object_id, verb, description, target_object_id, action_object_object_id, timestamp, public, deleted, emailed, data, action_object_content_type_id, actor_content_type_id, recipient_id, target_content_type_id) VALUES (33, 'info', 0, '2', '    ', '    .', NULL, NULL, 2025-05-08 15:49:08.324397, 1, 0, 0, NULL, NULL, 39, 2, NULL);
INSERT INTO notifications_notification (id, level, unread, actor_object_id, verb, description, target_object_id, action_object_object_id, timestamp, public, deleted, emailed, data, action_object_content_type_id, actor_content_type_id, recipient_id, target_content_type_id) VALUES (34, 'info', 0, '2', '    ', '    .', NULL, NULL, 2025-05-08 15:49:09.613598, 1, 0, 0, NULL, NULL, 39, 2, NULL);
INSERT INTO notifications_notification (id, level, unread, actor_object_id, verb, description, target_object_id, action_object_object_id, timestamp, public, deleted, emailed, data, action_object_content_type_id, actor_content_type_id, recipient_id, target_content_type_id) VALUES (35, 'info', 0, '2', '    ', '    .', NULL, NULL, 2025-05-08 15:49:10.328848, 1, 0, 0, NULL, NULL, 39, 2, NULL);
INSERT INTO notifications_notification (id, level, unread, actor_object_id, verb, description, target_object_id, action_object_object_id, timestamp, public, deleted, emailed, data, action_object_content_type_id, actor_content_type_id, recipient_id, target_content_type_id) VALUES (36, 'info', 0, '2', '    ', '    .', NULL, NULL, 2025-05-08 15:49:10.947518, 1, 0, 0, NULL, NULL, 39, 2, NULL);
INSERT INTO notifications_notification (id, level, unread, actor_object_id, verb, description, target_object_id, action_object_object_id, timestamp, public, deleted, emailed, data, action_object_content_type_id, actor_content_type_id, recipient_id, target_content_type_id) VALUES (37, 'info', 0, '2', '    ', '    .', NULL, NULL, 2025-05-08 15:49:11.494292, 1, 0, 0, NULL, NULL, 39, 2, NULL);
INSERT INTO notifications_notification (id, level, unread, actor_object_id, verb, description, target_object_id, action_object_object_id, timestamp, public, deleted, emailed, data, action_object_content_type_id, actor_content_type_id, recipient_id, target_content_type_id) VALUES (38, 'info', 0, '2', '    ', '    .', NULL, NULL, 2025-05-08 15:49:12.001793, 1, 0, 0, NULL, NULL, 39, 2, NULL);
INSERT INTO notifications_notification (id, level, unread, actor_object_id, verb, description, target_object_id, action_object_object_id, timestamp, public, deleted, emailed, data, action_object_content_type_id, actor_content_type_id, recipient_id, target_content_type_id) VALUES (39, 'info', 0, '2', '    ', '    .', NULL, NULL, 2025-05-08 15:49:12.519683, 1, 0, 0, NULL, NULL, 39, 2, NULL);
INSERT INTO notifications_notification (id, level, unread, actor_object_id, verb, description, target_object_id, action_object_object_id, timestamp, public, deleted, emailed, data, action_object_content_type_id, actor_content_type_id, recipient_id, target_content_type_id) VALUES (40, 'info', 0, '2', '    ', '    .', NULL, NULL, 2025-05-08 16:28:01.472192, 1, 0, 0, NULL, NULL, 39, 2, NULL);
INSERT INTO notifications_notification (id, level, unread, actor_object_id, verb, description, target_object_id, action_object_object_id, timestamp, public, deleted, emailed, data, action_object_content_type_id, actor_content_type_id, recipient_id, target_content_type_id) VALUES (41, 'info', 0, '2', '    ', '    .', NULL, NULL, 2025-05-08 16:28:03.467660, 1, 0, 0, NULL, NULL, 39, 2, NULL);
INSERT INTO notifications_notification (id, level, unread, actor_object_id, verb, description, target_object_id, action_object_object_id, timestamp, public, deleted, emailed, data, action_object_content_type_id, actor_content_type_id, recipient_id, target_content_type_id) VALUES (42, 'info', 0, '2', '    ', '    .', NULL, NULL, 2025-05-08 16:28:04.065735, 1, 0, 0, NULL, NULL, 39, 2, NULL);
INSERT INTO notifications_notification (id, level, unread, actor_object_id, verb, description, target_object_id, action_object_object_id, timestamp, public, deleted, emailed, data, action_object_content_type_id, actor_content_type_id, recipient_id, target_content_type_id) VALUES (43, 'info', 0, '2', '    ', '    .', NULL, NULL, 2025-05-08 16:28:04.429772, 1, 0, 0, NULL, NULL, 39, 2, NULL);
INSERT INTO notifications_notification (id, level, unread, actor_object_id, verb, description, target_object_id, action_object_object_id, timestamp, public, deleted, emailed, data, action_object_content_type_id, actor_content_type_id, recipient_id, target_content_type_id) VALUES (44, 'info', 0, '2', '    ', '    .', NULL, NULL, 2025-05-08 16:28:06.084746, 1, 0, 0, NULL, NULL, 39, 2, NULL);
INSERT INTO notifications_notification (id, level, unread, actor_object_id, verb, description, target_object_id, action_object_object_id, timestamp, public, deleted, emailed, data, action_object_content_type_id, actor_content_type_id, recipient_id, target_content_type_id) VALUES (45, 'info', 0, '2', '    ', '    .', NULL, NULL, 2025-05-08 16:38:33.647455, 1, 0, 0, NULL, NULL, 39, 2, NULL);
INSERT INTO notifications_notification (id, level, unread, actor_object_id, verb, description, target_object_id, action_object_object_id, timestamp, public, deleted, emailed, data, action_object_content_type_id, actor_content_type_id, recipient_id, target_content_type_id) VALUES (46, 'info', 0, '2', '    ', '    .', NULL, NULL, 2025-05-08 16:38:34.282327, 1, 0, 0, NULL, NULL, 39, 2, NULL);
INSERT INTO notifications_notification (id, level, unread, actor_object_id, verb, description, target_object_id, action_object_object_id, timestamp, public, deleted, emailed, data, action_object_content_type_id, actor_content_type_id, recipient_id, target_content_type_id) VALUES (47, 'info', 0, '2', '    ', '    .', NULL, NULL, 2025-05-08 16:38:55.163587, 1, 0, 0, NULL, NULL, 39, 2, NULL);
INSERT INTO notifications_notification (id, level, unread, actor_object_id, verb, description, target_object_id, action_object_object_id, timestamp, public, deleted, emailed, data, action_object_content_type_id, actor_content_type_id, recipient_id, target_content_type_id) VALUES (48, 'info', 0, '2', '    ', '    .', NULL, NULL, 2025-05-08 16:38:56.069112, 1, 0, 0, NULL, NULL, 39, 2, NULL);
INSERT INTO notifications_notification (id, level, unread, actor_object_id, verb, description, target_object_id, action_object_object_id, timestamp, public, deleted, emailed, data, action_object_content_type_id, actor_content_type_id, recipient_id, target_content_type_id) VALUES (49, 'info', 0, '2', '    ', '    .', NULL, NULL, 2025-05-08 16:49:35.440250, 1, 0, 0, NULL, NULL, 39, 2, NULL);
INSERT INTO notifications_notification (id, level, unread, actor_object_id, verb, description, target_object_id, action_object_object_id, timestamp, public, deleted, emailed, data, action_object_content_type_id, actor_content_type_id, recipient_id, target_content_type_id) VALUES (50, 'info', 0, '2', '    ', '    .', NULL, NULL, 2025-05-08 16:49:36.868361, 1, 0, 0, NULL, NULL, 39, 2, NULL);
INSERT INTO notifications_notification (id, level, unread, actor_object_id, verb, description, target_object_id, action_object_object_id, timestamp, public, deleted, emailed, data, action_object_content_type_id, actor_content_type_id, recipient_id, target_content_type_id) VALUES (51, 'info', 0, '2', '    ', '    .', NULL, NULL, 2025-05-08 17:03:11.918686, 1, 0, 0, NULL, NULL, 39, 13, NULL);
INSERT INTO notifications_notification (id, level, unread, actor_object_id, verb, description, target_object_id, action_object_object_id, timestamp, public, deleted, emailed, data, action_object_content_type_id, actor_content_type_id, recipient_id, target_content_type_id) VALUES (52, 'info', 0, '2', '    ', '    .', NULL, NULL, 2025-05-08 17:03:14.462009, 1, 0, 0, NULL, NULL, 39, 13, NULL);
INSERT INTO notifications_notification (id, level, unread, actor_object_id, verb, description, target_object_id, action_object_object_id, timestamp, public, deleted, emailed, data, action_object_content_type_id, actor_content_type_id, recipient_id, target_content_type_id) VALUES (53, 'info', 0, '2', '    ', '    .', NULL, NULL, 2025-05-08 17:03:15.689302, 1, 0, 0, NULL, NULL, 39, 13, NULL);
INSERT INTO notifications_notification (id, level, unread, actor_object_id, verb, description, target_object_id, action_object_object_id, timestamp, public, deleted, emailed, data, action_object_content_type_id, actor_content_type_id, recipient_id, target_content_type_id) VALUES (54, 'info', 0, '2', '    ', '    .', NULL, NULL, 2025-05-08 17:06:16.321894, 1, 0, 0, NULL, NULL, 39, 2, NULL);
INSERT INTO notifications_notification (id, level, unread, actor_object_id, verb, description, target_object_id, action_object_object_id, timestamp, public, deleted, emailed, data, action_object_content_type_id, actor_content_type_id, recipient_id, target_content_type_id) VALUES (55, 'info', 0, '2', '    ', '    .', NULL, NULL, 2025-05-08 17:06:17.389156, 1, 0, 0, NULL, NULL, 39, 2, NULL);
INSERT INTO notifications_notification (id, level, unread, actor_object_id, verb, description, target_object_id, action_object_object_id, timestamp, public, deleted, emailed, data, action_object_content_type_id, actor_content_type_id, recipient_id, target_content_type_id) VALUES (56, 'info', 0, '2', '    ', '    .', NULL, NULL, 2025-05-08 17:06:18.055136, 1, 0, 0, NULL, NULL, 39, 2, NULL);
INSERT INTO notifications_notification (id, level, unread, actor_object_id, verb, description, target_object_id, action_object_object_id, timestamp, public, deleted, emailed, data, action_object_content_type_id, actor_content_type_id, recipient_id, target_content_type_id) VALUES (57, 'info', 0, '2', '    ', '    .', NULL, NULL, 2025-05-08 17:06:18.725769, 1, 0, 0, NULL, NULL, 39, 2, NULL);
INSERT INTO notifications_notification (id, level, unread, actor_object_id, verb, description, target_object_id, action_object_object_id, timestamp, public, deleted, emailed, data, action_object_content_type_id, actor_content_type_id, recipient_id, target_content_type_id) VALUES (58, 'info', 0, '2', '    ', '    .', NULL, NULL, 2025-05-08 17:07:04.585319, 1, 0, 0, NULL, NULL, 39, 13, NULL);
INSERT INTO notifications_notification (id, level, unread, actor_object_id, verb, description, target_object_id, action_object_object_id, timestamp, public, deleted, emailed, data, action_object_content_type_id, actor_content_type_id, recipient_id, target_content_type_id) VALUES (59, 'info', 0, '2', '    ', '    .', NULL, NULL, 2025-05-08 17:07:07.737674, 1, 0, 0, NULL, NULL, 39, 13, NULL);
INSERT INTO notifications_notification (id, level, unread, actor_object_id, verb, description, target_object_id, action_object_object_id, timestamp, public, deleted, emailed, data, action_object_content_type_id, actor_content_type_id, recipient_id, target_content_type_id) VALUES (60, 'info', 0, '2', '    ', '    .', NULL, NULL, 2025-05-08 17:07:09.573202, 1, 0, 0, NULL, NULL, 39, 13, NULL);
INSERT INTO notifications_notification (id, level, unread, actor_object_id, verb, description, target_object_id, action_object_object_id, timestamp, public, deleted, emailed, data, action_object_content_type_id, actor_content_type_id, recipient_id, target_content_type_id) VALUES (61, 'info', 1, '13', '    ', NULL, '16', NULL, 2025-05-15 08:03:59.363088, 1, 0, 0, NULL, NULL, 39, 12, 31);
INSERT INTO notifications_notification (id, level, unread, actor_object_id, verb, description, target_object_id, action_object_object_id, timestamp, public, deleted, emailed, data, action_object_content_type_id, actor_content_type_id, recipient_id, target_content_type_id) VALUES (62, 'info', 1, '13', '    ', NULL, '16', NULL, 2025-05-15 08:03:59.363088, 1, 0, 0, NULL, NULL, 39, 5, 31);
INSERT INTO notifications_notification (id, level, unread, actor_object_id, verb, description, target_object_id, action_object_object_id, timestamp, public, deleted, emailed, data, action_object_content_type_id, actor_content_type_id, recipient_id, target_content_type_id) VALUES (63, 'info', 0, '13', '    ', NULL, '16', NULL, 2025-05-15 08:03:59.363088, 1, 0, 0, NULL, NULL, 39, 3, 31);
INSERT INTO notifications_notification (id, level, unread, actor_object_id, verb, description, target_object_id, action_object_object_id, timestamp, public, deleted, emailed, data, action_object_content_type_id, actor_content_type_id, recipient_id, target_content_type_id) VALUES (64, 'info', 1, '13', '    ', NULL, '17', NULL, 2025-05-17 10:44:47.155791, 1, 0, 0, NULL, NULL, 39, 12, 31);
INSERT INTO notifications_notification (id, level, unread, actor_object_id, verb, description, target_object_id, action_object_object_id, timestamp, public, deleted, emailed, data, action_object_content_type_id, actor_content_type_id, recipient_id, target_content_type_id) VALUES (65, 'info', 1, '13', '    ', NULL, '17', NULL, 2025-05-17 10:44:47.155791, 1, 0, 0, NULL, NULL, 39, 5, 31);
INSERT INTO notifications_notification (id, level, unread, actor_object_id, verb, description, target_object_id, action_object_object_id, timestamp, public, deleted, emailed, data, action_object_content_type_id, actor_content_type_id, recipient_id, target_content_type_id) VALUES (66, 'info', 0, '13', '    ', NULL, '17', NULL, 2025-05-17 10:44:47.155791, 1, 0, 0, NULL, NULL, 39, 3, 31);
INSERT INTO notifications_notification (id, level, unread, actor_object_id, verb, description, target_object_id, action_object_object_id, timestamp, public, deleted, emailed, data, action_object_content_type_id, actor_content_type_id, recipient_id, target_content_type_id) VALUES (67, 'info', 1, '13', '    ', NULL, '18', NULL, 2025-05-17 10:47:12.688975, 1, 0, 0, NULL, NULL, 39, 12, 31);
INSERT INTO notifications_notification (id, level, unread, actor_object_id, verb, description, target_object_id, action_object_object_id, timestamp, public, deleted, emailed, data, action_object_content_type_id, actor_content_type_id, recipient_id, target_content_type_id) VALUES (68, 'info', 1, '13', '    ', NULL, '18', NULL, 2025-05-17 10:47:12.688975, 1, 0, 0, NULL, NULL, 39, 5, 31);
INSERT INTO notifications_notification (id, level, unread, actor_object_id, verb, description, target_object_id, action_object_object_id, timestamp, public, deleted, emailed, data, action_object_content_type_id, actor_content_type_id, recipient_id, target_content_type_id) VALUES (69, 'info', 0, '13', '    ', NULL, '18', NULL, 2025-05-17 10:47:12.688975, 1, 0, 0, NULL, NULL, 39, 3, 31);
INSERT INTO notifications_notification (id, level, unread, actor_object_id, verb, description, target_object_id, action_object_object_id, timestamp, public, deleted, emailed, data, action_object_content_type_id, actor_content_type_id, recipient_id, target_content_type_id) VALUES (70, 'info', 1, '13', '    ', NULL, '19', NULL, 2025-05-18 04:48:12.763753, 1, 0, 0, NULL, NULL, 39, 12, 31);
INSERT INTO notifications_notification (id, level, unread, actor_object_id, verb, description, target_object_id, action_object_object_id, timestamp, public, deleted, emailed, data, action_object_content_type_id, actor_content_type_id, recipient_id, target_content_type_id) VALUES (71, 'info', 1, '13', '    ', NULL, '19', NULL, 2025-05-18 04:48:12.763753, 1, 0, 0, NULL, NULL, 39, 5, 31);
INSERT INTO notifications_notification (id, level, unread, actor_object_id, verb, description, target_object_id, action_object_object_id, timestamp, public, deleted, emailed, data, action_object_content_type_id, actor_content_type_id, recipient_id, target_content_type_id) VALUES (72, 'info', 0, '13', '    ', NULL, '19', NULL, 2025-05-18 04:48:12.763753, 1, 0, 0, NULL, NULL, 39, 3, 31);

-- Table: reports_financialreport
CREATE TABLE `reports_financialreport` (
  `id` bigint NOT NULL AUTO_INCREMENT,
  `total_amount` decimal(25,2) NOT NULL,
  `approved_amount` decimal(25,2) NOT NULL,
  `rejected_amount` decimal(25,2) NOT NULL,
  `payment_number` varchar(50) CHARACTER SET utf8mb4 COLLATE utf8mb4_0900_ai_ci DEFAULT NULL,
  `report_date` datetime(6) NOT NULL,
  `last_status` varchar(20) CHARACTER SET utf8mb4 COLLATE utf8mb4_0900_ai_ci DEFAULT NULL,
  `total_factors` int NOT NULL,
  `approved_factors` int NOT NULL,
  `rejected_factors` int NOT NULL,
  `tankhah_id` bigint NOT NULL,
  PRIMARY KEY (`id`) USING BTREE,
  UNIQUE KEY `tankhah_id` (`tankhah_id`) USING BTREE,
  CONSTRAINT `reports_financialrep_tankhah_id_fbe00afd_fk_tankhah_t` FOREIGN KEY (`tankhah_id`) REFERENCES `tankhah_tankhah` (`id`) ON DELETE RESTRICT ON UPDATE RESTRICT
) ENGINE=InnoDB DEFAULT CHARSET=utf8mb4 COLLATE=utf8mb4_0900_ai_ci ROW_FORMAT=DYNAMIC;


-- Table: reports_print_financial_report
CREATE TABLE `reports_print_financial_report` (
  `id` bigint NOT NULL AUTO_INCREMENT,
  PRIMARY KEY (`id`) USING BTREE
) ENGINE=InnoDB DEFAULT CHARSET=utf8mb4 COLLATE=utf8mb4_0900_ai_ci ROW_FORMAT=DYNAMIC;


-- Table: reports_send_to_accounting
CREATE TABLE `reports_send_to_accounting` (
  `id` bigint NOT NULL AUTO_INCREMENT,
  PRIMARY KEY (`id`) USING BTREE
) ENGINE=InnoDB DEFAULT CHARSET=utf8mb4 COLLATE=utf8mb4_0900_ai_ci ROW_FORMAT=DYNAMIC;


-- Table: reports_tankhah_financialreport
CREATE TABLE `reports_tankhah_financialreport` (
  `id` bigint NOT NULL AUTO_INCREMENT,
  PRIMARY KEY (`id`) USING BTREE
) ENGINE=InnoDB DEFAULT CHARSET=utf8mb4 COLLATE=utf8mb4_0900_ai_ci ROW_FORMAT=DYNAMIC;


-- Table: reports_tankhahdetailview
CREATE TABLE `reports_tankhahdetailview` (
  `id` bigint NOT NULL AUTO_INCREMENT,
  PRIMARY KEY (`id`) USING BTREE
) ENGINE=InnoDB DEFAULT CHARSET=utf8mb4 COLLATE=utf8mb4_0900_ai_ci ROW_FORMAT=DYNAMIC;


-- Table: tankhah_approvallog
CREATE TABLE `tankhah_approvallog` (
  `id` bigint NOT NULL AUTO_INCREMENT,
  `comment` longtext CHARACTER SET utf8mb4 COLLATE utf8mb4_0900_ai_ci,
  `timestamp` datetime(6) NOT NULL,
  `changed_field` varchar(50) CHARACTER SET utf8mb4 COLLATE utf8mb4_0900_ai_ci DEFAULT NULL,
  `seen_by_higher` tinyint(1) NOT NULL,
  `seen_at` datetime(6) DEFAULT NULL,
  `post_id` bigint DEFAULT NULL,
  `stage` varchar(100) CHARACTER SET utf8mb4 COLLATE utf8mb4_0900_ai_ci DEFAULT NULL,
  `user_id` bigint DEFAULT NULL,
  `factor_id` bigint DEFAULT NULL,
  `factor_item_id` bigint DEFAULT NULL,
  `tankhah_id` bigint DEFAULT NULL,
  `content_type_id` int DEFAULT NULL,
  `object_id` int unsigned NOT NULL,
  `is_final_approval` tinyint(1) NOT NULL,
  `stage_order` int unsigned DEFAULT NULL,
  `stage_id` int DEFAULT NULL,
  `is_temporary` tinyint DEFAULT NULL,
  `stage_rule_id` bigint DEFAULT NULL,
  `from_status_id` bigint NOT NULL,
  `to_status_id` bigint DEFAULT NULL,
  `action_id` bigint DEFAULT NULL,
  `created_by_id` bigint DEFAULT NULL,
  `is_active` tinyint(1) NOT NULL,
  PRIMARY KEY (`id`) USING BTREE,
  KEY `tankhah_approvallog_post_id_25bdf3fb_fk_core_post_id` (`post_id`) USING BTREE,
  KEY `tankhah_approvallog_user_id_90f106ab_fk_accounts_customuser_id` (`user_id`) USING BTREE,
  KEY `tankhah_approvallog_factor_id_37f79ad1_fk_tankhah_factor_id` (`factor_id`) USING BTREE,
  KEY `tankhah_approvallog_factor_item_id_34ec4a58_fk_tankhah_f` (`factor_item_id`) USING BTREE,
  KEY `tankhah_approvallog_tankhah_id_e5d39b2f_fk_tankhah_tankhah_id` (`tankhah_id`) USING BTREE,
  KEY `tankhah_approvallog_content_type_id_2fb149e4_fk_django_co` (`content_type_id`) USING BTREE,
  KEY `tankhah_app_factor__add5d7_idx` (`factor_id`,`tankhah_id`,`user_id`,`stage`),
  KEY `tankhah_approvallog_from_status_id_3559100a_fk_core_status_id` (`from_status_id`),
  KEY `tankhah_approvallog_stage_rule_id_c3925304_fk_core_status_id` (`stage_rule_id`),
  KEY `tankhah_approvallog_created_by_id_033c0640_fk_accounts_` (`created_by_id`),
  CONSTRAINT `tankhah_approvallog_content_type_id_2fb149e4_fk_django_co` FOREIGN KEY (`content_type_id`) REFERENCES `django_content_type` (`id`),
  CONSTRAINT `tankhah_approvallog_created_by_id_033c0640_fk_accounts_` FOREIGN KEY (`created_by_id`) REFERENCES `accounts_customuser` (`id`),
  CONSTRAINT `tankhah_approvallog_factor_id_37f79ad1_fk_tankhah_factor_id` FOREIGN KEY (`factor_id`) REFERENCES `tankhah_factor` (`id`) ON DELETE RESTRICT ON UPDATE RESTRICT,
  CONSTRAINT `tankhah_approvallog_factor_item_id_34ec4a58_fk_tankhah_f` FOREIGN KEY (`factor_item_id`) REFERENCES `tankhah_factoritem` (`id`) ON DELETE RESTRICT ON UPDATE RESTRICT,
  CONSTRAINT `tankhah_approvallog_from_status_id_3559100a_fk_core_status_id` FOREIGN KEY (`from_status_id`) REFERENCES `core_status` (`id`),
  CONSTRAINT `tankhah_approvallog_post_id_25bdf3fb_fk_core_post_id` FOREIGN KEY (`post_id`) REFERENCES `core_post` (`id`) ON DELETE RESTRICT ON UPDATE RESTRICT,
  CONSTRAINT `tankhah_approvallog_stage_rule_id_c3925304_fk_core_status_id` FOREIGN KEY (`stage_rule_id`) REFERENCES `core_status` (`id`),
  CONSTRAINT `tankhah_approvallog_tankhah_id_e5d39b2f_fk_tankhah_tankhah_id` FOREIGN KEY (`tankhah_id`) REFERENCES `tankhah_tankhah` (`id`) ON DELETE RESTRICT ON UPDATE RESTRICT,
  CONSTRAINT `tankhah_approvallog_user_id_90f106ab_fk_accounts_customuser_id` FOREIGN KEY (`user_id`) REFERENCES `accounts_customuser` (`id`) ON DELETE RESTRICT ON UPDATE RESTRICT,
  CONSTRAINT `tankhah_approvallog_chk_1` CHECK ((`object_id` >= 0)),
  CONSTRAINT `tankhah_approvallog_chk_2` CHECK ((`stage_order` >= 0))
) ENGINE=InnoDB AUTO_INCREMENT=297 DEFAULT CHARSET=utf8mb4 COLLATE=utf8mb4_0900_ai_ci ROW_FORMAT=DYNAMIC;

INSERT INTO tankhah_approvallog (id, comment, timestamp, changed_field, seen_by_higher, seen_at, post_id, stage, user_id, factor_id, factor_item_id, tankhah_id, content_type_id, object_id, is_final_approval, stage_order, stage_id, is_temporary, stage_rule_id, from_status_id, to_status_id, action_id, created_by_id, is_active) VALUES (264, '   ', 2025-09-04 08:14:28.336482, NULL, 0, NULL, 6, NULL, 3, 71, NULL, NULL, 27, 71, 0, NULL, NULL, NULL, NULL, 1, 3, 1, 3, 1);
INSERT INTO tankhah_approvallog (id, comment, timestamp, changed_field, seen_by_higher, seen_at, post_id, stage, user_id, factor_id, factor_item_id, tankhah_id, content_type_id, object_id, is_final_approval, stage_order, stage_id, is_temporary, stage_rule_id, from_status_id, to_status_id, action_id, created_by_id, is_active) VALUES (265, '  ', 2025-09-08 16:07:29.564458, NULL, 0, NULL, 6, NULL, 3, 72, NULL, NULL, 27, 72, 0, NULL, NULL, NULL, NULL, 1, 3, 1, 3, 1);
INSERT INTO tankhah_approvallog (id, comment, timestamp, changed_field, seen_by_higher, seen_at, post_id, stage, user_id, factor_id, factor_item_id, tankhah_id, content_type_id, object_id, is_final_approval, stage_order, stage_id, is_temporary, stage_rule_id, from_status_id, to_status_id, action_id, created_by_id, is_active) VALUES (266, ' 1 ', 2025-09-08 17:17:37.646655, NULL, 0, NULL, 6, NULL, 3, 72, NULL, NULL, 27, 72, 0, NULL, NULL, NULL, NULL, 2, 2, 2, 3, 1);
INSERT INTO tankhah_approvallog (id, comment, timestamp, changed_field, seen_by_higher, seen_at, post_id, stage, user_id, factor_id, factor_item_id, tankhah_id, content_type_id, object_id, is_final_approval, stage_order, stage_id, is_temporary, stage_rule_id, from_status_id, to_status_id, action_id, created_by_id, is_active) VALUES (267, ' 2 ', 2025-09-08 17:17:51.911595, NULL, 0, NULL, 5, NULL, 4, 72, NULL, NULL, 27, 72, 0, NULL, NULL, NULL, NULL, 2, 2, 2, 4, 1);
INSERT INTO tankhah_approvallog (id, comment, timestamp, changed_field, seen_by_higher, seen_at, post_id, stage, user_id, factor_id, factor_item_id, tankhah_id, content_type_id, object_id, is_final_approval, stage_order, stage_id, is_temporary, stage_rule_id, from_status_id, to_status_id, action_id, created_by_id, is_active) VALUES (268, ' 1', 2025-09-08 17:26:23.635504, NULL, 0, NULL, 5, NULL, 4, 72, NULL, NULL, 27, 72, 0, NULL, NULL, NULL, NULL, 2, 2, 2, 4, 1);
INSERT INTO tankhah_approvallog (id, comment, timestamp, changed_field, seen_by_higher, seen_at, post_id, stage, user_id, factor_id, factor_item_id, tankhah_id, content_type_id, object_id, is_final_approval, stage_order, stage_id, is_temporary, stage_rule_id, from_status_id, to_status_id, action_id, created_by_id, is_active) VALUES (269, 'hfath 1 ', 2025-09-08 17:27:08.949554, NULL, 0, NULL, 4, NULL, 6, 72, NULL, NULL, 27, 72, 0, NULL, NULL, NULL, NULL, 2, 3, 1, 6, 1);
INSERT INTO tankhah_approvallog (id, comment, timestamp, changed_field, seen_by_higher, seen_at, post_id, stage, user_id, factor_id, factor_item_id, tankhah_id, content_type_id, object_id, is_final_approval, stage_order, stage_id, is_temporary, stage_rule_id, from_status_id, to_status_id, action_id, created_by_id, is_active) VALUES (270, '', 2025-09-08 17:28:06.392281, NULL, 0, NULL, 4, NULL, 6, 72, NULL, NULL, 27, 72, 0, NULL, NULL, NULL, NULL, 2, 11, 4, 6, 1);
INSERT INTO tankhah_approvallog (id, comment, timestamp, changed_field, seen_by_higher, seen_at, post_id, stage, user_id, factor_id, factor_item_id, tankhah_id, content_type_id, object_id, is_final_approval, stage_order, stage_id, is_temporary, stage_rule_id, from_status_id, to_status_id, action_id, created_by_id, is_active) VALUES (271, 'saedfsadfsdfs', 2025-09-08 18:28:21.935775, NULL, 0, NULL, 6, NULL, 3, 70, NULL, NULL, 27, 70, 0, NULL, NULL, NULL, NULL, 1, 3, 1, 3, 1);
INSERT INTO tankhah_approvallog (id, comment, timestamp, changed_field, seen_by_higher, seen_at, post_id, stage, user_id, factor_id, factor_item_id, tankhah_id, content_type_id, object_id, is_final_approval, stage_order, stage_id, is_temporary, stage_rule_id, from_status_id, to_status_id, action_id, created_by_id, is_active) VALUES (272, 'xdfsdfsdfdsf', 2025-09-10 19:52:26.856247, NULL, 0, NULL, 6, NULL, 3, 67, NULL, NULL, 27, 67, 0, NULL, NULL, NULL, NULL, 1, 3, 1, 3, 1);
INSERT INTO tankhah_approvallog (id, comment, timestamp, changed_field, seen_by_higher, seen_at, post_id, stage, user_id, factor_id, factor_item_id, tankhah_id, content_type_id, object_id, is_final_approval, stage_order, stage_id, is_temporary, stage_rule_id, from_status_id, to_status_id, action_id, created_by_id, is_active) VALUES (273, '   ', 2025-09-10 22:26:32.571967, NULL, 0, NULL, 5, NULL, 4, 73, NULL, NULL, 27, 73, 0, NULL, NULL, NULL, NULL, 1, 2, 1, 4, 1);
INSERT INTO tankhah_approvallog (id, comment, timestamp, changed_field, seen_by_higher, seen_at, post_id, stage, user_id, factor_id, factor_item_id, tankhah_id, content_type_id, object_id, is_final_approval, stage_order, stage_id, is_temporary, stage_rule_id, from_status_id, to_status_id, action_id, created_by_id, is_active) VALUES (274, '   ', 2025-09-10 22:26:53.393526, NULL, 0, NULL, 5, NULL, 4, 73, NULL, NULL, 27, 73, 0, NULL, NULL, NULL, NULL, 2, 2, 2, 4, 1);
INSERT INTO tankhah_approvallog (id, comment, timestamp, changed_field, seen_by_higher, seen_at, post_id, stage, user_id, factor_id, factor_item_id, tankhah_id, content_type_id, object_id, is_final_approval, stage_order, stage_id, is_temporary, stage_rule_id, from_status_id, to_status_id, action_id, created_by_id, is_active) VALUES (275, '', 2025-09-10 22:27:04.872476, NULL, 0, NULL, 5, NULL, 4, 73, NULL, NULL, 27, 73, 0, NULL, NULL, NULL, NULL, 2, 2, 2, 4, 1);
INSERT INTO tankhah_approvallog (id, comment, timestamp, changed_field, seen_by_higher, seen_at, post_id, stage, user_id, factor_id, factor_item_id, tankhah_id, content_type_id, object_id, is_final_approval, stage_order, stage_id, is_temporary, stage_rule_id, from_status_id, to_status_id, action_id, created_by_id, is_active) VALUES (276, 'hfathi', 2025-09-10 22:27:42.615523, NULL, 0, NULL, 4, NULL, 6, 73, NULL, NULL, 27, 73, 0, NULL, NULL, NULL, NULL, 2, 3, 1, 6, 1);
INSERT INTO tankhah_approvallog (id, comment, timestamp, changed_field, seen_by_higher, seen_at, post_id, stage, user_id, factor_id, factor_item_id, tankhah_id, content_type_id, object_id, is_final_approval, stage_order, stage_id, is_temporary, stage_rule_id, from_status_id, to_status_id, action_id, created_by_id, is_active) VALUES (277, '  ', 2025-09-11 15:57:23.014377, NULL, 0, NULL, 22, NULL, 16, 73, NULL, NULL, 27, 73, 0, NULL, NULL, NULL, NULL, 3, 11, 4, 16, 1);
INSERT INTO tankhah_approvallog (id, comment, timestamp, changed_field, seen_by_higher, seen_at, post_id, stage, user_id, factor_id, factor_item_id, tankhah_id, content_type_id, object_id, is_final_approval, stage_order, stage_id, is_temporary, stage_rule_id, from_status_id, to_status_id, action_id, created_by_id, is_active) VALUES (278, '  ', 2025-09-11 15:58:59.269756, NULL, 0, NULL, 22, NULL, 16, 71, NULL, NULL, 27, 71, 0, NULL, NULL, NULL, NULL, 3, 11, 4, 16, 1);
INSERT INTO tankhah_approvallog (id, comment, timestamp, changed_field, seen_by_higher, seen_at, post_id, stage, user_id, factor_id, factor_item_id, tankhah_id, content_type_id, object_id, is_final_approval, stage_order, stage_id, is_temporary, stage_rule_id, from_status_id, to_status_id, action_id, created_by_id, is_active) VALUES (279, '   ', 2025-09-11 17:07:57.765961, NULL, 0, NULL, 22, NULL, 16, 70, NULL, NULL, 27, 70, 0, NULL, NULL, NULL, NULL, 3, 11, 4, 16, 1);
INSERT INTO tankhah_approvallog (id, comment, timestamp, changed_field, seen_by_higher, seen_at, post_id, stage, user_id, factor_id, factor_item_id, tankhah_id, content_type_id, object_id, is_final_approval, stage_order, stage_id, is_temporary, stage_rule_id, from_status_id, to_status_id, action_id, created_by_id, is_active) VALUES (280, '   1 
', 2025-09-13 08:12:10.411056, NULL, 0, NULL, 6, NULL, 3, 76, NULL, NULL, 27, 76, 0, NULL, NULL, NULL, NULL, 1, 2, 1, 3, 1);
INSERT INTO tankhah_approvallog (id, comment, timestamp, changed_field, seen_by_higher, seen_at, post_id, stage, user_id, factor_id, factor_item_id, tankhah_id, content_type_id, object_id, is_final_approval, stage_order, stage_id, is_temporary, stage_rule_id, from_status_id, to_status_id, action_id, created_by_id, is_active) VALUES (281, ' ', 2025-09-13 08:12:23.356117, NULL, 0, NULL, 6, NULL, 3, 76, NULL, NULL, 27, 76, 0, NULL, NULL, NULL, NULL, 2, 2, 2, 3, 1);
INSERT INTO tankhah_approvallog (id, comment, timestamp, changed_field, seen_by_higher, seen_at, post_id, stage, user_id, factor_id, factor_item_id, tankhah_id, content_type_id, object_id, is_final_approval, stage_order, stage_id, is_temporary, stage_rule_id, from_status_id, to_status_id, action_id, created_by_id, is_active) VALUES (282, '      ', 2025-09-13 09:20:43.929621, NULL, 0, NULL, 5, NULL, 4, 76, NULL, NULL, 27, 76, 0, NULL, NULL, NULL, NULL, 2, 2, 2, 4, 1);
INSERT INTO tankhah_approvallog (id, comment, timestamp, changed_field, seen_by_higher, seen_at, post_id, stage, user_id, factor_id, factor_item_id, tankhah_id, content_type_id, object_id, is_final_approval, stage_order, stage_id, is_temporary, stage_rule_id, from_status_id, to_status_id, action_id, created_by_id, is_active) VALUES (283, '', 2025-09-13 09:20:51.033460, NULL, 0, NULL, 5, NULL, 4, 76, NULL, NULL, 27, 76, 0, NULL, NULL, NULL, NULL, 2, 2, 2, 4, 1);
INSERT INTO tankhah_approvallog (id, comment, timestamp, changed_field, seen_by_higher, seen_at, post_id, stage, user_id, factor_id, factor_item_id, tankhah_id, content_type_id, object_id, is_final_approval, stage_order, stage_id, is_temporary, stage_rule_id, from_status_id, to_status_id, action_id, created_by_id, is_active) VALUES (284, '', 2025-09-13 09:20:57.812937, NULL, 0, NULL, 5, NULL, 4, 76, NULL, NULL, 27, 76, 0, NULL, NULL, NULL, NULL, 2, 2, 2, 4, 1);
INSERT INTO tankhah_approvallog (id, comment, timestamp, changed_field, seen_by_higher, seen_at, post_id, stage, user_id, factor_id, factor_item_id, tankhah_id, content_type_id, object_id, is_final_approval, stage_order, stage_id, is_temporary, stage_rule_id, from_status_id, to_status_id, action_id, created_by_id, is_active) VALUES (285, ' ', 2025-09-13 10:47:12.068078, NULL, 0, NULL, 4, NULL, 6, 76, NULL, NULL, 27, 76, 0, NULL, NULL, NULL, NULL, 2, 3, 1, 6, 1);
INSERT INTO tankhah_approvallog (id, comment, timestamp, changed_field, seen_by_higher, seen_at, post_id, stage, user_id, factor_id, factor_item_id, tankhah_id, content_type_id, object_id, is_final_approval, stage_order, stage_id, is_temporary, stage_rule_id, from_status_id, to_status_id, action_id, created_by_id, is_active) VALUES (286, '  ', 2025-09-13 10:51:44.154554, NULL, 0, NULL, 22, NULL, 16, 76, NULL, NULL, 27, 76, 0, NULL, NULL, NULL, NULL, 3, 11, 4, 16, 1);
INSERT INTO tankhah_approvallog (id, comment, timestamp, changed_field, seen_by_higher, seen_at, post_id, stage, user_id, factor_id, factor_item_id, tankhah_id, content_type_id, object_id, is_final_approval, stage_order, stage_id, is_temporary, stage_rule_id, from_status_id, to_status_id, action_id, created_by_id, is_active) VALUES (287, 'Transitioned via transition_id=106', 2025-09-16 18:41:09.776892, NULL, 0, NULL, NULL, NULL, 17, NULL, NULL, NULL, 52, 3, 0, NULL, NULL, NULL, NULL, 22, 48, 2, NULL, 1);
INSERT INTO tankhah_approvallog (id, comment, timestamp, changed_field, seen_by_higher, seen_at, post_id, stage, user_id, factor_id, factor_item_id, tankhah_id, content_type_id, object_id, is_final_approval, stage_order, stage_id, is_temporary, stage_rule_id, from_status_id, to_status_id, action_id, created_by_id, is_active) VALUES (288, 'Transitioned via transition_id=106', 2025-09-16 19:44:50.091692, NULL, 0, NULL, NULL, NULL, 2, NULL, NULL, NULL, 52, 2, 0, NULL, NULL, NULL, NULL, 22, 58, 2, NULL, 1);
INSERT INTO tankhah_approvallog (id, comment, timestamp, changed_field, seen_by_higher, seen_at, post_id, stage, user_id, factor_id, factor_item_id, tankhah_id, content_type_id, object_id, is_final_approval, stage_order, stage_id, is_temporary, stage_rule_id, from_status_id, to_status_id, action_id, created_by_id, is_active) VALUES (289, '   ', 2025-09-18 19:12:01.932298, NULL, 0, NULL, 22, NULL, 16, NULL, NULL, NULL, 52, 2, 0, NULL, NULL, NULL, NULL, 58, 59, 2, NULL, 1);
INSERT INTO tankhah_approvallog (id, comment, timestamp, changed_field, seen_by_higher, seen_at, post_id, stage, user_id, factor_id, factor_item_id, tankhah_id, content_type_id, object_id, is_final_approval, stage_order, stage_id, is_temporary, stage_rule_id, from_status_id, to_status_id, action_id, created_by_id, is_active) VALUES (290, '   ', 2025-09-18 19:12:28.453467, NULL, 0, NULL, 22, NULL, 16, NULL, NULL, NULL, 52, 2, 0, NULL, NULL, NULL, NULL, 58, 59, 2, NULL, 1);
INSERT INTO tankhah_approvallog (id, comment, timestamp, changed_field, seen_by_higher, seen_at, post_id, stage, user_id, factor_id, factor_item_id, tankhah_id, content_type_id, object_id, is_final_approval, stage_order, stage_id, is_temporary, stage_rule_id, from_status_id, to_status_id, action_id, created_by_id, is_active) VALUES (291, '   ', 2025-09-18 19:12:50.146013, NULL, 0, NULL, 22, NULL, 16, NULL, NULL, NULL, 52, 2, 0, NULL, NULL, NULL, NULL, 58, 59, 2, NULL, 1);
INSERT INTO tankhah_approvallog (id, comment, timestamp, changed_field, seen_by_higher, seen_at, post_id, stage, user_id, factor_id, factor_item_id, tankhah_id, content_type_id, object_id, is_final_approval, stage_order, stage_id, is_temporary, stage_rule_id, from_status_id, to_status_id, action_id, created_by_id, is_active) VALUES (292, '   beygh', 2025-09-18 19:12:50.166274, NULL, 0, NULL, 5, NULL, 4, NULL, NULL, NULL, 52, 2, 0, NULL, NULL, NULL, NULL, 59, 60, 2, NULL, 1);
INSERT INTO tankhah_approvallog (id, comment, timestamp, changed_field, seen_by_higher, seen_at, post_id, stage, user_id, factor_id, factor_item_id, tankhah_id, content_type_id, object_id, is_final_approval, stage_order, stage_id, is_temporary, stage_rule_id, from_status_id, to_status_id, action_id, created_by_id, is_active) VALUES (293, '   rheyran', 2025-09-18 19:12:50.182919, NULL, 0, NULL, 1, NULL, 12, NULL, NULL, NULL, 52, 2, 0, NULL, NULL, NULL, NULL, 60, 48, 4, NULL, 1);
INSERT INTO tankhah_approvallog (id, comment, timestamp, changed_field, seen_by_higher, seen_at, post_id, stage, user_id, factor_id, factor_item_id, tankhah_id, content_type_id, object_id, is_final_approval, stage_order, stage_id, is_temporary, stage_rule_id, from_status_id, to_status_id, action_id, created_by_id, is_active) VALUES (294, '   ', 2025-09-18 19:13:03.139299, NULL, 0, NULL, 22, NULL, 16, NULL, NULL, NULL, 52, 2, 0, NULL, NULL, NULL, NULL, 48, 59, 2, NULL, 1);
INSERT INTO tankhah_approvallog (id, comment, timestamp, changed_field, seen_by_higher, seen_at, post_id, stage, user_id, factor_id, factor_item_id, tankhah_id, content_type_id, object_id, is_final_approval, stage_order, stage_id, is_temporary, stage_rule_id, from_status_id, to_status_id, action_id, created_by_id, is_active) VALUES (295, '   beygh', 2025-09-18 19:13:03.150674, NULL, 0, NULL, 5, NULL, 4, NULL, NULL, NULL, 52, 2, 0, NULL, NULL, NULL, NULL, 59, 60, 2, NULL, 1);
INSERT INTO tankhah_approvallog (id, comment, timestamp, changed_field, seen_by_higher, seen_at, post_id, stage, user_id, factor_id, factor_item_id, tankhah_id, content_type_id, object_id, is_final_approval, stage_order, stage_id, is_temporary, stage_rule_id, from_status_id, to_status_id, action_id, created_by_id, is_active) VALUES (296, '   rheyran', 2025-09-18 19:13:03.160329, NULL, 0, NULL, 1, NULL, 12, NULL, NULL, NULL, 52, 2, 0, NULL, NULL, NULL, NULL, 60, 48, 4, NULL, 1);

-- Table: tankhah_dashboard_tankhah
CREATE TABLE `tankhah_dashboard_tankhah` (
  `id` bigint NOT NULL AUTO_INCREMENT,
  PRIMARY KEY (`id`) USING BTREE
) ENGINE=InnoDB DEFAULT CHARSET=utf8mb4 COLLATE=utf8mb4_0900_ai_ci ROW_FORMAT=DYNAMIC;


-- Table: tankhah_factor
CREATE TABLE `tankhah_factor` (
  `id` bigint NOT NULL AUTO_INCREMENT,
  `number` varchar(100) CHARACTER SET utf8mb4 COLLATE utf8mb4_0900_ai_ci NOT NULL,
  `date` date NOT NULL,
  `amount` decimal(20,2) NOT NULL,
  `description` longtext CHARACTER SET utf8mb4 COLLATE utf8mb4_0900_ai_ci,
  `status_id` bigint DEFAULT NULL,
  `locked_by_stage_id` bigint DEFAULT NULL,
  `tankhah_id` bigint NOT NULL,
  `budget` decimal(20,2) NOT NULL,
  `remaining_budget` decimal(20,2) NOT NULL,
  `created_by_id` bigint NOT NULL,
  `created_at` datetime(6) NOT NULL,
  `is_emergency` tinyint(1) NOT NULL,
  `category_id` bigint NOT NULL,
  `is_locked` tinyint(1) DEFAULT '0',
  `re_registered_in_id` bigint DEFAULT NULL,
  `rejected_reason` longtext CHARACTER SET utf8mb4 COLLATE utf8mb4_0900_ai_ci,
  `deleted_at` datetime(6) DEFAULT NULL,
  `deleted_by_id` bigint DEFAULT NULL,
  `is_deleted` tinyint(1) NOT NULL,
  `payee_id` bigint DEFAULT NULL,
  `archived_at` datetime(6) DEFAULT NULL,
  `archived_by_id` bigint DEFAULT NULL,
  `is_archived` tinyint(1) NOT NULL,
  PRIMARY KEY (`id`) USING BTREE,
  KEY `tankhah_factor_tankhah_id_b1fd1df3_fk_tankhah_tankhah_id` (`tankhah_id`) USING BTREE,
  KEY `tankhah_factor_locked_by_stage_id_a274da7d_fk_core_work` (`locked_by_stage_id`) USING BTREE,
  KEY `tankhah_factor_created_by_id_b06575df_fk_accounts_customuser_id` (`created_by_id`) USING BTREE,
  KEY `tankhah_factor_category_id_4e863d6f_fk_tankhah_itemcategory_id` (`category_id`) USING BTREE,
  KEY `tankhah_factor_re_registered_in_id_a27b90b0_fk_tankhah_t` (`re_registered_in_id`) USING BTREE,
  KEY `tankhah_factor_deleted_by_id_877ae561_fk_accounts_customuser_id` (`deleted_by_id`) USING BTREE,
  KEY `tankhah_factor_status_id_fk_core_status_id` (`status_id`),
  KEY `tankhah_factor_archived_by_id_785e6d61_fk_accounts_customuser_id` (`archived_by_id`),
  CONSTRAINT `tankhah_factor_archived_by_id_785e6d61_fk_accounts_customuser_id` FOREIGN KEY (`archived_by_id`) REFERENCES `accounts_customuser` (`id`),
  CONSTRAINT `tankhah_factor_category_id_4e863d6f_fk_tankhah_itemcategory_id` FOREIGN KEY (`category_id`) REFERENCES `tankhah_itemcategory` (`id`) ON DELETE RESTRICT ON UPDATE RESTRICT,
  CONSTRAINT `tankhah_factor_created_by_id_b06575df_fk_accounts_customuser_id` FOREIGN KEY (`created_by_id`) REFERENCES `accounts_customuser` (`id`) ON DELETE RESTRICT ON UPDATE RESTRICT,
  CONSTRAINT `tankhah_factor_deleted_by_id_877ae561_fk_accounts_customuser_id` FOREIGN KEY (`deleted_by_id`) REFERENCES `accounts_customuser` (`id`) ON DELETE RESTRICT ON UPDATE RESTRICT,
  CONSTRAINT `tankhah_factor_locked_by_stage_id_a274da7d_fk_core_status_id` FOREIGN KEY (`locked_by_stage_id`) REFERENCES `core_status` (`id`),
  CONSTRAINT `tankhah_factor_re_registered_in_id_a27b90b0_fk_tankhah_t` FOREIGN KEY (`re_registered_in_id`) REFERENCES `tankhah_tankhah` (`id`) ON DELETE RESTRICT ON UPDATE RESTRICT,
  CONSTRAINT `tankhah_factor_status_id_fk_core_status_id` FOREIGN KEY (`status_id`) REFERENCES `core_status` (`id`),
  CONSTRAINT `tankhah_factor_tankhah_id_b1fd1df3_fk_tankhah_tankhah_id` FOREIGN KEY (`tankhah_id`) REFERENCES `tankhah_tankhah` (`id`) ON DELETE RESTRICT ON UPDATE RESTRICT
) ENGINE=InnoDB AUTO_INCREMENT=77 DEFAULT CHARSET=utf8mb4 COLLATE=utf8mb4_0900_ai_ci ROW_FORMAT=DYNAMIC;

INSERT INTO tankhah_factor (id, number, date, amount, description, status_id, locked_by_stage_id, tankhah_id, budget, remaining_budget, created_by_id, created_at, is_emergency, category_id, is_locked, re_registered_in_id, rejected_reason, deleted_at, deleted_by_id, is_deleted, payee_id, archived_at, archived_by_id, is_archived) VALUES (66, 'FAC-TNKH-14040518-HSarein-HSAR-Flor3-001-14040518-HSarein-0001', 2025-08-09, 25000.00, '25000', 1, NULL, 14, 0.00, 0.00, 3, 2025-08-09 13:41:32.883083, 0, 2, 0, NULL, NULL, NULL, NULL, 0, 2, NULL, NULL, 0);
INSERT INTO tankhah_factor (id, number, date, amount, description, status_id, locked_by_stage_id, tankhah_id, budget, remaining_budget, created_by_id, created_at, is_emergency, category_id, is_locked, re_registered_in_id, rejected_reason, deleted_at, deleted_by_id, is_deleted, payee_id, archived_at, archived_by_id, is_archived) VALUES (67, 'FAC-TNKH-14040518-HSarein-HSAR-Flor3-001-14040519-HSarein-0001', 2025-08-10, 50000.00, '', 3, NULL, 14, 0.00, 0.00, 2, 2025-08-10 12:58:46.459155, 0, 4, 0, NULL, NULL, NULL, NULL, 0, 3, NULL, NULL, 0);
INSERT INTO tankhah_factor (id, number, date, amount, description, status_id, locked_by_stage_id, tankhah_id, budget, remaining_budget, created_by_id, created_at, is_emergency, category_id, is_locked, re_registered_in_id, rejected_reason, deleted_at, deleted_by_id, is_deleted, payee_id, archived_at, archived_by_id, is_archived) VALUES (68, 'FAC-TNKH-14040518-HSarein-HSAR-Flor3-001-14040605-HSarein-0001', 2025-08-27, 5000.00, '5000', 1, NULL, 14, 0.00, 0.00, 3, 2025-08-27 16:07:27.984652, 0, 1, 0, NULL, NULL, NULL, NULL, 0, 1, NULL, NULL, 0);
INSERT INTO tankhah_factor (id, number, date, amount, description, status_id, locked_by_stage_id, tankhah_id, budget, remaining_budget, created_by_id, created_at, is_emergency, category_id, is_locked, re_registered_in_id, rejected_reason, deleted_at, deleted_by_id, is_deleted, payee_id, archived_at, archived_by_id, is_archived) VALUES (69, 'FAC-TNKH-14040518-HSarein-HSAR-Flor3-001-14040604-HSarein-0001', 2025-08-26, 1200.00, '1200', 1, NULL, 14, 0.00, 0.00, 3, 2025-08-27 16:08:00.489313, 0, 1, 0, NULL, NULL, NULL, NULL, 0, 1, NULL, NULL, 0);
INSERT INTO tankhah_factor (id, number, date, amount, description, status_id, locked_by_stage_id, tankhah_id, budget, remaining_budget, created_by_id, created_at, is_emergency, category_id, is_locked, re_registered_in_id, rejected_reason, deleted_at, deleted_by_id, is_deleted, payee_id, archived_at, archived_by_id, is_archived) VALUES (70, 'FAC-TNKH-14040518-HSarein-HSAR-Flor3-001-14040606-HSarein-0001', 2025-08-28, 120.00, '120', 11, NULL, 14, 0.00, 0.00, 3, 2025-08-27 16:31:14.819691, 0, 1, 0, NULL, NULL, NULL, NULL, 0, 2, NULL, NULL, 0);
INSERT INTO tankhah_factor (id, number, date, amount, description, status_id, locked_by_stage_id, tankhah_id, budget, remaining_budget, created_by_id, created_at, is_emergency, category_id, is_locked, re_registered_in_id, rejected_reason, deleted_at, deleted_by_id, is_deleted, payee_id, archived_at, archived_by_id, is_archived) VALUES (71, 'FAC-TNKH-14040601-HSarein-HSAR-Flor3-001-14040610-HSarein-0001', 2025-09-01, 215000.00, '', 11, NULL, 15, 0.00, 0.00, 3, 2025-09-01 11:18:04.021708, 0, 3, 0, NULL, NULL, NULL, NULL, 0, 2, NULL, NULL, 0);
INSERT INTO tankhah_factor (id, number, date, amount, description, status_id, locked_by_stage_id, tankhah_id, budget, remaining_budget, created_by_id, created_at, is_emergency, category_id, is_locked, re_registered_in_id, rejected_reason, deleted_at, deleted_by_id, is_deleted, payee_id, archived_at, archived_by_id, is_archived) VALUES (72, 'FAC-TNKH-14040601-HSarein-HSAR-Flor3-001-14040617-HSarein-0001', 2025-09-08, 54500.00, '54500', 11, NULL, 15, 0.00, 0.00, 3, 2025-09-08 15:24:44.239417, 0, 2, 0, NULL, NULL, NULL, NULL, 0, 3, NULL, NULL, 0);
INSERT INTO tankhah_factor (id, number, date, amount, description, status_id, locked_by_stage_id, tankhah_id, budget, remaining_budget, created_by_id, created_at, is_emergency, category_id, is_locked, re_registered_in_id, rejected_reason, deleted_at, deleted_by_id, is_deleted, payee_id, archived_at, archived_by_id, is_archived) VALUES (73, 'FAC-TNKH-14040601-HSarein-HSAR-Flor3-001-14040620-HSarein-0001', 2025-09-11, 950.00, '950', 11, NULL, 15, 0.00, 0.00, 3, 2025-09-10 22:23:31.097346, 0, 4, 0, NULL, NULL, NULL, NULL, 0, 3, NULL, NULL, 0);
INSERT INTO tankhah_factor (id, number, date, amount, description, status_id, locked_by_stage_id, tankhah_id, budget, remaining_budget, created_by_id, created_at, is_emergency, category_id, is_locked, re_registered_in_id, rejected_reason, deleted_at, deleted_by_id, is_deleted, payee_id, archived_at, archived_by_id, is_archived) VALUES (74, 'FAC-TNKH-14040518-HSarein-HSAR-Flor3-001-14040622-HSarein-0001', 2025-09-13, 753400.00, '753400', 1, NULL, 14, 0.00, 0.00, 3, 2025-09-13 05:11:15.174017, 0, 2, 0, NULL, NULL, NULL, NULL, 0, 3, NULL, NULL, 0);
INSERT INTO tankhah_factor (id, number, date, amount, description, status_id, locked_by_stage_id, tankhah_id, budget, remaining_budget, created_by_id, created_at, is_emergency, category_id, is_locked, re_registered_in_id, rejected_reason, deleted_at, deleted_by_id, is_deleted, payee_id, archived_at, archived_by_id, is_archived) VALUES (75, 'FAC-TNKH-14040518-HSarein-HSAR-Flor3-001-14040622-HSarein-0002', 2025-09-13, 400.00, '400', 1, NULL, 14, 0.00, 0.00, 3, 2025-09-13 05:17:43.466331, 0, 2, 0, NULL, NULL, NULL, NULL, 0, 3, NULL, NULL, 0);
INSERT INTO tankhah_factor (id, number, date, amount, description, status_id, locked_by_stage_id, tankhah_id, budget, remaining_budget, created_by_id, created_at, is_emergency, category_id, is_locked, re_registered_in_id, rejected_reason, deleted_at, deleted_by_id, is_deleted, payee_id, archived_at, archived_by_id, is_archived) VALUES (76, 'FAC-TNKH-14040601-HSarein-HSAR-Flor3-001-14040622-HSarein-0003', 2025-09-13, 215000.00, '215000', 11, NULL, 15, 0.00, 0.00, 3, 2025-09-13 07:43:34.529159, 0, 2, 0, NULL, NULL, NULL, NULL, 0, 3, NULL, NULL, 0);

-- Table: tankhah_factordocument
CREATE TABLE `tankhah_factordocument` (
  `id` bigint NOT NULL AUTO_INCREMENT,
  `file` varchar(100) CHARACTER SET utf8mb4 COLLATE utf8mb4_0900_ai_ci NOT NULL,
  `file_size` int DEFAULT NULL,
  `uploaded_at` datetime(6) NOT NULL,
  `factor_id` bigint NOT NULL,
  `uploaded_by_id` bigint DEFAULT NULL,
  PRIMARY KEY (`id`) USING BTREE,
  KEY `tankhah_factordocument_factor_id_5f2b8fc0_fk_tankhah_factor_id` (`factor_id`) USING BTREE,
  KEY `tankhah_factordocume_uploaded_by_id_efc84e28_fk_accounts_` (`uploaded_by_id`) USING BTREE,
  CONSTRAINT `tankhah_factordocume_uploaded_by_id_efc84e28_fk_accounts_` FOREIGN KEY (`uploaded_by_id`) REFERENCES `accounts_customuser` (`id`) ON DELETE RESTRICT ON UPDATE RESTRICT,
  CONSTRAINT `tankhah_factordocument_factor_id_5f2b8fc0_fk_tankhah_factor_id` FOREIGN KEY (`factor_id`) REFERENCES `tankhah_factor` (`id`) ON DELETE RESTRICT ON UPDATE RESTRICT
) ENGINE=InnoDB AUTO_INCREMENT=8 DEFAULT CHARSET=utf8mb4 COLLATE=utf8mb4_0900_ai_ci ROW_FORMAT=DYNAMIC;

INSERT INTO tankhah_factordocument (id, file, file_size, uploaded_at, factor_id, uploaded_by_id) VALUES (5, 'factors/TNKH-14040430-HSarein-HSAR-Flor3-001/55/WhatsApp_Image_2025-08-06_at_7.42.59_PM.jpeg', 26370, 2025-08-06 23:41:12.818153, 55, 3);
INSERT INTO tankhah_factordocument (id, file, file_size, uploaded_at, factor_id, uploaded_by_id) VALUES (6, 'factors/TNKH-14040518-HSarein-HSAR-Flor3-001/75/WhatsApp_Image_2025-07-26_at_10.13.11_AM_1.jpeg', 69444, 2025-09-13 05:17:43.480308, 75, 3);
INSERT INTO tankhah_factordocument (id, file, file_size, uploaded_at, factor_id, uploaded_by_id) VALUES (7, 'factors/TNKH-14040601-HSarein-HSAR-Flor3-001/76/WhatsApp_Image_2025-07-26_at_10.13.11_AM.jpeg', 60312, 2025-09-13 07:43:34.538199, 76, 3);

-- Table: tankhah_factorhistory
CREATE TABLE `tankhah_factorhistory` (
  `id` bigint NOT NULL AUTO_INCREMENT,
  `change_type` varchar(20) CHARACTER SET utf8mb4 COLLATE utf8mb4_0900_ai_ci NOT NULL,
  `change_timestamp` datetime(6) NOT NULL,
  `old_data` json DEFAULT NULL,
  `new_data` json DEFAULT NULL,
  `description` longtext CHARACTER SET utf8mb4 COLLATE utf8mb4_0900_ai_ci NOT NULL,
  `changed_by_id` bigint DEFAULT NULL,
  `factor_id` bigint NOT NULL,
  PRIMARY KEY (`id`) USING BTREE,
  KEY `tankhah_factorhistor_changed_by_id_29dcfeeb_fk_accounts_` (`changed_by_id`) USING BTREE,
  KEY `tankhah_factorhistory_factor_id_5bd16d12_fk_tankhah_factor_id` (`factor_id`) USING BTREE,
  CONSTRAINT `tankhah_factorhistor_changed_by_id_29dcfeeb_fk_accounts_` FOREIGN KEY (`changed_by_id`) REFERENCES `accounts_customuser` (`id`) ON DELETE RESTRICT ON UPDATE RESTRICT,
  CONSTRAINT `tankhah_factorhistory_factor_id_5bd16d12_fk_tankhah_factor_id` FOREIGN KEY (`factor_id`) REFERENCES `tankhah_factor` (`id`) ON DELETE RESTRICT ON UPDATE RESTRICT
) ENGINE=InnoDB AUTO_INCREMENT=1908 DEFAULT CHARSET=utf8mb4 COLLATE=utf8mb4_0900_ai_ci ROW_FORMAT=DYNAMIC;

INSERT INTO tankhah_factorhistory (id, change_type, change_timestamp, old_data, new_data, description, changed_by_id, factor_id) VALUES (1897, 'CREATION', 2025-08-09 13:41:32.896171, NULL, NULL, '   FAC-TNKH-14040518-HSarein-HSAR-Flor3-001-14040518-HSarein-0001  snejate  .', 3, 66);
INSERT INTO tankhah_factorhistory (id, change_type, change_timestamp, old_data, new_data, description, changed_by_id, factor_id) VALUES (1898, 'CREATION', 2025-08-10 12:58:46.471795, NULL, NULL, '   FAC-TNKH-14040518-HSarein-HSAR-Flor3-001-14040519-HSarein-0001  admin  .', 2, 67);
INSERT INTO tankhah_factorhistory (id, change_type, change_timestamp, old_data, new_data, description, changed_by_id, factor_id) VALUES (1899, 'CREATION', 2025-08-27 16:07:27.996225, NULL, NULL, '   FAC-TNKH-14040518-HSarein-HSAR-Flor3-001-14040605-HSarein-0001  snejate  .', 3, 68);
INSERT INTO tankhah_factorhistory (id, change_type, change_timestamp, old_data, new_data, description, changed_by_id, factor_id) VALUES (1900, 'CREATION', 2025-08-27 16:08:00.498414, NULL, NULL, '   FAC-TNKH-14040518-HSarein-HSAR-Flor3-001-14040604-HSarein-0001  snejate  .', 3, 69);
INSERT INTO tankhah_factorhistory (id, change_type, change_timestamp, old_data, new_data, description, changed_by_id, factor_id) VALUES (1901, 'CREATION', 2025-08-27 16:31:14.835692, NULL, NULL, '   FAC-TNKH-14040518-HSarein-HSAR-Flor3-001-14040606-HSarein-0001  snejate  .', 3, 70);
INSERT INTO tankhah_factorhistory (id, change_type, change_timestamp, old_data, new_data, description, changed_by_id, factor_id) VALUES (1902, 'CREATION', 2025-09-01 11:18:04.034134, NULL, NULL, '   FAC-TNKH-14040601-HSarein-HSAR-Flor3-001-14040610-HSarein-0001  snejate  .', 3, 71);
INSERT INTO tankhah_factorhistory (id, change_type, change_timestamp, old_data, new_data, description, changed_by_id, factor_id) VALUES (1903, 'CREATION', 2025-09-08 15:24:44.246674, NULL, NULL, '   FAC-TNKH-14040601-HSarein-HSAR-Flor3-001-14040617-HSarein-0001  snejate  .', 3, 72);
INSERT INTO tankhah_factorhistory (id, change_type, change_timestamp, old_data, new_data, description, changed_by_id, factor_id) VALUES (1904, 'CREATION', 2025-09-10 22:23:31.113633, NULL, NULL, '   FAC-TNKH-14040601-HSarein-HSAR-Flor3-001-14040620-HSarein-0001  snejate  .', 3, 73);
INSERT INTO tankhah_factorhistory (id, change_type, change_timestamp, old_data, new_data, description, changed_by_id, factor_id) VALUES (1905, 'CREATION', 2025-09-13 05:11:15.187245, NULL, NULL, '   FAC-TNKH-14040518-HSarein-HSAR-Flor3-001-14040622-HSarein-0001  snejate  .', 3, 74);
INSERT INTO tankhah_factorhistory (id, change_type, change_timestamp, old_data, new_data, description, changed_by_id, factor_id) VALUES (1906, 'CREATION', 2025-09-13 05:17:43.485026, NULL, NULL, '   FAC-TNKH-14040518-HSarein-HSAR-Flor3-001-14040622-HSarein-0002  snejate  .', 3, 75);
INSERT INTO tankhah_factorhistory (id, change_type, change_timestamp, old_data, new_data, description, changed_by_id, factor_id) VALUES (1907, 'CREATION', 2025-09-13 07:43:34.542289, NULL, NULL, '   FAC-TNKH-14040601-HSarein-HSAR-Flor3-001-14040622-HSarein-0003  snejate  .', 3, 76);

-- Table: tankhah_factoritem
CREATE TABLE `tankhah_factoritem` (
  `id` bigint NOT NULL AUTO_INCREMENT,
  `description` varchar(255) CHARACTER SET utf8mb4 COLLATE utf8mb4_0900_ai_ci NOT NULL,
  `amount` decimal(25,2) NOT NULL,
  `status_id` bigint DEFAULT NULL,
  `quantity` decimal(25,2) NOT NULL,
  `unit_price` decimal(25,1) NOT NULL,
  `factor_id` bigint NOT NULL,
  `min_stage_order` int NOT NULL,
  `created_at` datetime DEFAULT NULL,
  `updated_at` datetime DEFAULT NULL,
  `is_locked` tinyint(1) NOT NULL,
  PRIMARY KEY (`id`) USING BTREE,
  KEY `tankhah_factoritem_factor_id_2bb74929_fk_tankhah_factor_id` (`factor_id`) USING BTREE,
  CONSTRAINT `tankhah_factoritem_factor_id_2bb74929_fk_tankhah_factor_id` FOREIGN KEY (`factor_id`) REFERENCES `tankhah_factor` (`id`) ON DELETE RESTRICT ON UPDATE RESTRICT
) ENGINE=InnoDB AUTO_INCREMENT=90 DEFAULT CHARSET=utf8mb4 COLLATE=utf8mb4_0900_ai_ci ROW_FORMAT=DYNAMIC;

INSERT INTO tankhah_factoritem (id, description, amount, status_id, quantity, unit_price, factor_id, min_stage_order, created_at, updated_at, is_locked) VALUES (77, '', 25000.00, 1, 1.00, 25000.0, 66, 1, 2025-08-09 13:41:33, 2025-08-09 13:41:33, 0);
INSERT INTO tankhah_factoritem (id, description, amount, status_id, quantity, unit_price, factor_id, min_stage_order, created_at, updated_at, is_locked) VALUES (78, 'fdgdfg', 50000.00, 1, 1.00, 50000.0, 67, 1, 2025-08-10 12:58:46, 2025-08-10 12:58:46, 0);
INSERT INTO tankhah_factoritem (id, description, amount, status_id, quantity, unit_price, factor_id, min_stage_order, created_at, updated_at, is_locked) VALUES (79, '5000', 5000.00, 1, 1.00, 5000.0, 68, 1, 2025-08-27 16:07:28, 2025-08-27 16:07:28, 0);
INSERT INTO tankhah_factoritem (id, description, amount, status_id, quantity, unit_price, factor_id, min_stage_order, created_at, updated_at, is_locked) VALUES (80, '1200', 1200.00, 1, 1.00, 1200.0, 69, 1, 2025-08-27 16:08:00, 2025-08-27 16:08:00, 0);
INSERT INTO tankhah_factoritem (id, description, amount, status_id, quantity, unit_price, factor_id, min_stage_order, created_at, updated_at, is_locked) VALUES (81, '1220', 120.00, 1, 1.00, 120.0, 70, 1, 2025-08-27 16:31:15, 2025-08-27 16:31:15, 0);
INSERT INTO tankhah_factoritem (id, description, amount, status_id, quantity, unit_price, factor_id, min_stage_order, created_at, updated_at, is_locked) VALUES (82, ' 1 215000', 215000.00, 1, 1.00, 215000.0, 71, 1, 2025-09-01 11:18:04, 2025-09-01 11:18:04, 0);
INSERT INTO tankhah_factoritem (id, description, amount, status_id, quantity, unit_price, factor_id, min_stage_order, created_at, updated_at, is_locked) VALUES (83, '54500', 54500.00, 1, 1.00, 54500.0, 72, 1, 2025-09-08 15:24:44, 2025-09-08 15:24:44, 0);
INSERT INTO tankhah_factoritem (id, description, amount, status_id, quantity, unit_price, factor_id, min_stage_order, created_at, updated_at, is_locked) VALUES (84, '750', 750.00, 1, 1.00, 750.0, 73, 1, 2025-09-10 22:23:31, 2025-09-10 22:23:31, 0);
INSERT INTO tankhah_factoritem (id, description, amount, status_id, quantity, unit_price, factor_id, min_stage_order, created_at, updated_at, is_locked) VALUES (85, '150', 150.00, 1, 1.00, 150.0, 73, 1, 2025-09-10 22:23:31, 2025-09-10 22:23:31, 0);
INSERT INTO tankhah_factoritem (id, description, amount, status_id, quantity, unit_price, factor_id, min_stage_order, created_at, updated_at, is_locked) VALUES (86, '100', 50.00, 1, 1.00, 50.0, 73, 1, 2025-09-10 22:23:31, 2025-09-10 22:23:31, 0);
INSERT INTO tankhah_factoritem (id, description, amount, status_id, quantity, unit_price, factor_id, min_stage_order, created_at, updated_at, is_locked) VALUES (87, '753400', 753400.00, 1, 1.00, 753400.0, 74, 1, 2025-09-13 05:11:15, 2025-09-13 05:11:15, 0);
INSERT INTO tankhah_factoritem (id, description, amount, status_id, quantity, unit_price, factor_id, min_stage_order, created_at, updated_at, is_locked) VALUES (88, '400', 400.00, 1, 1.00, 400.0, 75, 1, 2025-09-13 05:17:43, 2025-09-13 05:17:43, 0);
INSERT INTO tankhah_factoritem (id, description, amount, status_id, quantity, unit_price, factor_id, min_stage_order, created_at, updated_at, is_locked) VALUES (89, '215000', 215000.00, 1, 1.00, 215000.0, 76, 1, 2025-09-13 07:43:35, 2025-09-13 07:43:35, 0);

-- Table: tankhah_itemcategory
CREATE TABLE `tankhah_itemcategory` (
  `id` bigint NOT NULL AUTO_INCREMENT,
  `name` varchar(100) CHARACTER SET utf8mb4 COLLATE utf8mb4_0900_ai_ci NOT NULL,
  `min_stage_order` int NOT NULL,
  `description` longtext CHARACTER SET utf8mb4 COLLATE utf8mb4_0900_ai_ci NOT NULL,
  PRIMARY KEY (`id`) USING BTREE
) ENGINE=InnoDB AUTO_INCREMENT=6 DEFAULT CHARSET=utf8mb4 COLLATE=utf8mb4_0900_ai_ci ROW_FORMAT=DYNAMIC;

INSERT INTO tankhah_itemcategory (id, name, min_stage_order, description) VALUES (1, ' ', 1, '');
INSERT INTO tankhah_itemcategory (id, name, min_stage_order, description) VALUES (2, '', 2, '');
INSERT INTO tankhah_itemcategory (id, name, min_stage_order, description) VALUES (3, '', 2, '');
INSERT INTO tankhah_itemcategory (id, name, min_stage_order, description) VALUES (4, '', 1, '');
INSERT INTO tankhah_itemcategory (id, name, min_stage_order, description) VALUES (5, '', 0, '');

-- Table: tankhah_stageapprover
CREATE TABLE `tankhah_stageapprover` (
  `id` bigint NOT NULL AUTO_INCREMENT,
  `is_active` tinyint(1) NOT NULL,
  `post_id` bigint NOT NULL,
  `stage_id` bigint NOT NULL,
  `entity_type` varchar(50) NOT NULL,
  `action` varchar(255) DEFAULT NULL,
  PRIMARY KEY (`id`) USING BTREE,
  UNIQUE KEY `tankhah_stageapprover_stage_id_post_id_entity_type_a0e5a424_uniq` (`stage_id`,`post_id`,`entity_type`) USING BTREE,
  KEY `tankhah_stageapprover_post_id_1d6b0b80` (`post_id`) USING BTREE,
  CONSTRAINT `tankhah_stageapprover_post_id_1d6b0b80_fk_core_post_id` FOREIGN KEY (`post_id`) REFERENCES `core_post` (`id`) ON DELETE RESTRICT ON UPDATE RESTRICT
) ENGINE=InnoDB AUTO_INCREMENT=5 DEFAULT CHARSET=utf8mb4 COLLATE=utf8mb4_0900_ai_ci ROW_FORMAT=DYNAMIC;

INSERT INTO tankhah_stageapprover (id, is_active, post_id, stage_id, entity_type, action) VALUES (3, 1, 5, 5, 'FACTOR', 'APPROVE');
INSERT INTO tankhah_stageapprover (id, is_active, post_id, stage_id, entity_type, action) VALUES (4, 1, 4, 6, 'FACTOR', 'APPROVE');

-- Table: tankhah_tankhactiontype
CREATE TABLE `tankhah_tankhactiontype` (
  `id` bigint NOT NULL AUTO_INCREMENT,
  `action_type` varchar(25) CHARACTER SET utf8mb4 COLLATE utf8mb4_0900_ai_ci NOT NULL,
  `code` varchar(50) NOT NULL,
  `description` longtext NOT NULL,
  `name` varchar(100) NOT NULL,
  PRIMARY KEY (`id`) USING BTREE,
  UNIQUE KEY `code` (`code`)
) ENGINE=InnoDB AUTO_INCREMENT=4 DEFAULT CHARSET=utf8mb4 COLLATE=utf8mb4_0900_ai_ci ROW_FORMAT=DYNAMIC;

INSERT INTO tankhah_tankhactiontype (id, action_type, code, description, name) VALUES (1, '', 'ISSUE_PAYMENT_ORDER', '    ', '  ');
INSERT INTO tankhah_tankhactiontype (id, action_type, code, description, name) VALUES (2, '', 'APPROVE_FACTOR', '   ', ' ');
INSERT INTO tankhah_tankhactiontype (id, action_type, code, description, name) VALUES (3, '', 'REJECT_FACTOR', '   ', ' ');

-- Table: tankhah_tankhah
CREATE TABLE `tankhah_tankhah` (
  `id` bigint NOT NULL AUTO_INCREMENT,
  `number` varchar(150) CHARACTER SET utf8mb4 COLLATE utf8mb4_0900_ai_ci NOT NULL,
  `amount` decimal(25,2) NOT NULL,
  `date` datetime(6) NOT NULL,
  `due_date` datetime(6) DEFAULT NULL,
  `created_at` datetime(6) NOT NULL,
  `letter_number` varchar(50) CHARACTER SET utf8mb4 COLLATE utf8mb4_0900_ai_ci DEFAULT NULL,
  `description` longtext CHARACTER SET utf8mb4 COLLATE utf8mb4_0900_ai_ci NOT NULL,
  `status_id` bigint NOT NULL,
  `is_archived` tinyint(1) NOT NULL,
  `payment_number` varchar(50) CHARACTER SET utf8mb4 COLLATE utf8mb4_0900_ai_ci DEFAULT NULL,
  `is_locked` tinyint(1) NOT NULL,
  `archived_at` datetime(6) DEFAULT NULL,
  `canceled` tinyint(1) NOT NULL,
  `created_by_id` bigint DEFAULT NULL,
  `last_stopped_post_id` bigint DEFAULT NULL,
  `organization_id` bigint NOT NULL,
  `project_id` bigint DEFAULT NULL,
  `subproject_id` bigint DEFAULT NULL,
  `remaining_budget` decimal(25,2) NOT NULL,
  `budget_allocation_id` bigint DEFAULT NULL,
  `is_emergency` tinyint(1) NOT NULL,
  `request_date` date NOT NULL,
  `project_budget_allocation_id` bigint DEFAULT NULL,
  `payment_ceiling` decimal(10,0) DEFAULT NULL,
  `is_payment_ceiling_enabled` tinyint(1) DEFAULT '0',
  `current_stage_id` bigint DEFAULT NULL,
  PRIMARY KEY (`id`) USING BTREE,
  UNIQUE KEY `number` (`number`) USING BTREE,
  KEY `tankhah_tan_number_dd4c50_idx` (`number`,`date`,`status_id`,`organization_id`) USING BTREE,
  KEY `tankhah_tankhah_created_by_id_b29865c0_fk_accounts_customuser_id` (`created_by_id`) USING BTREE,
  KEY `tankhah_tankhah_last_stopped_post_id_7592e558_fk_core_post_id` (`last_stopped_post_id`) USING BTREE,
  KEY `tankhah_tankhah_organization_id_01642aa9_fk_core_organization_id` (`organization_id`) USING BTREE,
  KEY `tankhah_tankhah_project_id_54b0b7e7_fk_core_project_id` (`project_id`) USING BTREE,
  KEY `tankhah_tankhah_subproject_id_d314449d_fk_core_subproject_id` (`subproject_id`) USING BTREE,
  KEY `tankhah_tankhah_budget_allocation_id_25455474_fk_budgets_b` (`budget_allocation_id`) USING BTREE,
  KEY `tankhah_tankhah_project_budget_alloc_5eeaa99b_fk_budgets_p` (`project_budget_allocation_id`) USING BTREE,
  KEY `tankhah_tankhah_current_stage_id_e5890193_fk_core_status_id` (`current_stage_id`),
  CONSTRAINT `tankhah_tankhah_budget_allocation_id_25455474_fk_budgets_b` FOREIGN KEY (`budget_allocation_id`) REFERENCES `budgets_budgetallocation` (`id`) ON DELETE RESTRICT ON UPDATE RESTRICT,
  CONSTRAINT `tankhah_tankhah_created_by_id_b29865c0_fk_accounts_customuser_id` FOREIGN KEY (`created_by_id`) REFERENCES `accounts_customuser` (`id`) ON DELETE RESTRICT ON UPDATE RESTRICT,
  CONSTRAINT `tankhah_tankhah_current_stage_id_e5890193_fk_core_status_id` FOREIGN KEY (`current_stage_id`) REFERENCES `core_status` (`id`),
  CONSTRAINT `tankhah_tankhah_last_stopped_post_id_7592e558_fk_core_post_id` FOREIGN KEY (`last_stopped_post_id`) REFERENCES `core_post` (`id`) ON DELETE RESTRICT ON UPDATE RESTRICT,
  CONSTRAINT `tankhah_tankhah_organization_id_01642aa9_fk_core_organization_id` FOREIGN KEY (`organization_id`) REFERENCES `core_organization` (`id`) ON DELETE RESTRICT ON UPDATE RESTRICT,
  CONSTRAINT `tankhah_tankhah_project_id_54b0b7e7_fk_core_project_id` FOREIGN KEY (`project_id`) REFERENCES `core_project` (`id`) ON DELETE RESTRICT ON UPDATE RESTRICT,
  CONSTRAINT `tankhah_tankhah_subproject_id_d314449d_fk_core_subproject_id` FOREIGN KEY (`subproject_id`) REFERENCES `core_subproject` (`id`) ON DELETE RESTRICT ON UPDATE RESTRICT
) ENGINE=InnoDB AUTO_INCREMENT=16 DEFAULT CHARSET=utf8mb4 COLLATE=utf8mb4_0900_ai_ci ROW_FORMAT=DYNAMIC;

INSERT INTO tankhah_tankhah (id, number, amount, date, due_date, created_at, letter_number, description, status_id, is_archived, payment_number, is_locked, archived_at, canceled, created_by_id, last_stopped_post_id, organization_id, project_id, subproject_id, remaining_budget, budget_allocation_id, is_emergency, request_date, project_budget_allocation_id, payment_ceiling, is_payment_ceiling_enabled, current_stage_id) VALUES (14, 'TNKH-14040518-HSarein-HSAR-Flor3-001', 785000.00, 2025-08-01 20:30:00, 2025-10-02 20:30:00, 2025-08-09 12:56:35.850277, NULL, '', 1, 0, NULL, 0, NULL, 0, 2, NULL, 1, 8, NULL, 425000000.00, NULL, 0, 2025-08-09, 85, NULL, 0, NULL);
INSERT INTO tankhah_tankhah (id, number, amount, date, due_date, created_at, letter_number, description, status_id, is_archived, payment_number, is_locked, archived_at, canceled, created_by_id, last_stopped_post_id, organization_id, project_id, subproject_id, remaining_budget, budget_allocation_id, is_emergency, request_date, project_budget_allocation_id, payment_ceiling, is_payment_ceiling_enabled, current_stage_id) VALUES (15, 'TNKH-14040601-HSarein-HSAR-Flor3-001', 674215000.00, 2025-08-22 20:30:00, 2026-03-18 20:30:00, 2025-09-01 11:17:08.302849, '1011111', '     ', 1, 0, NULL, 0, NULL, 0, 2, NULL, 1, 8, NULL, 3575785000.00, NULL, 0, 2025-09-01, 83, NULL, 0, NULL);

-- Table: tankhah_tankhah_approved_by
CREATE TABLE `tankhah_tankhah_approved_by` (
  `id` int NOT NULL AUTO_INCREMENT,
  `tankhah_id` bigint NOT NULL,
  `customuser_id` bigint NOT NULL,
  PRIMARY KEY (`id`) USING BTREE,
  UNIQUE KEY `tankhah_tankhah_approved_tankhah_id_customuser_id_46225e0c_uniq` (`tankhah_id`,`customuser_id`) USING BTREE,
  KEY `tankhah_tankhah_appr_customuser_id_8ddccd3b_fk_accounts_` (`customuser_id`) USING BTREE,
  CONSTRAINT `tankhah_tankhah_appr_customuser_id_8ddccd3b_fk_accounts_` FOREIGN KEY (`customuser_id`) REFERENCES `accounts_customuser` (`id`) ON DELETE RESTRICT ON UPDATE RESTRICT,
  CONSTRAINT `tankhah_tankhah_appr_tankhah_id_1877bab9_fk_tankhah_t` FOREIGN KEY (`tankhah_id`) REFERENCES `tankhah_tankhah` (`id`) ON DELETE RESTRICT ON UPDATE RESTRICT
) ENGINE=InnoDB DEFAULT CHARSET=utf8mb4 COLLATE=utf8mb4_0900_ai_ci ROW_FORMAT=DYNAMIC;


-- Table: tankhah_tankhahaction
CREATE TABLE `tankhah_tankhahaction` (
  `id` bigint NOT NULL AUTO_INCREMENT,
  `tankhah_id` bigint NOT NULL,
  `amount` decimal(25,2) DEFAULT NULL,
  `stage_id` bigint NOT NULL,
  `post_id` bigint DEFAULT NULL,
  `user_id` bigint DEFAULT NULL,
  `created_at` datetime NOT NULL DEFAULT CURRENT_TIMESTAMP,
  `description` text COLLATE utf8mb4_unicode_ci,
  `reference_number` varchar(50) COLLATE utf8mb4_unicode_ci DEFAULT '',
  `action_type_id` bigint DEFAULT NULL,
  `is_active` tinyint(1) NOT NULL,
  PRIMARY KEY (`id`),
  KEY `tankhah_action_tankhah_fk` (`tankhah_id`),
  KEY `tankhah_action_stage_fk` (`stage_id`),
  KEY `tankhah_action_post_fk` (`post_id`),
  KEY `tankhah_action_user_fk` (`user_id`),
  KEY `tankhah_action_actiontype_fk` (`action_type_id`),
  CONSTRAINT `tankhah_action_actiontype_fk` FOREIGN KEY (`action_type_id`) REFERENCES `budgets_transactiontype` (`id`) ON DELETE SET NULL,
  CONSTRAINT `tankhah_action_post_fk` FOREIGN KEY (`post_id`) REFERENCES `core_post` (`id`) ON DELETE SET NULL,
  CONSTRAINT `tankhah_action_stage_fk` FOREIGN KEY (`stage_id`) REFERENCES `core_workflowstage` (`id`) ON DELETE RESTRICT,
  CONSTRAINT `tankhah_action_tankhah_fk` FOREIGN KEY (`tankhah_id`) REFERENCES `tankhah_tankhah` (`id`) ON DELETE CASCADE,
  CONSTRAINT `tankhah_action_user_fk` FOREIGN KEY (`user_id`) REFERENCES `accounts_customuser` (`id`) ON DELETE SET NULL
) ENGINE=InnoDB DEFAULT CHARSET=utf8mb4 COLLATE=utf8mb4_unicode_ci;


-- Table: tankhah_tankhahdocument
CREATE TABLE `tankhah_tankhahdocument` (
  `id` bigint NOT NULL AUTO_INCREMENT,
  `document` varchar(100) CHARACTER SET utf8mb4 COLLATE utf8mb4_0900_ai_ci NOT NULL,
  `uploaded_at` datetime(6) NOT NULL,
  `file_size` int DEFAULT NULL,
  `tankhah_id` bigint NOT NULL,
  PRIMARY KEY (`id`) USING BTREE,
  KEY `tankhah_tankhahdocum_tankhah_id_a34f34d7_fk_tankhah_t` (`tankhah_id`) USING BTREE,
  CONSTRAINT `tankhah_tankhahdocum_tankhah_id_a34f34d7_fk_tankhah_t` FOREIGN KEY (`tankhah_id`) REFERENCES `tankhah_tankhah` (`id`) ON DELETE RESTRICT ON UPDATE RESTRICT
) ENGINE=InnoDB DEFAULT CHARSET=utf8mb4 COLLATE=utf8mb4_0900_ai_ci ROW_FORMAT=DYNAMIC;


-- Table: tankhah_tankhahfinalapproval
CREATE TABLE `tankhah_tankhahfinalapproval` (
  `id` bigint NOT NULL AUTO_INCREMENT,
  PRIMARY KEY (`id`) USING BTREE
) ENGINE=InnoDB DEFAULT CHARSET=utf8mb4 COLLATE=utf8mb4_0900_ai_ci ROW_FORMAT=DYNAMIC;

